[20Apr2026 18:09:38.181] [main/INFO] [cpw.mods.modlauncher.Launcher/MODLAUNCHER]: ModLauncher running: args [--username, vyrriox, --version, neoforge-21.1.221, --gameDir, C:\Users\Jimmy\curseforge\minecraft\Instances\Arcadia V2, --assetsDir, C:\Users\Jimmy\curseforge\minecraft\Install\assets, --assetIndex, 17, --uuid, 95d0db8651d34a41b3e0038b45dc8336, --accessToken, ❄❄❄❄❄❄❄❄, --clientId, d420a6-c058b5-4ff532-36ea69-42b9f8, --xuid, 2535418615198022, --userType, msa, --versionType, release, --width, 300, --height, 300, --quickPlayPath, C:\Users\Jimmy\curseforge\minecraft\Quickplay\6fea3149-f53f-4a5d-9b7b-21ad8a40c81b.json, --fml.neoForgeVersion, 21.1.221, --fml.fmlVersion, 4.0.42, --fml.mcVersion, 1.21.1, --fml.neoFormVersion, 20240808.144430, --launchTarget, forgeclient]
[20Apr2026 18:09:38.187] [main/INFO] [cpw.mods.modlauncher.Launcher/MODLAUNCHER]: JVM identified as Eclipse Adoptium OpenJDK 64-Bit Server VM 21.0.8+9-LTS
[20Apr2026 18:09:38.189] [main/INFO] [cpw.mods.modlauncher.Launcher/MODLAUNCHER]: ModLauncher 11.0.5+main.901c6ea8 starting: java version 21.0.8 by Eclipse Adoptium; OS Windows 11 arch amd64 version 10.0
[20Apr2026 18:09:40.872] [main/INFO] [me.decce.ixeris.core.transform.ClassLoaderHandler/]: Loading Ixeris coremod
[20Apr2026 18:09:40.949] [main/INFO] [me.decce.ixeris.neoforge.core.IxerisBootstrapper/]: Attempting to transform org.lwjgl.glfw.GLFW
[20Apr2026 18:09:41.459] [main/INFO] [me.decce.ixeris.core.transform.TransformationHelper/]: Successfully transformed class org.lwjgl.glfw.GLFW in 487ms
[20Apr2026 18:09:41.984] [main/INFO] [net.neoforged.fml.loading.ImmediateWindowHandler/]: Loading ImmediateWindowProvider fmlearlywindow
[20Apr2026 18:09:42.349] [main/INFO] [EARLYDISPLAY/]: Trying GL version 4.6
[20Apr2026 18:09:42.616] [main/INFO] [EARLYDISPLAY/]: Requested GL version 4.6 got version 4.6
[20Apr2026 18:09:42.845] [main/INFO] [mixin/]: SpongePowered MIXIN Subsystem Version=0.8.7 Source=union:/C:/Users/Jimmy/curseforge/minecraft/Install/libraries/net/fabricmc/sponge-mixin/0.15.2+mixin.0.8.7/sponge-mixin-0.15.2+mixin.0.8.7.jar%23121!/ Service=ModLauncher Env=CLIENT
[20Apr2026 18:09:43.098] [pool-2-thread-1/INFO] [EARLYDISPLAY/]: GL info: NVIDIA GeForce RTX 4060 Ti/PCIe/SSE2 GL version 4.6.0 NVIDIA 596.21, NVIDIA Corporation
[20Apr2026 18:09:43.539] [main/INFO] [net.neoforged.fml.loading.moddiscovery.ModDiscoverer/SCAN]: Found mod file "client-1.21.1-20240808.144430-srg.jar" [locator: production client provider +net.neoforged:neoforge:21.1.221:client]
[20Apr2026 18:09:43.594] [main/INFO] [net.neoforged.fml.loading.moddiscovery.ModDiscoverer/SCAN]: Found mod file "neoforge-21.1.221-universal.jar" [locator: PathBasedLocator[name=neoforge, paths=[C:\Users\Jimmy\curseforge\minecraft\Install\libraries\net\neoforged\neoforge\21.1.221\neoforge-21.1.221-universal.jar]], reader: mod manifest]
[20Apr2026 18:09:43.623] [main/INFO] [net.neoforged.fml.loading.moddiscovery.ModDiscoverer/SCAN]: Found mod file "3d_placeable_food-2.4.0-neoforge-1.21.1.jar" [locator: {mods folder locator at C:\Users\Jimmy\curseforge\minecraft\Instances\Arcadia V2\mods}, reader: mod manifest]
[20Apr2026 18:09:43.655] [main/INFO] [net.neoforged.fml.loading.moddiscovery.ModDiscoverer/SCAN]: Found mod file "[1.21.1] SecurityCraft v1.10.1.jar" [locator: {mods folder locator at C:\Users\Jimmy\curseforge\minecraft\Instances\Arcadia V2\mods}, reader: mod manifest]
[20Apr2026 18:09:43.666] [main/INFO] [net.neoforged.fml.loading.moddiscovery.ModDiscoverer/SCAN]: Found mod file "accessories-neoforge-1.1.0-beta.53+1.21.1.jar" [locator: {mods folder locator at C:\Users\Jimmy\curseforge\minecraft\Instances\Arcadia V2\mods}, reader: mod manifest]
[20Apr2026 18:09:43.676] [main/INFO] [net.neoforged.fml.loading.moddiscovery.ModDiscoverer/SCAN]: Found mod file "addonslib-neoforge-1.21.1-1.10.jar" [locator: {mods folder locator at C:\Users\Jimmy\curseforge\minecraft\Instances\Arcadia V2\mods}, reader: mod manifest]
[20Apr2026 18:09:43.686] [main/INFO] [net.neoforged.fml.loading.moddiscovery.ModDiscoverer/SCAN]: Found mod file "advancednetherite-neoforge-2.3.1-1.21.1.jar" [locator: {mods folder locator at C:\Users\Jimmy\curseforge\minecraft\Instances\Arcadia V2\mods}, reader: mod manifest]
[20Apr2026 18:09:43.699] [main/INFO] [net.neoforged.fml.loading.moddiscovery.ModDiscoverer/SCAN]: Found mod file "AdvancedPeripherals-1.21.1-0.7.61b.jar" [locator: {mods folder locator at C:\Users\Jimmy\curseforge\minecraft\Instances\Arcadia V2\mods}, reader: mod manifest]
[20Apr2026 18:09:43.706] [main/INFO] [net.neoforged.fml.loading.moddiscovery.ModDiscoverer/SCAN]: Found mod file "AdvancementPlaques-1.21.1-neoforge-1.6.8.jar" [locator: {mods folder locator at C:\Users\Jimmy\curseforge\minecraft\Instances\Arcadia V2\mods}, reader: mod manifest]
[20Apr2026 18:09:43.719] [main/INFO] [net.neoforged.fml.loading.moddiscovery.ModDiscoverer/SCAN]: Found mod file "aether-1.21.1-1.5.10-neoforge.jar" [locator: {mods folder locator at C:\Users\Jimmy\curseforge\minecraft\Instances\Arcadia V2\mods}, reader: mod manifest]
[20Apr2026 18:09:43.729] [main/INFO] [net.neoforged.fml.loading.moddiscovery.ModDiscoverer/SCAN]: Found mod file "AetherVillages-1.21.1-1.0.8-neoforge.jar" [locator: {mods folder locator at C:\Users\Jimmy\curseforge\minecraft\Instances\Arcadia V2\mods}, reader: mod manifest]
[20Apr2026 18:09:43.737] [main/INFO] [net.neoforged.fml.loading.moddiscovery.ModDiscoverer/SCAN]: Found mod file "AI-Improvements-1.21-0.5.3.jar" [locator: {mods folder locator at C:\Users\Jimmy\curseforge\minecraft\Instances\Arcadia V2\mods}, reader: mod manifest]
[20Apr2026 18:09:43.747] [main/INFO] [net.neoforged.fml.loading.moddiscovery.ModDiscoverer/SCAN]: Found mod file "alltheleaks-1.1.7+1.21.1-neoforge.jar" [locator: {mods folder locator at C:\Users\Jimmy\curseforge\minecraft\Instances\Arcadia V2\mods}, reader: mod manifest]
[20Apr2026 18:09:43.759] [main/INFO] [net.neoforged.fml.loading.moddiscovery.ModDiscoverer/SCAN]: Found mod file "Almanac-1.21.1-2-neoforge-1.5.2.jar" [locator: {mods folder locator at C:\Users\Jimmy\curseforge\minecraft\Instances\Arcadia V2\mods}, reader: mod manifest]
[20Apr2026 18:09:43.767] [main/INFO] [net.neoforged.fml.loading.moddiscovery.ModDiscoverer/SCAN]: Found mod file "AmbientSounds_NEOFORGE_v6.3.4_mc1.21.1.jar" [locator: {mods folder locator at C:\Users\Jimmy\curseforge\minecraft\Instances\Arcadia V2\mods}, reader: mod manifest]
[20Apr2026 18:09:43.775] [main/INFO] [net.neoforged.fml.loading.moddiscovery.ModDiscoverer/SCAN]: Found mod file "amendments-1.21-2.0.15-neoforge.jar" [locator: {mods folder locator at C:\Users\Jimmy\curseforge\minecraft\Instances\Arcadia V2\mods}, reader: mod manifest]
[20Apr2026 18:09:43.784] [main/INFO] [net.neoforged.fml.loading.moddiscovery.ModDiscoverer/SCAN]: Found mod file "animalgarden-alligatorgar-1.0.0-neoforge-1.21.1-21.1.215.jar" [locator: {mods folder locator at C:\Users\Jimmy\curseforge\minecraft\Instances\Arcadia V2\mods}, reader: mod manifest]
[20Apr2026 18:09:43.791] [main/INFO] [net.neoforged.fml.loading.moddiscovery.ModDiscoverer/SCAN]: Found mod file "animalgarden-bullshark-1.1.0-neoforge-1.21.1-21.1.210.jar" [locator: {mods folder locator at C:\Users\Jimmy\curseforge\minecraft\Instances\Arcadia V2\mods}, reader: mod manifest]
[20Apr2026 18:09:43.799] [main/INFO] [net.neoforged.fml.loading.moddiscovery.ModDiscoverer/SCAN]: Found mod file "animalgarden-commonraven-1.0.0-neoforge-1.21.1-21.1.213.jar" [locator: {mods folder locator at C:\Users\Jimmy\curseforge\minecraft\Instances\Arcadia V2\mods}, reader: mod manifest]
[20Apr2026 18:09:43.808] [main/INFO] [net.neoforged.fml.loading.moddiscovery.ModDiscoverer/SCAN]: Found mod file "animalgarden-fennecfox-1.0.1-neoforge-1.21.1-21.1.215.jar" [locator: {mods folder locator at C:\Users\Jimmy\curseforge\minecraft\Instances\Arcadia V2\mods}, reader: mod manifest]
[20Apr2026 18:09:43.815] [main/INFO] [net.neoforged.fml.loading.moddiscovery.ModDiscoverer/SCAN]: Found mod file "animalgarden-manatee-1.0.0-neoforge-1.21.1-21.1.209.jar" [locator: {mods folder locator at C:\Users\Jimmy\curseforge\minecraft\Instances\Arcadia V2\mods}, reader: mod manifest]
[20Apr2026 18:09:43.823] [main/INFO] [net.neoforged.fml.loading.moddiscovery.ModDiscoverer/SCAN]: Found mod file "animalgarden-meerkat-1.0.4-neoforge-1.21.1-21.1.213.jar" [locator: {mods folder locator at C:\Users\Jimmy\curseforge\minecraft\Instances\Arcadia V2\mods}, reader: mod manifest]
[20Apr2026 18:09:43.830] [main/INFO] [net.neoforged.fml.loading.moddiscovery.ModDiscoverer/SCAN]: Found mod file "animalgarden-mouse-1.0.3-neoforge-1.21.1-21.1.213.jar" [locator: {mods folder locator at C:\Users\Jimmy\curseforge\minecraft\Instances\Arcadia V2\mods}, reader: mod manifest]
[20Apr2026 18:09:43.838] [main/INFO] [net.neoforged.fml.loading.moddiscovery.ModDiscoverer/SCAN]: Found mod file "animalgarden-owl-1.2.2-neoforge-1.21.1-21.1.206.jar" [locator: {mods folder locator at C:\Users\Jimmy\curseforge\minecraft\Instances\Arcadia V2\mods}, reader: mod manifest]
[20Apr2026 18:09:43.845] [main/INFO] [net.neoforged.fml.loading.moddiscovery.ModDiscoverer/SCAN]: Found mod file "animalgarden-prairiedog-1.0.1-neoforge-1.21.1-21.1.217.jar" [locator: {mods folder locator at C:\Users\Jimmy\curseforge\minecraft\Instances\Arcadia V2\mods}, reader: mod manifest]
[20Apr2026 18:09:43.855] [main/INFO] [net.neoforged.fml.loading.moddiscovery.ModDiscoverer/SCAN]: Found mod file "animalgarden-redpanda-1.1.1-neoforge-1.21.1-21.1.213.jar" [locator: {mods folder locator at C:\Users\Jimmy\curseforge\minecraft\Instances\Arcadia V2\mods}, reader: mod manifest]
[20Apr2026 18:09:43.861] [main/INFO] [net.neoforged.fml.loading.moddiscovery.ModDiscoverer/SCAN]: Found mod file "animalgarden-seaotter-1.1.0-neoforge-1.21.1-21.1.213.jar" [locator: {mods folder locator at C:\Users\Jimmy\curseforge\minecraft\Instances\Arcadia V2\mods}, reader: mod manifest]
[20Apr2026 18:09:43.868] [main/INFO] [net.neoforged.fml.loading.moddiscovery.ModDiscoverer/SCAN]: Found mod file "animalgarden-spottedhyena-1.0.0-neoforge-1.21.1-21.1.211.jar" [locator: {mods folder locator at C:\Users\Jimmy\curseforge\minecraft\Instances\Arcadia V2\mods}, reader: mod manifest]
[20Apr2026 18:09:43.879] [main/INFO] [net.neoforged.fml.loading.moddiscovery.ModDiscoverer/SCAN]: Found mod file "animalgarden-sugargilder-1.0.0-neoforge-1.21.1-21.1.214.jar" [locator: {mods folder locator at C:\Users\Jimmy\curseforge\minecraft\Instances\Arcadia V2\mods}, reader: mod manifest]
[20Apr2026 18:09:43.885] [main/INFO] [net.neoforged.fml.loading.moddiscovery.ModDiscoverer/SCAN]: Found mod file "animalgarden-westerngorilla-1.0.0-neoforge-1.21.1-21.1.216.jar" [locator: {mods folder locator at C:\Users\Jimmy\curseforge\minecraft\Instances\Arcadia V2\mods}, reader: mod manifest]
[20Apr2026 18:09:43.893] [main/INFO] [net.neoforged.fml.loading.moddiscovery.ModDiscoverer/SCAN]: Found mod file "animalgarden-whiterhinoceros-1.0.0-neoforge-1.21.1-21.1.213.jar" [locator: {mods folder locator at C:\Users\Jimmy\curseforge\minecraft\Instances\Arcadia V2\mods}, reader: mod manifest]
[20Apr2026 18:09:43.900] [main/INFO] [net.neoforged.fml.loading.moddiscovery.ModDiscoverer/SCAN]: Found mod file "animalgarden_porcupine-1.0.2-neoforge-1.21.1-21.1.213.jar" [locator: {mods folder locator at C:\Users\Jimmy\curseforge\minecraft\Instances\Arcadia V2\mods}, reader: mod manifest]
[20Apr2026 18:09:43.910] [main/INFO] [net.neoforged.fml.loading.moddiscovery.ModDiscoverer/SCAN]: Found mod file "another_furniture-neoforge-4.0.2.jar" [locator: {mods folder locator at C:\Users\Jimmy\curseforge\minecraft\Instances\Arcadia V2\mods}, reader: mod manifest]
[20Apr2026 18:09:43.918] [main/INFO] [net.neoforged.fml.loading.moddiscovery.ModDiscoverer/SCAN]: Found mod file "anvianslib-neoforge-1.21-1.4.2.jar" [locator: {mods folder locator at C:\Users\Jimmy\curseforge\minecraft\Instances\Arcadia V2\mods}, reader: mod manifest]
[20Apr2026 18:09:43.926] [main/INFO] [net.neoforged.fml.loading.moddiscovery.ModDiscoverer/SCAN]: Found mod file "anvilcore-10.1 Release-neoforge-1.21.1.jar" [locator: {mods folder locator at C:\Users\Jimmy\curseforge\minecraft\Instances\Arcadia V2\mods}, reader: mod manifest]
[20Apr2026 18:09:43.934] [main/INFO] [net.neoforged.fml.loading.moddiscovery.ModDiscoverer/SCAN]: Found mod file "Apotheosis-1.21.1-8.5.2.jar" [locator: {mods folder locator at C:\Users\Jimmy\curseforge\minecraft\Instances\Arcadia V2\mods}, reader: mod manifest]
[20Apr2026 18:09:43.941] [main/INFO] [net.neoforged.fml.loading.moddiscovery.ModDiscoverer/SCAN]: Found mod file "apothic_sups_enchanting-0.1.0-neoforge-1.21.1.jar" [locator: {mods folder locator at C:\Users\Jimmy\curseforge\minecraft\Instances\Arcadia V2\mods}, reader: mod manifest]
[20Apr2026 18:09:43.948] [main/INFO] [net.neoforged.fml.loading.moddiscovery.ModDiscoverer/SCAN]: Found mod file "ApothicAttributes-1.21.1-2.9.1.jar" [locator: {mods folder locator at C:\Users\Jimmy\curseforge\minecraft\Instances\Arcadia V2\mods}, reader: mod manifest]
[20Apr2026 18:09:43.956] [main/INFO] [net.neoforged.fml.loading.moddiscovery.ModDiscoverer/SCAN]: Found mod file "ApothicEnchanting-1.21.1-1.5.2.jar" [locator: {mods folder locator at C:\Users\Jimmy\curseforge\minecraft\Instances\Arcadia V2\mods}, reader: mod manifest]
[20Apr2026 18:09:43.963] [main/INFO] [net.neoforged.fml.loading.moddiscovery.ModDiscoverer/SCAN]: Found mod file "ApothicSpawners-1.21.1-1.3.4.jar" [locator: {mods folder locator at C:\Users\Jimmy\curseforge\minecraft\Instances\Arcadia V2\mods}, reader: mod manifest]
[20Apr2026 18:09:43.970] [main/INFO] [net.neoforged.fml.loading.moddiscovery.ModDiscoverer/SCAN]: Found mod file "appleskin-neoforge-mc1.21-3.0.9.jar" [locator: {mods folder locator at C:\Users\Jimmy\curseforge\minecraft\Instances\Arcadia V2\mods}, reader: mod manifest]
[20Apr2026 18:09:43.977] [main/INFO] [net.neoforged.fml.loading.moddiscovery.ModDiscoverer/SCAN]: Found mod file "Aquaculture-1.21.1-2.7.19.jar" [locator: {mods folder locator at C:\Users\Jimmy\curseforge\minecraft\Instances\Arcadia V2\mods}, reader: mod manifest]
[20Apr2026 18:09:43.983] [main/INFO] [net.neoforged.fml.loading.moddiscovery.ModDiscoverer/SCAN]: Found mod file "aquaculturedelight-1.2.0-neoforge-1.21.1.jar" [locator: {mods folder locator at C:\Users\Jimmy\curseforge\minecraft\Instances\Arcadia V2\mods}, reader: mod manifest]
[20Apr2026 18:09:43.989] [main/INFO] [net.neoforged.fml.loading.moddiscovery.ModDiscoverer/SCAN]: Found mod file "aquariuslibs-1.0.1-neoforge-1.21.1-21.1.217.jar" [locator: {mods folder locator at C:\Users\Jimmy\curseforge\minecraft\Instances\Arcadia V2\mods}, reader: mod manifest]
[20Apr2026 18:09:43.997] [main/INFO] [net.neoforged.fml.loading.moddiscovery.ModDiscoverer/SCAN]: Found mod file "arcadia-admin-panel-1.2.0.jar" [locator: {mods folder locator at C:\Users\Jimmy\curseforge\minecraft\Instances\Arcadia V2\mods}, reader: mod manifest]
[20Apr2026 18:09:44.004] [main/INFO] [net.neoforged.fml.loading.moddiscovery.ModDiscoverer/SCAN]: Found mod file "arcadia-ah-1.2.0.jar" [locator: {mods folder locator at C:\Users\Jimmy\curseforge\minecraft\Instances\Arcadia V2\mods}, reader: mod manifest]
[20Apr2026 18:09:44.013] [main/INFO] [net.neoforged.fml.loading.moddiscovery.ModDiscoverer/SCAN]: Found mod file "arcadia-lib-1.2.0.jar" [locator: {mods folder locator at C:\Users\Jimmy\curseforge\minecraft\Instances\Arcadia V2\mods}, reader: mod manifest]
[20Apr2026 18:09:44.020] [main/INFO] [net.neoforged.fml.loading.moddiscovery.ModDiscoverer/SCAN]: Found mod file "arcadia-patch-create-1.4.0.jar" [locator: {mods folder locator at C:\Users\Jimmy\curseforge\minecraft\Instances\Arcadia V2\mods}, reader: mod manifest]
[20Apr2026 18:09:44.027] [main/INFO] [net.neoforged.fml.loading.moddiscovery.ModDiscoverer/SCAN]: Found mod file "arcadia-pets-1.2.0.jar" [locator: {mods folder locator at C:\Users\Jimmy\curseforge\minecraft\Instances\Arcadia V2\mods}, reader: mod manifest]
[20Apr2026 18:09:44.040] [main/INFO] [net.neoforged.fml.loading.moddiscovery.ModDiscoverer/SCAN]: Found mod file "arcadia-prestige-1.2.0.jar" [locator: {mods folder locator at C:\Users\Jimmy\curseforge\minecraft\Instances\Arcadia V2\mods}, reader: mod manifest]
[20Apr2026 18:09:44.049] [main/INFO] [net.neoforged.fml.loading.moddiscovery.ModDiscoverer/SCAN]: Found mod file "arcadia_spawn-1.5.0.jar" [locator: {mods folder locator at C:\Users\Jimmy\curseforge\minecraft\Instances\Arcadia V2\mods}, reader: mod manifest]
[20Apr2026 18:09:44.057] [main/INFO] [net.neoforged.fml.loading.moddiscovery.ModDiscoverer/SCAN]: Found mod file "ArcadiaLootbox-1.2.0.jar" [locator: {mods folder locator at C:\Users\Jimmy\curseforge\minecraft\Instances\Arcadia V2\mods}, reader: mod manifest]
[20Apr2026 18:09:44.066] [main/INFO] [net.neoforged.fml.loading.moddiscovery.ModDiscoverer/SCAN]: Found mod file "architectury-13.0.8-neoforge.jar" [locator: {mods folder locator at C:\Users\Jimmy\curseforge\minecraft\Instances\Arcadia V2\mods}, reader: mod manifest]
[20Apr2026 18:09:44.073] [main/INFO] [net.neoforged.fml.loading.moddiscovery.ModDiscoverer/SCAN]: Found mod file "ars_additions-1.21.1-21.3.0.jar" [locator: {mods folder locator at C:\Users\Jimmy\curseforge\minecraft\Instances\Arcadia V2\mods}, reader: mod manifest]
[20Apr2026 18:09:44.081] [main/INFO] [net.neoforged.fml.loading.moddiscovery.ModDiscoverer/SCAN]: Found mod file "ars_creo-1.21.1-5.2.0.jar" [locator: {mods folder locator at C:\Users\Jimmy\curseforge\minecraft\Instances\Arcadia V2\mods}, reader: mod manifest]
[20Apr2026 18:09:44.090] [main/INFO] [net.neoforged.fml.loading.moddiscovery.ModDiscoverer/SCAN]: Found mod file "ars_nouveau-1.21.1-5.11.3.jar" [locator: {mods folder locator at C:\Users\Jimmy\curseforge\minecraft\Instances\Arcadia V2\mods}, reader: mod manifest]
[20Apr2026 18:09:44.097] [main/INFO] [net.neoforged.fml.loading.moddiscovery.ModDiscoverer/SCAN]: Found mod file "ars_ocultas-1.21.1-2.4.0.jar" [locator: {mods folder locator at C:\Users\Jimmy\curseforge\minecraft\Instances\Arcadia V2\mods}, reader: mod manifest]
[20Apr2026 18:09:44.105] [main/INFO] [net.neoforged.fml.loading.moddiscovery.ModDiscoverer/SCAN]: Found mod file "ars_technica-1.21.1-2.7.6.jar" [locator: {mods folder locator at C:\Users\Jimmy\curseforge\minecraft\Instances\Arcadia V2\mods}, reader: mod manifest]
[20Apr2026 18:09:44.113] [main/INFO] [net.neoforged.fml.loading.moddiscovery.ModDiscoverer/SCAN]: Found mod file "arsdelight-2.1.9.jar" [locator: {mods folder locator at C:\Users\Jimmy\curseforge\minecraft\Instances\Arcadia V2\mods}, reader: mod manifest]
[20Apr2026 18:09:44.120] [main/INFO] [net.neoforged.fml.loading.moddiscovery.ModDiscoverer/SCAN]: Found mod file "artifacts-neoforge-13.2.1.jar" [locator: {mods folder locator at C:\Users\Jimmy\curseforge\minecraft\Instances\Arcadia V2\mods}, reader: mod manifest]
[20Apr2026 18:09:44.128] [main/INFO] [net.neoforged.fml.loading.moddiscovery.ModDiscoverer/SCAN]: Found mod file "athena-neoforge-1.21-4.0.2.jar" [locator: {mods folder locator at C:\Users\Jimmy\curseforge\minecraft\Instances\Arcadia V2\mods}, reader: mod manifest]
[20Apr2026 18:09:44.134] [main/INFO] [net.neoforged.fml.loading.moddiscovery.ModDiscoverer/SCAN]: Found mod file "attributefix-neoforge-1.21.1-21.1.3.jar" [locator: {mods folder locator at C:\Users\Jimmy\curseforge\minecraft\Instances\Arcadia V2\mods}, reader: mod manifest]
[20Apr2026 18:09:44.139] [main/INFO] [net.neoforged.fml.loading.moddiscovery.ModDiscoverer/SCAN]: Found mod file "baguettelib-1.21.1-NeoForge-2.0.3.jar" [locator: {mods folder locator at C:\Users\Jimmy\curseforge\minecraft\Instances\Arcadia V2\mods}, reader: mod manifest]
[20Apr2026 18:09:44.147] [main/INFO] [net.neoforged.fml.loading.moddiscovery.ModDiscoverer/SCAN]: Found mod file "balm-neoforge-1.21.1-21.0.56.jar" [locator: {mods folder locator at C:\Users\Jimmy\curseforge\minecraft\Instances\Arcadia V2\mods}, reader: mod manifest]
[20Apr2026 18:09:44.154] [main/INFO] [net.neoforged.fml.loading.moddiscovery.ModDiscoverer/SCAN]: Found mod file "barbequesdelight-1.2.2.jar" [locator: {mods folder locator at C:\Users\Jimmy\curseforge\minecraft\Instances\Arcadia V2\mods}, reader: mod manifest]
[20Apr2026 18:09:44.161] [main/INFO] [net.neoforged.fml.loading.moddiscovery.ModDiscoverer/SCAN]: Found mod file "bellsandwhistles-0.4.7-1.21.1.jar" [locator: {mods folder locator at C:\Users\Jimmy\curseforge\minecraft\Instances\Arcadia V2\mods}, reader: mod manifest]
[20Apr2026 18:09:44.166] [main/INFO] [net.neoforged.fml.loading.moddiscovery.ModDiscoverer/SCAN]: Found mod file "better_lib-neoforge-1.21.1-1.0.109.jar" [locator: {mods folder locator at C:\Users\Jimmy\curseforge\minecraft\Instances\Arcadia V2\mods}, reader: mod manifest]
[20Apr2026 18:09:44.175] [main/INFO] [net.neoforged.fml.loading.moddiscovery.ModDiscoverer/SCAN]: Found mod file "betterarcheology-neoforge-1.21.1-1.3.4.jar" [locator: {mods folder locator at C:\Users\Jimmy\curseforge\minecraft\Instances\Arcadia V2\mods}, reader: mod manifest]
[20Apr2026 18:09:44.181] [main/INFO] [net.neoforged.fml.loading.moddiscovery.ModDiscoverer/SCAN]: Found mod file "bettercombat-neoforge-2.3.2+1.21.1.jar" [locator: {mods folder locator at C:\Users\Jimmy\curseforge\minecraft\Instances\Arcadia V2\mods}, reader: mod manifest]
[20Apr2026 18:09:44.189] [main/INFO] [net.neoforged.fml.loading.moddiscovery.ModDiscoverer/SCAN]: Found mod file "BetterCopper-neoforge-1.21-1.3.jar" [locator: {mods folder locator at C:\Users\Jimmy\curseforge\minecraft\Instances\Arcadia V2\mods}, reader: mod manifest]
[20Apr2026 18:09:44.197] [main/INFO] [net.neoforged.fml.loading.moddiscovery.ModDiscoverer/SCAN]: Found mod file "BetterF3-11.0.3-NeoForge-1.21.1.jar" [locator: {mods folder locator at C:\Users\Jimmy\curseforge\minecraft\Instances\Arcadia V2\mods}, reader: mod manifest]
[20Apr2026 18:09:44.207] [main/INFO] [net.neoforged.fml.loading.moddiscovery.ModDiscoverer/SCAN]: Found mod file "betterfpsdist-1.21-6.0.jar" [locator: {mods folder locator at C:\Users\Jimmy\curseforge\minecraft\Instances\Arcadia V2\mods}, reader: mod manifest]
[20Apr2026 18:09:44.215] [main/INFO] [net.neoforged.fml.loading.moddiscovery.ModDiscoverer/SCAN]: Found mod file "BetterThirdPerson-neoforge-1.9.0.jar" [locator: {mods folder locator at C:\Users\Jimmy\curseforge\minecraft\Instances\Arcadia V2\mods}, reader: mod manifest]
[20Apr2026 18:09:44.223] [main/INFO] [net.neoforged.fml.loading.moddiscovery.ModDiscoverer/SCAN]: Found mod file "BiomesOPlenty-neoforge-1.21.1-21.1.0.13.jar" [locator: {mods folder locator at C:\Users\Jimmy\curseforge\minecraft\Instances\Arcadia V2\mods}, reader: mod manifest]
[20Apr2026 18:09:44.230] [main/INFO] [net.neoforged.fml.loading.moddiscovery.ModDiscoverer/SCAN]: Found mod file "bookshelf-neoforge-1.21.1-21.1.81.jar" [locator: {mods folder locator at C:\Users\Jimmy\curseforge\minecraft\Instances\Arcadia V2\mods}, reader: mod manifest]
[20Apr2026 18:09:44.237] [main/INFO] [net.neoforged.fml.loading.moddiscovery.ModDiscoverer/SCAN]: Found mod file "botanypots-neoforge-1.21.1-21.1.41.jar" [locator: {mods folder locator at C:\Users\Jimmy\curseforge\minecraft\Instances\Arcadia V2\mods}, reader: mod manifest]
[20Apr2026 18:09:44.245] [main/INFO] [net.neoforged.fml.loading.moddiscovery.ModDiscoverer/SCAN]: Found mod file "botanytrees-neoforge-1.21.1-21.1.3.jar" [locator: {mods folder locator at C:\Users\Jimmy\curseforge\minecraft\Instances\Arcadia V2\mods}, reader: mod manifest]
[20Apr2026 18:09:44.252] [main/INFO] [net.neoforged.fml.loading.moddiscovery.ModDiscoverer/SCAN]: Found mod file "buildinggadgets2-1.3.9.jar" [locator: {mods folder locator at C:\Users\Jimmy\curseforge\minecraft\Instances\Arcadia V2\mods}, reader: mod manifest]
[20Apr2026 18:09:44.259] [main/INFO] [net.neoforged.fml.loading.moddiscovery.ModDiscoverer/SCAN]: Found mod file "burgermod-neoforge-2.10.3-1.21.1.jar" [locator: {mods folder locator at C:\Users\Jimmy\curseforge\minecraft\Instances\Arcadia V2\mods}, reader: mod manifest]
[20Apr2026 18:09:44.266] [main/INFO] [net.neoforged.fml.loading.moddiscovery.ModDiscoverer/SCAN]: Found mod file "cable_facades-1.21.1-NeoForge-2.0.0.jar" [locator: {mods folder locator at C:\Users\Jimmy\curseforge\minecraft\Instances\Arcadia V2\mods}, reader: mod manifest]
[20Apr2026 18:09:44.273] [main/INFO] [net.neoforged.fml.loading.moddiscovery.ModDiscoverer/SCAN]: Found mod file "caelus-neoforge-7.0.1+1.21.1.jar" [locator: {mods folder locator at C:\Users\Jimmy\curseforge\minecraft\Instances\Arcadia V2\mods}, reader: mod manifest]
[20Apr2026 18:09:44.280] [main/INFO] [net.neoforged.fml.loading.moddiscovery.ModDiscoverer/SCAN]: Found mod file "carpetscore-neoforge-1.21.1-1.0.10.jar" [locator: {mods folder locator at C:\Users\Jimmy\curseforge\minecraft\Instances\Arcadia V2\mods}, reader: mod manifest]
[20Apr2026 18:09:44.290] [main/INFO] [net.neoforged.fml.loading.moddiscovery.ModDiscoverer/SCAN]: Found mod file "carryon-neoforge-1.21.1-2.2.4.4.jar" [locator: {mods folder locator at C:\Users\Jimmy\curseforge\minecraft\Instances\Arcadia V2\mods}, reader: mod manifest]
[20Apr2026 18:09:44.299] [main/INFO] [net.neoforged.fml.loading.moddiscovery.ModDiscoverer/SCAN]: Found mod file "cc-tweaked-1.21.1-forge-1.117.1.jar" [locator: {mods folder locator at C:\Users\Jimmy\curseforge\minecraft\Instances\Arcadia V2\mods}, reader: mod manifest]
[20Apr2026 18:09:44.308] [main/INFO] [net.neoforged.fml.loading.moddiscovery.ModDiscoverer/SCAN]: Found mod file "charginggadgets-1.14.1.jar" [locator: {mods folder locator at C:\Users\Jimmy\curseforge\minecraft\Instances\Arcadia V2\mods}, reader: mod manifest]
[20Apr2026 18:09:44.316] [main/INFO] [net.neoforged.fml.loading.moddiscovery.ModDiscoverer/SCAN]: Found mod file "charmofundying-neoforge-9.1.0+1.21.1.jar" [locator: {mods folder locator at C:\Users\Jimmy\curseforge\minecraft\Instances\Arcadia V2\mods}, reader: mod manifest]
[20Apr2026 18:09:44.327] [main/INFO] [net.neoforged.fml.loading.moddiscovery.ModDiscoverer/SCAN]: Found mod file "chat_heads-0.15.1-neoforge-1.21.jar" [locator: {mods folder locator at C:\Users\Jimmy\curseforge\minecraft\Instances\Arcadia V2\mods}, reader: mod manifest]
[20Apr2026 18:09:44.337] [main/INFO] [net.neoforged.fml.loading.moddiscovery.ModDiscoverer/SCAN]: Found mod file "chefsdelight-1.0.5-neoforge-1.21.1.jar" [locator: {mods folder locator at C:\Users\Jimmy\curseforge\minecraft\Instances\Arcadia V2\mods}, reader: mod manifest]
[20Apr2026 18:09:44.359] [main/INFO] [net.neoforged.fml.loading.moddiscovery.ModDiscoverer/SCAN]: Found mod file "chipped-neoforge-1.21.1-4.0.2.jar" [locator: {mods folder locator at C:\Users\Jimmy\curseforge\minecraft\Instances\Arcadia V2\mods}, reader: mod manifest]
[20Apr2026 18:09:44.368] [main/INFO] [net.neoforged.fml.loading.moddiscovery.ModDiscoverer/SCAN]: Found mod file "chunkactivitytracker-neoforge-1.0.1-1.21.1.jar" [locator: {mods folder locator at C:\Users\Jimmy\curseforge\minecraft\Instances\Arcadia V2\mods}, reader: mod manifest]
[20Apr2026 18:09:44.377] [main/INFO] [net.neoforged.fml.loading.moddiscovery.ModDiscoverer/SCAN]: Found mod file "Chunky-NeoForge-1.4.23.jar" [locator: {mods folder locator at C:\Users\Jimmy\curseforge\minecraft\Instances\Arcadia V2\mods}, reader: mod manifest]
[20Apr2026 18:09:44.387] [main/INFO] [net.neoforged.fml.loading.moddiscovery.ModDiscoverer/SCAN]: Found mod file "cleanswing-1.9.jar" [locator: {mods folder locator at C:\Users\Jimmy\curseforge\minecraft\Instances\Arcadia V2\mods}, reader: mod manifest]
[20Apr2026 18:09:44.399] [main/INFO] [net.neoforged.fml.loading.moddiscovery.ModDiscoverer/SCAN]: Found mod file "clientcrafting-1.21-2.1.jar" [locator: {mods folder locator at C:\Users\Jimmy\curseforge\minecraft\Instances\Arcadia V2\mods}, reader: mod manifest]
[20Apr2026 18:09:44.411] [main/INFO] [net.neoforged.fml.loading.moddiscovery.ModDiscoverer/SCAN]: Found mod file "cloth-config-15.0.140-neoforge.jar" [locator: {mods folder locator at C:\Users\Jimmy\curseforge\minecraft\Instances\Arcadia V2\mods}, reader: mod manifest]
[20Apr2026 18:09:44.420] [main/INFO] [net.neoforged.fml.loading.moddiscovery.ModDiscoverer/SCAN]: Found mod file "Clumps-neoforge-1.21.1-19.0.0.1.jar" [locator: {mods folder locator at C:\Users\Jimmy\curseforge\minecraft\Instances\Arcadia V2\mods}, reader: mod manifest]
[20Apr2026 18:09:44.432] [main/INFO] [net.neoforged.fml.loading.moddiscovery.ModDiscoverer/SCAN]: Found mod file "collective-1.21.1-8.20.jar" [locator: {mods folder locator at C:\Users\Jimmy\curseforge\minecraft\Instances\Arcadia V2\mods}, reader: mod manifest]
[20Apr2026 18:09:44.440] [main/INFO] [net.neoforged.fml.loading.moddiscovery.ModDiscoverer/SCAN]: Found mod file "colorfulhearts-neoforge-1.21.1-10.5.9.jar" [locator: {mods folder locator at C:\Users\Jimmy\curseforge\minecraft\Instances\Arcadia V2\mods}, reader: mod manifest]
[20Apr2026 18:09:44.451] [main/INFO] [net.neoforged.fml.loading.moddiscovery.ModDiscoverer/SCAN]: Found mod file "colorwheel-neoforge-1.2.3+mc1.21.1.jar" [locator: {mods folder locator at C:\Users\Jimmy\curseforge\minecraft\Instances\Arcadia V2\mods}, reader: mod manifest]
[20Apr2026 18:09:44.461] [main/INFO] [net.neoforged.fml.loading.moddiscovery.ModDiscoverer/SCAN]: Found mod file "colorwheel_patcher-neoforge-1.0.5+mc1.21.1.jar" [locator: {mods folder locator at C:\Users\Jimmy\curseforge\minecraft\Instances\Arcadia V2\mods}, reader: mod manifest]
[20Apr2026 18:09:44.469] [main/INFO] [net.neoforged.fml.loading.moddiscovery.ModDiscoverer/SCAN]: Found mod file "comforts-neoforge-9.0.5+1.21.1.jar" [locator: {mods folder locator at C:\Users\Jimmy\curseforge\minecraft\Instances\Arcadia V2\mods}, reader: mod manifest]
[20Apr2026 18:09:44.481] [main/INFO] [net.neoforged.fml.loading.moddiscovery.ModDiscoverer/SCAN]: Found mod file "connectedglass-1.1.14-neoforge-mc1.21.jar" [locator: {mods folder locator at C:\Users\Jimmy\curseforge\minecraft\Instances\Arcadia V2\mods}, reader: mod manifest]
[20Apr2026 18:09:44.489] [main/INFO] [net.neoforged.fml.loading.moddiscovery.ModDiscoverer/SCAN]: Found mod file "connectivity-1.21.1-7.6.jar" [locator: {mods folder locator at C:\Users\Jimmy\curseforge\minecraft\Instances\Arcadia V2\mods}, reader: mod manifest]
[20Apr2026 18:09:44.499] [main/INFO] [net.neoforged.fml.loading.moddiscovery.ModDiscoverer/SCAN]: Found mod file "construction_blocks-b1.2-neoforge-1.21.1.jar" [locator: {mods folder locator at C:\Users\Jimmy\curseforge\minecraft\Instances\Arcadia V2\mods}, reader: mod manifest]
[20Apr2026 18:09:44.510] [main/INFO] [net.neoforged.fml.loading.moddiscovery.ModDiscoverer/SCAN]: Found mod file "Controlling-neoforge-1.21.1-19.0.5.jar" [locator: {mods folder locator at C:\Users\Jimmy\curseforge\minecraft\Instances\Arcadia V2\mods}, reader: mod manifest]
[20Apr2026 18:09:44.519] [main/INFO] [net.neoforged.fml.loading.moddiscovery.ModDiscoverer/SCAN]: Found mod file "copperdeco-1.21.1-1.0.1.jar" [locator: {mods folder locator at C:\Users\Jimmy\curseforge\minecraft\Instances\Arcadia V2\mods}, reader: mod manifest]
[20Apr2026 18:09:44.527] [main/INFO] [net.neoforged.fml.loading.moddiscovery.ModDiscoverer/SCAN]: Found mod file "copycats-3.0.4+mc.1.21.1-neoforge.jar" [locator: {mods folder locator at C:\Users\Jimmy\curseforge\minecraft\Instances\Arcadia V2\mods}, reader: mod manifest]
[20Apr2026 18:09:44.535] [main/INFO] [net.neoforged.fml.loading.moddiscovery.ModDiscoverer/SCAN]: Found mod file "corn_delight-1.1.8-1.21.1.jar" [locator: {mods folder locator at C:\Users\Jimmy\curseforge\minecraft\Instances\Arcadia V2\mods}, reader: mod manifest]
[20Apr2026 18:09:44.545] [main/INFO] [net.neoforged.fml.loading.moddiscovery.ModDiscoverer/SCAN]: Found mod file "coroutil-neoforge-1.21.0-1.3.9.jar" [locator: {mods folder locator at C:\Users\Jimmy\curseforge\minecraft\Instances\Arcadia V2\mods}, reader: mod manifest]
[20Apr2026 18:09:44.555] [main/INFO] [net.neoforged.fml.loading.moddiscovery.ModDiscoverer/SCAN]: Found mod file "corpse-neoforge-1.21.1-1.1.13.jar" [locator: {mods folder locator at C:\Users\Jimmy\curseforge\minecraft\Instances\Arcadia V2\mods}, reader: mod manifest]
[20Apr2026 18:09:44.563] [main/INFO] [net.neoforged.fml.loading.moddiscovery.ModDiscoverer/SCAN]: Found mod file "corpsecurioscompat-1.21.1-NeoForge-3.1.3.jar" [locator: {mods folder locator at C:\Users\Jimmy\curseforge\minecraft\Instances\Arcadia V2\mods}, reader: mod manifest]
[20Apr2026 18:09:44.575] [main/INFO] [net.neoforged.fml.loading.moddiscovery.ModDiscoverer/SCAN]: Found mod file "cosmeticarmorreworked-1.21.1-v1-neoforge.jar" [locator: {mods folder locator at C:\Users\Jimmy\curseforge\minecraft\Instances\Arcadia V2\mods}, reader: mod manifest]
[20Apr2026 18:09:44.587] [main/INFO] [net.neoforged.fml.loading.moddiscovery.ModDiscoverer/SCAN]: Found mod file "CosmeticArmours - 1.5.3.1 - 1.21.1 - NeoForge.jar" [locator: {mods folder locator at C:\Users\Jimmy\curseforge\minecraft\Instances\Arcadia V2\mods}, reader: mod manifest]
[20Apr2026 18:09:44.597] [main/INFO] [net.neoforged.fml.loading.moddiscovery.ModDiscoverer/SCAN]: Found mod file "cosmeticcorpsecompat-1.21.1-NeoForge--1.0.0.jar" [locator: {mods folder locator at C:\Users\Jimmy\curseforge\minecraft\Instances\Arcadia V2\mods}, reader: mod manifest]
[20Apr2026 18:09:44.607] [main/INFO] [net.neoforged.fml.loading.moddiscovery.ModDiscoverer/SCAN]: Found mod file "CosmeticWeapons - 1.1.0.1 - 1.21.1 - NeoForge.jar" [locator: {mods folder locator at C:\Users\Jimmy\curseforge\minecraft\Instances\Arcadia V2\mods}, reader: mod manifest]
[20Apr2026 18:09:44.617] [main/INFO] [net.neoforged.fml.loading.moddiscovery.ModDiscoverer/SCAN]: Found mod file "crabbersdelight-1.21.1-1.2.5.jar" [locator: {mods folder locator at C:\Users\Jimmy\curseforge\minecraft\Instances\Arcadia V2\mods}, reader: mod manifest]
[20Apr2026 18:09:44.625] [main/INFO] [net.neoforged.fml.loading.moddiscovery.ModDiscoverer/SCAN]: Found mod file "CraftPresence-2.7.1+1.21.1-neoforge.jar" [locator: {mods folder locator at C:\Users\Jimmy\curseforge\minecraft\Instances\Arcadia V2\mods}, reader: mod manifest]
[20Apr2026 18:09:44.633] [main/INFO] [net.neoforged.fml.loading.moddiscovery.ModDiscoverer/SCAN]: Found mod file "cratedelight-25.09.22-1.21-neoforge.jar" [locator: {mods folder locator at C:\Users\Jimmy\curseforge\minecraft\Instances\Arcadia V2\mods}, reader: mod manifest]
[20Apr2026 18:09:44.644] [main/INFO] [net.neoforged.fml.loading.moddiscovery.ModDiscoverer/SCAN]: Found mod file "Create Encased-1.21.1-1.8-ht2.jar" [locator: {mods folder locator at C:\Users\Jimmy\curseforge\minecraft\Instances\Arcadia V2\mods}, reader: mod manifest]
[20Apr2026 18:09:44.655] [main/INFO] [net.neoforged.fml.loading.moddiscovery.ModDiscoverer/SCAN]: Found mod file "create-1.21.1-6.0.9.jar" [locator: {mods folder locator at C:\Users\Jimmy\curseforge\minecraft\Instances\Arcadia V2\mods}, reader: mod manifest]
[20Apr2026 18:09:44.666] [main/INFO] [net.neoforged.fml.loading.moddiscovery.ModDiscoverer/SCAN]: Found mod file "create-central-kitchen-2.3.0.jar" [locator: {mods folder locator at C:\Users\Jimmy\curseforge\minecraft\Instances\Arcadia V2\mods}, reader: mod manifest]
[20Apr2026 18:09:44.673] [main/INFO] [net.neoforged.fml.loading.moddiscovery.ModDiscoverer/SCAN]: Found mod file "create-confectionery1.21.1_v1.1.2.jar" [locator: {mods folder locator at C:\Users\Jimmy\curseforge\minecraft\Instances\Arcadia V2\mods}, reader: mod manifest]
[20Apr2026 18:09:44.683] [main/INFO] [net.neoforged.fml.loading.moddiscovery.ModDiscoverer/SCAN]: Found mod file "create-enchantment-industry-2.3.0.jar" [locator: {mods folder locator at C:\Users\Jimmy\curseforge\minecraft\Instances\Arcadia V2\mods}, reader: mod manifest]
[20Apr2026 18:09:44.691] [main/INFO] [net.neoforged.fml.loading.moddiscovery.ModDiscoverer/SCAN]: Found mod file "create-integrated-farming-1.2.1.jar" [locator: {mods folder locator at C:\Users\Jimmy\curseforge\minecraft\Instances\Arcadia V2\mods}, reader: mod manifest]
[20Apr2026 18:09:44.699] [main/INFO] [net.neoforged.fml.loading.moddiscovery.ModDiscoverer/SCAN]: Found mod file "create-stuff-additions1.21.1_v2.1.0e.jar" [locator: {mods folder locator at C:\Users\Jimmy\curseforge\minecraft\Instances\Arcadia V2\mods}, reader: mod manifest]
[20Apr2026 18:09:44.709] [main/INFO] [net.neoforged.fml.loading.moddiscovery.ModDiscoverer/SCAN]: Found mod file "create_aquatic_ambitions-1.21.1-2.0.2.jar" [locator: {mods folder locator at C:\Users\Jimmy\curseforge\minecraft\Instances\Arcadia V2\mods}, reader: mod manifest]
[20Apr2026 18:09:44.718] [main/INFO] [net.neoforged.fml.loading.moddiscovery.ModDiscoverer/SCAN]: Found mod file "create_connected-1.1.13-mc1.21.1.jar" [locator: {mods folder locator at C:\Users\Jimmy\curseforge\minecraft\Instances\Arcadia V2\mods}, reader: mod manifest]
[20Apr2026 18:09:44.727] [main/INFO] [net.neoforged.fml.loading.moddiscovery.ModDiscoverer/SCAN]: Found mod file "create_copper_and_zinc-2.0.0-neoforge-1.21.1.jar" [locator: {mods folder locator at C:\Users\Jimmy\curseforge\minecraft\Instances\Arcadia V2\mods}, reader: mod manifest]
[20Apr2026 18:09:44.733] [main/INFO] [net.neoforged.fml.loading.moddiscovery.ModDiscoverer/SCAN]: Found mod file "create_cuisine-1.0.0-mc1.21.1-neoforge.jar" [locator: {mods folder locator at C:\Users\Jimmy\curseforge\minecraft\Instances\Arcadia V2\mods}, reader: mod manifest]
[20Apr2026 18:09:44.739] [main/INFO] [net.neoforged.fml.loading.moddiscovery.ModDiscoverer/SCAN]: Found mod file "create_easy_structures-0.2a-neoforge-1.21.1.jar" [locator: {mods folder locator at C:\Users\Jimmy\curseforge\minecraft\Instances\Arcadia V2\mods}, reader: mod manifest]
[20Apr2026 18:09:44.749] [main/INFO] [net.neoforged.fml.loading.moddiscovery.ModDiscoverer/SCAN]: Found mod file "create_hypertube-0.4.0-NEOFORGE.jar" [locator: {mods folder locator at C:\Users\Jimmy\curseforge\minecraft\Instances\Arcadia V2\mods}, reader: mod manifest]
[20Apr2026 18:09:44.756] [main/INFO] [net.neoforged.fml.loading.moddiscovery.ModDiscoverer/SCAN]: Found mod file "create_jetpack-forge-5.1.2.jar" [locator: {mods folder locator at C:\Users\Jimmy\curseforge\minecraft\Instances\Arcadia V2\mods}, reader: mod manifest]
[20Apr2026 18:09:44.763] [main/INFO] [net.neoforged.fml.loading.moddiscovery.ModDiscoverer/SCAN]: Found mod file "create_ltab-3.8.7.jar" [locator: {mods folder locator at C:\Users\Jimmy\curseforge\minecraft\Instances\Arcadia V2\mods}, reader: mod manifest]
[20Apr2026 18:09:44.768] [main/INFO] [net.neoforged.fml.loading.moddiscovery.ModDiscoverer/SCAN]: Found mod file "create_mechanical_extruder-1.21.1-2.2.0-6.0.8.jar" [locator: {mods folder locator at C:\Users\Jimmy\curseforge\minecraft\Instances\Arcadia V2\mods}, reader: mod manifest]
[20Apr2026 18:09:44.776] [main/INFO] [net.neoforged.fml.loading.moddiscovery.ModDiscoverer/SCAN]: Found mod file "create_oxidized-0.1.3.jar" [locator: {mods folder locator at C:\Users\Jimmy\curseforge\minecraft\Instances\Arcadia V2\mods}, reader: mod manifest]
[20Apr2026 18:09:44.786] [main/INFO] [net.neoforged.fml.loading.moddiscovery.ModDiscoverer/SCAN]: Found mod file "create_structures_arise-174.47.46 Release-neoforge-1.21.1.jar" [locator: {mods folder locator at C:\Users\Jimmy\curseforge\minecraft\Instances\Arcadia V2\mods}, reader: mod manifest]
[20Apr2026 18:09:44.795] [main/INFO] [net.neoforged.fml.loading.moddiscovery.ModDiscoverer/SCAN]: Found mod file "create_things_and_misc-4.1.0-neoforge-1.21.1.jar" [locator: {mods folder locator at C:\Users\Jimmy\curseforge\minecraft\Instances\Arcadia V2\mods}, reader: mod manifest]
[20Apr2026 18:09:44.805] [main/INFO] [net.neoforged.fml.loading.moddiscovery.ModDiscoverer/SCAN]: Found mod file "create_ultimate_factory-2.2.3-neoforge-1.21.1.jar" [locator: {mods folder locator at C:\Users\Jimmy\curseforge\minecraft\Instances\Arcadia V2\mods}, reader: mod manifest]
[20Apr2026 18:09:44.815] [main/INFO] [net.neoforged.fml.loading.moddiscovery.ModDiscoverer/SCAN]: Found mod file "create_waystones_recipes-3.0.1.jar" [locator: {mods folder locator at C:\Users\Jimmy\curseforge\minecraft\Instances\Arcadia V2\mods}, reader: mod manifest]
[20Apr2026 18:09:44.825] [main/INFO] [net.neoforged.fml.loading.moddiscovery.ModDiscoverer/SCAN]: Found mod file "create_winery-2.0.2-neoforge-1.21.1.jar" [locator: {mods folder locator at C:\Users\Jimmy\curseforge\minecraft\Instances\Arcadia V2\mods}, reader: mod manifest]
[20Apr2026 18:09:44.835] [main/INFO] [net.neoforged.fml.loading.moddiscovery.ModDiscoverer/SCAN]: Found mod file "createaddition-1.5.10.jar" [locator: {mods folder locator at C:\Users\Jimmy\curseforge\minecraft\Instances\Arcadia V2\mods}, reader: mod manifest]
[20Apr2026 18:09:44.843] [main/INFO] [net.neoforged.fml.loading.moddiscovery.ModDiscoverer/SCAN]: Found mod file "createdieselgenerators-1.21.1-1.3.11.jar" [locator: {mods folder locator at C:\Users\Jimmy\curseforge\minecraft\Instances\Arcadia V2\mods}, reader: mod manifest]
[20Apr2026 18:09:44.851] [main/INFO] [net.neoforged.fml.loading.moddiscovery.ModDiscoverer/SCAN]: Found mod file "CreateDragonsPlus-1.8.8.jar" [locator: {mods folder locator at C:\Users\Jimmy\curseforge\minecraft\Instances\Arcadia V2\mods}, reader: mod manifest]
[20Apr2026 18:09:44.861] [main/INFO] [net.neoforged.fml.loading.moddiscovery.ModDiscoverer/SCAN]: Found mod file "createendertransmission-2.1.1-1.21.1.jar" [locator: {mods folder locator at C:\Users\Jimmy\curseforge\minecraft\Instances\Arcadia V2\mods}, reader: mod manifest]
[20Apr2026 18:09:44.871] [main/INFO] [net.neoforged.fml.loading.moddiscovery.ModDiscoverer/SCAN]: Found mod file "createfood-neoforge-1.21.1-2.2.0a.jar" [locator: {mods folder locator at C:\Users\Jimmy\curseforge\minecraft\Instances\Arcadia V2\mods}, reader: mod manifest]
[20Apr2026 18:09:44.878] [main/INFO] [net.neoforged.fml.loading.moddiscovery.ModDiscoverer/SCAN]: Found mod file "createframed-1.21.1-1.7.3.jar" [locator: {mods folder locator at C:\Users\Jimmy\curseforge\minecraft\Instances\Arcadia V2\mods}, reader: mod manifest]
[20Apr2026 18:09:44.885] [main/INFO] [net.neoforged.fml.loading.moddiscovery.ModDiscoverer/SCAN]: Found mod file "creategoggles-1.21.1-6.1.1-[NEOFORGE].jar" [locator: {mods folder locator at C:\Users\Jimmy\curseforge\minecraft\Instances\Arcadia V2\mods}, reader: mod manifest]
[20Apr2026 18:09:44.892] [main/INFO] [net.neoforged.fml.loading.moddiscovery.ModDiscoverer/SCAN]: Found mod file "createnuclear-1.3.2-beta.3-neoforge.jar" [locator: {mods folder locator at C:\Users\Jimmy\curseforge\minecraft\Instances\Arcadia V2\mods}, reader: mod manifest]
[20Apr2026 18:09:44.902] [main/INFO] [net.neoforged.fml.loading.moddiscovery.ModDiscoverer/SCAN]: Found mod file "CreateNumismatics-1.0.20+neoforge-mc1.21.1.jar" [locator: {mods folder locator at C:\Users\Jimmy\curseforge\minecraft\Instances\Arcadia V2\mods}, reader: mod manifest]
[20Apr2026 18:09:44.914] [main/INFO] [net.neoforged.fml.loading.moddiscovery.ModDiscoverer/SCAN]: Found mod file "createoreexcavation-1.21-1.6.8.jar" [locator: {mods folder locator at C:\Users\Jimmy\curseforge\minecraft\Instances\Arcadia V2\mods}, reader: mod manifest]
[20Apr2026 18:09:44.922] [main/INFO] [net.neoforged.fml.loading.moddiscovery.ModDiscoverer/SCAN]: Found mod file "CreativeCore_NEOFORGE_v2.13.36_mc1.21.1.jar" [locator: {mods folder locator at C:\Users\Jimmy\curseforge\minecraft\Instances\Arcadia V2\mods}, reader: mod manifest]
[20Apr2026 18:09:44.928] [main/INFO] [net.neoforged.fml.loading.moddiscovery.ModDiscoverer/SCAN]: Found mod file "cristellib-neoforge-1.21.1-3.0.3.jar" [locator: {mods folder locator at C:\Users\Jimmy\curseforge\minecraft\Instances\Arcadia V2\mods}, reader: mod manifest]
[20Apr2026 18:09:44.938] [main/INFO] [net.neoforged.fml.loading.moddiscovery.ModDiscoverer/SCAN]: Found mod file "critterarmory-1.21.1-0.6.3-neoforge.jar" [locator: {mods folder locator at C:\Users\Jimmy\curseforge\minecraft\Instances\Arcadia V2\mods}, reader: mod manifest]
[20Apr2026 18:09:44.945] [main/INFO] [net.neoforged.fml.loading.moddiscovery.ModDiscoverer/SCAN]: Found mod file "cuisinedelight-1.2.7.jar" [locator: {mods folder locator at C:\Users\Jimmy\curseforge\minecraft\Instances\Arcadia V2\mods}, reader: mod manifest]
[20Apr2026 18:09:44.963] [main/INFO] [net.neoforged.fml.loading.moddiscovery.ModDiscoverer/SCAN]: Found mod file "culturaldelights-0.17.8.jar" [locator: {mods folder locator at C:\Users\Jimmy\curseforge\minecraft\Instances\Arcadia V2\mods}, reader: mod manifest]
[20Apr2026 18:09:44.968] [main/INFO] [net.neoforged.fml.loading.moddiscovery.ModDiscoverer/SCAN]: Found mod file "cupboard-1.21-3.5.jar" [locator: {mods folder locator at C:\Users\Jimmy\curseforge\minecraft\Instances\Arcadia V2\mods}, reader: mod manifest]
[20Apr2026 18:09:44.975] [main/INFO] [net.neoforged.fml.loading.moddiscovery.ModDiscoverer/SCAN]: Found mod file "curios-neoforge-9.5.1+1.21.1.jar" [locator: {mods folder locator at C:\Users\Jimmy\curseforge\minecraft\Instances\Arcadia V2\mods}, reader: mod manifest]
[20Apr2026 18:09:44.980] [main/INFO] [net.neoforged.fml.loading.moddiscovery.ModDiscoverer/SCAN]: Found mod file "customizableelytra-neoforge-2.2.8+1.21.jar" [locator: {mods folder locator at C:\Users\Jimmy\curseforge\minecraft\Instances\Arcadia V2\mods}, reader: mod manifest]
[20Apr2026 18:09:44.988] [main/INFO] [net.neoforged.fml.loading.moddiscovery.ModDiscoverer/SCAN]: Found mod file "deep_aether-1.21.1-1.1.5.1.jar" [locator: {mods folder locator at C:\Users\Jimmy\curseforge\minecraft\Instances\Arcadia V2\mods}, reader: mod manifest]
[20Apr2026 18:09:44.995] [main/INFO] [net.neoforged.fml.loading.moddiscovery.ModDiscoverer/SCAN]: Found mod file "deeperdarker-neoforge-1.21.1-1.3.6.jar" [locator: {mods folder locator at C:\Users\Jimmy\curseforge\minecraft\Instances\Arcadia V2\mods}, reader: mod manifest]
[20Apr2026 18:09:45.002] [main/INFO] [net.neoforged.fml.loading.moddiscovery.ModDiscoverer/SCAN]: Found mod file "defaultoptions-neoforge-1.21.1-21.1.5.jar" [locator: {mods folder locator at C:\Users\Jimmy\curseforge\minecraft\Instances\Arcadia V2\mods}, reader: mod manifest]
[20Apr2026 18:09:45.009] [main/INFO] [net.neoforged.fml.loading.moddiscovery.ModDiscoverer/SCAN]: Found mod file "Design-n-Decor-1.21.1-2.1.0.jar" [locator: {mods folder locator at C:\Users\Jimmy\curseforge\minecraft\Instances\Arcadia V2\mods}, reader: mod manifest]
[20Apr2026 18:09:45.016] [main/INFO] [net.neoforged.fml.loading.moddiscovery.ModDiscoverer/SCAN]: Found mod file "dg_js-1.21.1-1.1.5.jar" [locator: {mods folder locator at C:\Users\Jimmy\curseforge\minecraft\Instances\Arcadia V2\mods}, reader: mod manifest]
[20Apr2026 18:09:45.022] [main/INFO] [net.neoforged.fml.loading.moddiscovery.ModDiscoverer/SCAN]: Found mod file "DnDesires-1.21.1-2.2d-BETA.jar" [locator: {mods folder locator at C:\Users\Jimmy\curseforge\minecraft\Instances\Arcadia V2\mods}, reader: mod manifest]
[20Apr2026 18:09:45.028] [main/INFO] [net.neoforged.fml.loading.moddiscovery.ModDiscoverer/SCAN]: Found mod file "does_it_tick-neoforge-1.1.4-1.21.1.jar" [locator: {mods folder locator at C:\Users\Jimmy\curseforge\minecraft\Instances\Arcadia V2\mods}, reader: mod manifest]
[20Apr2026 18:09:45.036] [main/INFO] [net.neoforged.fml.loading.moddiscovery.ModDiscoverer/SCAN]: Found mod file "doubledoors-1.21.1-7.2.jar" [locator: {mods folder locator at C:\Users\Jimmy\curseforge\minecraft\Instances\Arcadia V2\mods}, reader: mod manifest]
[20Apr2026 18:09:45.044] [main/INFO] [net.neoforged.fml.loading.moddiscovery.ModDiscoverer/SCAN]: Found mod file "dragondropselytra-1.21.1-3.5.jar" [locator: {mods folder locator at C:\Users\Jimmy\curseforge\minecraft\Instances\Arcadia V2\mods}, reader: mod manifest]
[20Apr2026 18:09:45.052] [main/INFO] [net.neoforged.fml.loading.moddiscovery.ModDiscoverer/SCAN]: Found mod file "drippyloadingscreen_neoforge_3.1.0_MC_1.21.1.jar" [locator: {mods folder locator at C:\Users\Jimmy\curseforge\minecraft\Instances\Arcadia V2\mods}, reader: mod manifest]
[20Apr2026 18:09:45.061] [main/INFO] [net.neoforged.fml.loading.moddiscovery.ModDiscoverer/SCAN]: Found mod file "dummmmmmy-1.21-2.0.11-neoforge.jar" [locator: {mods folder locator at C:\Users\Jimmy\curseforge\minecraft\Instances\Arcadia V2\mods}, reader: mod manifest]
[20Apr2026 18:09:45.070] [main/INFO] [net.neoforged.fml.loading.moddiscovery.ModDiscoverer/SCAN]: Found mod file "DungeonsArise-1.21.1-2.1.68-release.jar" [locator: {mods folder locator at C:\Users\Jimmy\curseforge\minecraft\Instances\Arcadia V2\mods}, reader: mod manifest]
[20Apr2026 18:09:45.077] [main/INFO] [net.neoforged.fml.loading.moddiscovery.ModDiscoverer/SCAN]: Found mod file "DungeonsAriseSevenSeas-1.21.x-1.0.4-neoforge.jar" [locator: {mods folder locator at C:\Users\Jimmy\curseforge\minecraft\Instances\Arcadia V2\mods}, reader: mod manifest]
[20Apr2026 18:09:45.085] [main/INFO] [net.neoforged.fml.loading.moddiscovery.ModDiscoverer/SCAN]: Found mod file "durabilitytooltip-1.1.6-neoforge-mc1.21.jar" [locator: {mods folder locator at C:\Users\Jimmy\curseforge\minecraft\Instances\Arcadia V2\mods}, reader: mod manifest]
[20Apr2026 18:09:45.092] [main/INFO] [net.neoforged.fml.loading.moddiscovery.ModDiscoverer/SCAN]: Found mod file "DustyDecorations_1.21.1Neoforge_V1.13.jar" [locator: {mods folder locator at C:\Users\Jimmy\curseforge\minecraft\Instances\Arcadia V2\mods}, reader: mod manifest]
[20Apr2026 18:09:45.099] [main/INFO] [net.neoforged.fml.loading.moddiscovery.ModDiscoverer/SCAN]: Found mod file "easy-villagers-neoforge-1.21.1-1.1.41.jar" [locator: {mods folder locator at C:\Users\Jimmy\curseforge\minecraft\Instances\Arcadia V2\mods}, reader: mod manifest]
[20Apr2026 18:09:45.107] [main/INFO] [net.neoforged.fml.loading.moddiscovery.ModDiscoverer/SCAN]: Found mod file "easy_npc-neoforge-1.21.1-6.12.0.jar" [locator: {mods folder locator at C:\Users\Jimmy\curseforge\minecraft\Instances\Arcadia V2\mods}, reader: mod manifest]
[20Apr2026 18:09:45.113] [main/INFO] [net.neoforged.fml.loading.moddiscovery.ModDiscoverer/SCAN]: Found mod file "easy_npc_bundle-neoforge-1.21.1-6.12.0.jar" [locator: {mods folder locator at C:\Users\Jimmy\curseforge\minecraft\Instances\Arcadia V2\mods}, reader: mod manifest]
[20Apr2026 18:09:45.120] [main/INFO] [net.neoforged.fml.loading.moddiscovery.ModDiscoverer/SCAN]: Found mod file "easy_npc_config_ui-neoforge-1.21.1-6.12.0.jar" [locator: {mods folder locator at C:\Users\Jimmy\curseforge\minecraft\Instances\Arcadia V2\mods}, reader: mod manifest]
[20Apr2026 18:09:45.126] [main/INFO] [net.neoforged.fml.loading.moddiscovery.ModDiscoverer/SCAN]: Found mod file "ecologics-1.21.1-2.3.4.jar" [locator: {mods folder locator at C:\Users\Jimmy\curseforge\minecraft\Instances\Arcadia V2\mods}, reader: mod manifest]
[20Apr2026 18:09:45.133] [main/INFO] [net.neoforged.fml.loading.moddiscovery.ModDiscoverer/SCAN]: Found mod file "elevatorid-neoforge-1.21.1-1.11.4.jar" [locator: {mods folder locator at C:\Users\Jimmy\curseforge\minecraft\Instances\Arcadia V2\mods}, reader: mod manifest]
[20Apr2026 18:09:45.139] [main/INFO] [net.neoforged.fml.loading.moddiscovery.ModDiscoverer/SCAN]: Found mod file "elytraslot-neoforge-9.0.2+1.21.1.jar" [locator: {mods folder locator at C:\Users\Jimmy\curseforge\minecraft\Instances\Arcadia V2\mods}, reader: mod manifest]
[20Apr2026 18:09:45.146] [main/INFO] [net.neoforged.fml.loading.moddiscovery.ModDiscoverer/SCAN]: Found mod file "Emojiful-Neoforge-1.21-5.2.2-all.jar" [locator: {mods folder locator at C:\Users\Jimmy\curseforge\minecraft\Instances\Arcadia V2\mods}, reader: mod manifest]
[20Apr2026 18:09:45.152] [main/INFO] [net.neoforged.fml.loading.moddiscovery.ModDiscoverer/SCAN]: Found mod file "emotecraft-for-MC1.21.1-2.4.12-neoforge.jar" [locator: {mods folder locator at C:\Users\Jimmy\curseforge\minecraft\Instances\Arcadia V2\mods}, reader: mod manifest]
[20Apr2026 18:09:45.159] [main/INFO] [net.neoforged.fml.loading.moddiscovery.ModDiscoverer/SCAN]: Found mod file "enchdesc-neoforge-1.21.1-21.1.9.jar" [locator: {mods folder locator at C:\Users\Jimmy\curseforge\minecraft\Instances\Arcadia V2\mods}, reader: mod manifest]
[20Apr2026 18:09:45.165] [main/INFO] [net.neoforged.fml.loading.moddiscovery.ModDiscoverer/SCAN]: Found mod file "endersdelight-1.2.0-1.21.1.jar" [locator: {mods folder locator at C:\Users\Jimmy\curseforge\minecraft\Instances\Arcadia V2\mods}, reader: mod manifest]
[20Apr2026 18:09:45.170] [main/INFO] [net.neoforged.fml.loading.moddiscovery.ModDiscoverer/SCAN]: Found mod file "ends_delight-2.5.1+neoforge.1.21.1.jar" [locator: {mods folder locator at C:\Users\Jimmy\curseforge\minecraft\Instances\Arcadia V2\mods}, reader: mod manifest]
[20Apr2026 18:09:45.175] [main/INFO] [net.neoforged.fml.loading.moddiscovery.ModDiscoverer/SCAN]: Found mod file "entityculling-neoforge-1.10.1-mc1.21.1.jar" [locator: {mods folder locator at C:\Users\Jimmy\curseforge\minecraft\Instances\Arcadia V2\mods}, reader: mod manifest]
[20Apr2026 18:09:45.181] [main/INFO] [net.neoforged.fml.loading.moddiscovery.ModDiscoverer/SCAN]: Found mod file "escalated-1.2.1-create.6.0.8-mc.1.21.1-neoforge.jar" [locator: {mods folder locator at C:\Users\Jimmy\curseforge\minecraft\Instances\Arcadia V2\mods}, reader: mod manifest]
[20Apr2026 18:09:45.189] [main/INFO] [net.neoforged.fml.loading.moddiscovery.ModDiscoverer/SCAN]: Found mod file "exposure-neoforge-1.21.1-1.9.16.jar" [locator: {mods folder locator at C:\Users\Jimmy\curseforge\minecraft\Instances\Arcadia V2\mods}, reader: mod manifest]
[20Apr2026 18:09:45.194] [main/INFO] [net.neoforged.fml.loading.moddiscovery.ModDiscoverer/SCAN]: Found mod file "exposure_catalog-neoforge-1.1.1.jar" [locator: {mods folder locator at C:\Users\Jimmy\curseforge\minecraft\Instances\Arcadia V2\mods}, reader: mod manifest]
[20Apr2026 18:09:45.200] [main/INFO] [net.neoforged.fml.loading.moddiscovery.ModDiscoverer/SCAN]: Found mod file "exposure_expanded-neoforge-1.0.1.jar" [locator: {mods folder locator at C:\Users\Jimmy\curseforge\minecraft\Instances\Arcadia V2\mods}, reader: mod manifest]
[20Apr2026 18:09:45.206] [main/INFO] [net.neoforged.fml.loading.moddiscovery.ModDiscoverer/SCAN]: Found mod file "exposure_polaroid-neoforge-1.21.1-1.1.3.jar" [locator: {mods folder locator at C:\Users\Jimmy\curseforge\minecraft\Instances\Arcadia V2\mods}, reader: mod manifest]
[20Apr2026 18:09:45.212] [main/INFO] [net.neoforged.fml.loading.moddiscovery.ModDiscoverer/SCAN]: Found mod file "ExtraDisks-1.21.1-4.0.14.jar" [locator: {mods folder locator at C:\Users\Jimmy\curseforge\minecraft\Instances\Arcadia V2\mods}, reader: mod manifest]
[20Apr2026 18:09:45.219] [main/INFO] [net.neoforged.fml.loading.moddiscovery.ModDiscoverer/SCAN]: Found mod file "ExtremeSoundMuffler-3.56_NeoForge-1.21.jar" [locator: {mods folder locator at C:\Users\Jimmy\curseforge\minecraft\Instances\Arcadia V2\mods}, reader: mod manifest]
[20Apr2026 18:09:45.225] [main/INFO] [net.neoforged.fml.loading.moddiscovery.ModDiscoverer/SCAN]: Found mod file "FallingTree-1.21.1-1.21.1.11.jar" [locator: {mods folder locator at C:\Users\Jimmy\curseforge\minecraft\Instances\Arcadia V2\mods}, reader: mod manifest]
[20Apr2026 18:09:45.232] [main/INFO] [net.neoforged.fml.loading.moddiscovery.ModDiscoverer/SCAN]: Found mod file "fancy-entity-renderer-neoforge-1.21-0.4.4.jar" [locator: {mods folder locator at C:\Users\Jimmy\curseforge\minecraft\Instances\Arcadia V2\mods}, reader: mod manifest]
[20Apr2026 18:09:45.238] [main/INFO] [net.neoforged.fml.loading.moddiscovery.ModDiscoverer/SCAN]: Found mod file "fancymenu_neoforge_3.8.1_MC_1.21.1.jar" [locator: {mods folder locator at C:\Users\Jimmy\curseforge\minecraft\Instances\Arcadia V2\mods}, reader: mod manifest]
[20Apr2026 18:09:45.244] [main/INFO] [net.neoforged.fml.loading.moddiscovery.ModDiscoverer/SCAN]: Found mod file "FarmersDelight-1.21.1-1.2.10.jar" [locator: {mods folder locator at C:\Users\Jimmy\curseforge\minecraft\Instances\Arcadia V2\mods}, reader: mod manifest]
[20Apr2026 18:09:45.249] [main/INFO] [net.neoforged.fml.loading.moddiscovery.ModDiscoverer/SCAN]: Found mod file "farmersknives-neoforge-1.21.1-4.1.0.jar" [locator: {mods folder locator at C:\Users\Jimmy\curseforge\minecraft\Instances\Arcadia V2\mods}, reader: mod manifest]
[20Apr2026 18:09:45.254] [main/INFO] [net.neoforged.fml.loading.moddiscovery.ModDiscoverer/SCAN]: Found mod file "farsight-1.21.1-4.5.jar" [locator: {mods folder locator at C:\Users\Jimmy\curseforge\minecraft\Instances\Arcadia V2\mods}, reader: mod manifest]
[20Apr2026 18:09:45.261] [main/INFO] [net.neoforged.fml.loading.moddiscovery.ModDiscoverer/SCAN]: Found mod file "fastboot-1.21.x-v1.3neo.jar" [locator: {mods folder locator at C:\Users\Jimmy\curseforge\minecraft\Instances\Arcadia V2\mods}, reader: mod manifest]
[20Apr2026 18:09:45.267] [main/INFO] [net.neoforged.fml.loading.moddiscovery.ModDiscoverer/SCAN]: Found mod file "FastFurnace-1.21.1-9.0.1.jar" [locator: {mods folder locator at C:\Users\Jimmy\curseforge\minecraft\Instances\Arcadia V2\mods}, reader: mod manifest]
[20Apr2026 18:09:45.272] [main/INFO] [net.neoforged.fml.loading.moddiscovery.ModDiscoverer/SCAN]: Found mod file "fastpaintings-1.21-1.3.0-neoforge.jar" [locator: {mods folder locator at C:\Users\Jimmy\curseforge\minecraft\Instances\Arcadia V2\mods}, reader: mod manifest]
[20Apr2026 18:09:45.277] [main/INFO] [net.neoforged.fml.loading.moddiscovery.ModDiscoverer/SCAN]: Found mod file "FastSuite-1.21.1-6.0.7.jar" [locator: {mods folder locator at C:\Users\Jimmy\curseforge\minecraft\Instances\Arcadia V2\mods}, reader: mod manifest]
[20Apr2026 18:09:45.283] [main/INFO] [net.neoforged.fml.loading.moddiscovery.ModDiscoverer/SCAN]: Found mod file "FastWorkbench-1.21.1-9.1.3.jar" [locator: {mods folder locator at C:\Users\Jimmy\curseforge\minecraft\Instances\Arcadia V2\mods}, reader: mod manifest]
[20Apr2026 18:09:45.294] [main/INFO] [net.neoforged.fml.loading.moddiscovery.ModDiscoverer/SCAN]: Found mod file "ferritecore-7.0.3-neoforge.jar" [locator: {mods folder locator at C:\Users\Jimmy\curseforge\minecraft\Instances\Arcadia V2\mods}, reader: mod manifest]
[20Apr2026 18:09:45.301] [main/INFO] [net.neoforged.fml.loading.moddiscovery.ModDiscoverer/SCAN]: Found mod file "FluxNetworks-1.21.1-8.0.0.jar" [locator: {mods folder locator at C:\Users\Jimmy\curseforge\minecraft\Instances\Arcadia V2\mods}, reader: mod manifest]
[20Apr2026 18:09:45.307] [main/INFO] [net.neoforged.fml.loading.moddiscovery.ModDiscoverer/SCAN]: Found mod file "fncct-1.21.1-1.1.0.jar" [locator: {mods folder locator at C:\Users\Jimmy\curseforge\minecraft\Instances\Arcadia V2\mods}, reader: mod manifest]
[20Apr2026 18:09:45.314] [main/INFO] [net.neoforged.fml.loading.moddiscovery.ModDiscoverer/SCAN]: Found mod file "ForgeConfigAPIPort-v21.1.6-1.21.1-NeoForge.jar" [locator: {mods folder locator at C:\Users\Jimmy\curseforge\minecraft\Instances\Arcadia V2\mods}, reader: mod manifest]
[20Apr2026 18:09:45.322] [main/INFO] [net.neoforged.fml.loading.moddiscovery.ModDiscoverer/SCAN]: Found mod file "forgified-fabric-api-0.116.7+2.2.4+1.21.1.jar" [locator: {mods folder locator at C:\Users\Jimmy\curseforge\minecraft\Instances\Arcadia V2\mods}, reader: mod manifest]
[20Apr2026 18:09:45.330] [main/INFO] [net.neoforged.fml.loading.moddiscovery.ModDiscoverer/SCAN]: Found mod file "FramedBlocks-10.5.3.jar" [locator: {mods folder locator at C:\Users\Jimmy\curseforge\minecraft\Instances\Arcadia V2\mods}, reader: mod manifest]
[20Apr2026 18:09:45.338] [main/INFO] [net.neoforged.fml.loading.moddiscovery.ModDiscoverer/SCAN]: Found mod file "framework-neoforge-1.21.1-0.13.11.jar" [locator: {mods folder locator at C:\Users\Jimmy\curseforge\minecraft\Instances\Arcadia V2\mods}, reader: mod manifest]
[20Apr2026 18:09:45.345] [main/INFO] [net.neoforged.fml.loading.moddiscovery.ModDiscoverer/SCAN]: Found mod file "ftb-chunks-neoforge-2101.1.14.jar" [locator: {mods folder locator at C:\Users\Jimmy\curseforge\minecraft\Instances\Arcadia V2\mods}, reader: mod manifest]
[20Apr2026 18:09:45.352] [main/INFO] [net.neoforged.fml.loading.moddiscovery.ModDiscoverer/SCAN]: Found mod file "ftb-essentials-neoforge-2101.1.9.jar" [locator: {mods folder locator at C:\Users\Jimmy\curseforge\minecraft\Instances\Arcadia V2\mods}, reader: mod manifest]
[20Apr2026 18:09:45.359] [main/INFO] [net.neoforged.fml.loading.moddiscovery.ModDiscoverer/SCAN]: Found mod file "ftb-filter-system-neoforge-21.1.4.jar" [locator: {mods folder locator at C:\Users\Jimmy\curseforge\minecraft\Instances\Arcadia V2\mods}, reader: mod manifest]
[20Apr2026 18:09:45.368] [main/INFO] [net.neoforged.fml.loading.moddiscovery.ModDiscoverer/SCAN]: Found mod file "ftb-jei-extras-21.1.7.jar" [locator: {mods folder locator at C:\Users\Jimmy\curseforge\minecraft\Instances\Arcadia V2\mods}, reader: mod manifest]
[20Apr2026 18:09:45.375] [main/INFO] [net.neoforged.fml.loading.moddiscovery.ModDiscoverer/SCAN]: Found mod file "ftb-library-neoforge-2101.1.31.jar" [locator: {mods folder locator at C:\Users\Jimmy\curseforge\minecraft\Instances\Arcadia V2\mods}, reader: mod manifest]
[20Apr2026 18:09:45.382] [main/INFO] [net.neoforged.fml.loading.moddiscovery.ModDiscoverer/SCAN]: Found mod file "ftb-quests-neoforge-2101.1.24.jar" [locator: {mods folder locator at C:\Users\Jimmy\curseforge\minecraft\Instances\Arcadia V2\mods}, reader: mod manifest]
[20Apr2026 18:09:45.389] [main/INFO] [net.neoforged.fml.loading.moddiscovery.ModDiscoverer/SCAN]: Found mod file "ftb-teams-neoforge-2101.1.10.jar" [locator: {mods folder locator at C:\Users\Jimmy\curseforge\minecraft\Instances\Arcadia V2\mods}, reader: mod manifest]
[20Apr2026 18:09:45.396] [main/INFO] [net.neoforged.fml.loading.moddiscovery.ModDiscoverer/SCAN]: Found mod file "ftb-xmod-compat-neoforge-21.1.8.jar" [locator: {mods folder locator at C:\Users\Jimmy\curseforge\minecraft\Instances\Arcadia V2\mods}, reader: mod manifest]
[20Apr2026 18:09:45.404] [main/INFO] [net.neoforged.fml.loading.moddiscovery.ModDiscoverer/SCAN]: Found mod file "fusion-1.2.12-neoforge-mc1.21.1.jar" [locator: {mods folder locator at C:\Users\Jimmy\curseforge\minecraft\Instances\Arcadia V2\mods}, reader: mod manifest]
[20Apr2026 18:09:45.410] [main/INFO] [net.neoforged.fml.loading.moddiscovery.ModDiscoverer/SCAN]: Found mod file "fzzy_config-0.7.6+1.21+neoforge.jar" [locator: {mods folder locator at C:\Users\Jimmy\curseforge\minecraft\Instances\Arcadia V2\mods}, reader: mod manifest]
[20Apr2026 18:09:45.417] [main/INFO] [net.neoforged.fml.loading.moddiscovery.ModDiscoverer/SCAN]: Found mod file "geckolib-neoforge-1.21.1-4.8.4.jar" [locator: {mods folder locator at C:\Users\Jimmy\curseforge\minecraft\Instances\Arcadia V2\mods}, reader: mod manifest]
[20Apr2026 18:09:45.424] [main/INFO] [net.neoforged.fml.loading.moddiscovery.ModDiscoverer/SCAN]: Found mod file "GlitchCore-neoforge-1.21.1-2.1.0.0.jar" [locator: {mods folder locator at C:\Users\Jimmy\curseforge\minecraft\Instances\Arcadia V2\mods}, reader: mod manifest]
[20Apr2026 18:09:45.430] [main/INFO] [net.neoforged.fml.loading.moddiscovery.ModDiscoverer/SCAN]: Found mod file "gpumemleakfix-1.21-1.8.jar" [locator: {mods folder locator at C:\Users\Jimmy\curseforge\minecraft\Instances\Arcadia V2\mods}, reader: mod manifest]
[20Apr2026 18:09:45.438] [main/INFO] [net.neoforged.fml.loading.moddiscovery.ModDiscoverer/SCAN]: Found mod file "guardvillagers-2.4.7-1.21.1.jar" [locator: {mods folder locator at C:\Users\Jimmy\curseforge\minecraft\Instances\Arcadia V2\mods}, reader: mod manifest]
[20Apr2026 18:09:45.451] [main/INFO] [net.neoforged.fml.loading.moddiscovery.ModDiscoverer/SCAN]: Found mod file "handcrafted-neoforge-1.21.1-4.0.3.jar" [locator: {mods folder locator at C:\Users\Jimmy\curseforge\minecraft\Instances\Arcadia V2\mods}, reader: mod manifest]
[20Apr2026 18:09:45.458] [main/INFO] [net.neoforged.fml.loading.moddiscovery.ModDiscoverer/SCAN]: Found mod file "HellishTrials-neoforge-1.0.5.jar" [locator: {mods folder locator at C:\Users\Jimmy\curseforge\minecraft\Instances\Arcadia V2\mods}, reader: mod manifest]
[20Apr2026 18:09:45.465] [main/INFO] [net.neoforged.fml.loading.moddiscovery.ModDiscoverer/SCAN]: Found mod file "hiddennames-1.21.0-1.0.6.jar" [locator: {mods folder locator at C:\Users\Jimmy\curseforge\minecraft\Instances\Arcadia V2\mods}, reader: mod manifest]
[20Apr2026 18:09:45.472] [main/INFO] [net.neoforged.fml.loading.moddiscovery.ModDiscoverer/SCAN]: Found mod file "Highlighter-1.21-neoforge-1.1.11.jar" [locator: {mods folder locator at C:\Users\Jimmy\curseforge\minecraft\Instances\Arcadia V2\mods}, reader: mod manifest]
[20Apr2026 18:09:45.478] [main/INFO] [net.neoforged.fml.loading.moddiscovery.ModDiscoverer/SCAN]: Found mod file "Iceberg-1.21.1-neoforge-1.3.2.jar" [locator: {mods folder locator at C:\Users\Jimmy\curseforge\minecraft\Instances\Arcadia V2\mods}, reader: mod manifest]
[20Apr2026 18:09:45.486] [main/INFO] [net.neoforged.fml.loading.moddiscovery.ModDiscoverer/SCAN]: Found mod file "ImmediatelyFast-NeoForge-1.6.10+1.21.1.jar" [locator: {mods folder locator at C:\Users\Jimmy\curseforge\minecraft\Instances\Arcadia V2\mods}, reader: mod manifest]
[20Apr2026 18:09:45.494] [main/INFO] [net.neoforged.fml.loading.moddiscovery.ModDiscoverer/SCAN]: Found mod file "immersive_aircraft-1.4.3+1.21.1-neoforge.jar" [locator: {mods folder locator at C:\Users\Jimmy\curseforge\minecraft\Instances\Arcadia V2\mods}, reader: mod manifest]
[20Apr2026 18:09:45.499] [main/INFO] [net.neoforged.fml.loading.moddiscovery.ModDiscoverer/SCAN]: Found mod file "immersive_melodies-neoforge-0.6.2+1.21.1.jar" [locator: {mods folder locator at C:\Users\Jimmy\curseforge\minecraft\Instances\Arcadia V2\mods}, reader: mod manifest]
[20Apr2026 18:09:45.506] [main/INFO] [net.neoforged.fml.loading.moddiscovery.ModDiscoverer/SCAN]: Found mod file "immersive_paintings-neoforge-1.21.1-0.7.6.jar" [locator: {mods folder locator at C:\Users\Jimmy\curseforge\minecraft\Instances\Arcadia V2\mods}, reader: mod manifest]
[20Apr2026 18:09:45.516] [main/INFO] [net.neoforged.fml.loading.moddiscovery.ModDiscoverer/SCAN]: Found mod file "ImmersiveEngineering-1.21.1-12.4.2-194.jar" [locator: {mods folder locator at C:\Users\Jimmy\curseforge\minecraft\Instances\Arcadia V2\mods}, reader: mod manifest]
[20Apr2026 18:09:45.524] [main/INFO] [net.neoforged.fml.loading.moddiscovery.ModDiscoverer/SCAN]: Found mod file "ImmersiveUI-NEOFORGE-0.3.3+1.21.1.jar" [locator: {mods folder locator at C:\Users\Jimmy\curseforge\minecraft\Instances\Arcadia V2\mods}, reader: mod manifest]
[20Apr2026 18:09:45.531] [main/INFO] [net.neoforged.fml.loading.moddiscovery.ModDiscoverer/SCAN]: Found mod file "invocore-1.21.1-5.2.4.jar" [locator: {mods folder locator at C:\Users\Jimmy\curseforge\minecraft\Instances\Arcadia V2\mods}, reader: mod manifest]
[20Apr2026 18:09:45.537] [main/INFO] [net.neoforged.fml.loading.moddiscovery.ModDiscoverer/SCAN]: Found mod file "invtweaks-1.21.1-1.3.2.jar" [locator: {mods folder locator at C:\Users\Jimmy\curseforge\minecraft\Instances\Arcadia V2\mods}, reader: mod manifest]
[20Apr2026 18:09:45.545] [main/INFO] [net.neoforged.fml.loading.moddiscovery.ModDiscoverer/SCAN]: Found mod file "iris-neoforge-1.8.12+mc1.21.1.jar" [locator: {mods folder locator at C:\Users\Jimmy\curseforge\minecraft\Instances\Arcadia V2\mods}, reader: mod manifest]
[20Apr2026 18:09:45.551] [main/INFO] [net.neoforged.fml.loading.moddiscovery.ModDiscoverer/SCAN]: Found mod file "irons_lib-1.21.1-1.0.2.jar" [locator: {mods folder locator at C:\Users\Jimmy\curseforge\minecraft\Instances\Arcadia V2\mods}, reader: mod manifest]
[20Apr2026 18:09:45.560] [main/INFO] [net.neoforged.fml.loading.moddiscovery.ModDiscoverer/SCAN]: Found mod file "irons_spellbooks-1.21.1-3.15.6.jar" [locator: {mods folder locator at C:\Users\Jimmy\curseforge\minecraft\Instances\Arcadia V2\mods}, reader: mod manifest]
[20Apr2026 18:09:45.567] [main/INFO] [net.neoforged.fml.loading.moddiscovery.ModDiscoverer/SCAN]: Found mod file "irons_spells_js-4.0.3.jar" [locator: {mods folder locator at C:\Users\Jimmy\curseforge\minecraft\Instances\Arcadia V2\mods}, reader: mod manifest]
[20Apr2026 18:09:45.573] [main/INFO] [net.neoforged.fml.loading.moddiscovery.ModDiscoverer/SCAN]: Found mod file "ItemBorders-1.21-neoforge-1.2.5.jar" [locator: {mods folder locator at C:\Users\Jimmy\curseforge\minecraft\Instances\Arcadia V2\mods}, reader: mod manifest]
[20Apr2026 18:09:45.580] [main/INFO] [net.neoforged.fml.loading.moddiscovery.ModDiscoverer/SCAN]: Found mod file "itemcollectors-1.1.10-neoforge-mc1.21.jar" [locator: {mods folder locator at C:\Users\Jimmy\curseforge\minecraft\Instances\Arcadia V2\mods}, reader: mod manifest]
[20Apr2026 18:09:45.587] [main/INFO] [net.neoforged.fml.loading.moddiscovery.ModDiscoverer/SCAN]: Found mod file "Jade-1.21.1-NeoForge-15.10.5.jar" [locator: {mods folder locator at C:\Users\Jimmy\curseforge\minecraft\Instances\Arcadia V2\mods}, reader: mod manifest]
[20Apr2026 18:09:45.595] [main/INFO] [net.neoforged.fml.loading.moddiscovery.ModDiscoverer/SCAN]: Found mod file "JadeAddons-1.21.1-NeoForge-6.1.0.jar" [locator: {mods folder locator at C:\Users\Jimmy\curseforge\minecraft\Instances\Arcadia V2\mods}, reader: mod manifest]
[20Apr2026 18:09:45.601] [main/INFO] [net.neoforged.fml.loading.moddiscovery.ModDiscoverer/SCAN]: Found mod file "jamlib-neoforge-1.3.6+1.21.1.jar" [locator: {mods folder locator at C:\Users\Jimmy\curseforge\minecraft\Instances\Arcadia V2\mods}, reader: mod manifest]
[20Apr2026 18:09:45.608] [main/INFO] [net.neoforged.fml.loading.moddiscovery.ModDiscoverer/SCAN]: Found mod file "javd-neo-9.0.0+mc1.21.1.jar" [locator: {mods folder locator at C:\Users\Jimmy\curseforge\minecraft\Instances\Arcadia V2\mods}, reader: mod manifest]
[20Apr2026 18:09:45.614] [main/INFO] [net.neoforged.fml.loading.moddiscovery.ModDiscoverer/SCAN]: Found mod file "jearchaeology-1.21.1-1.2.0.jar" [locator: {mods folder locator at C:\Users\Jimmy\curseforge\minecraft\Instances\Arcadia V2\mods}, reader: mod manifest]
[20Apr2026 18:09:45.621] [main/INFO] [net.neoforged.fml.loading.moddiscovery.ModDiscoverer/SCAN]: Found mod file "jeed-1.21-2.3.2.jar" [locator: {mods folder locator at C:\Users\Jimmy\curseforge\minecraft\Instances\Arcadia V2\mods}, reader: mod manifest]
[20Apr2026 18:09:45.629] [main/INFO] [net.neoforged.fml.loading.moddiscovery.ModDiscoverer/SCAN]: Found mod file "jei-1.21.1-neoforge-19.27.0.340.jar" [locator: {mods folder locator at C:\Users\Jimmy\curseforge\minecraft\Instances\Arcadia V2\mods}, reader: mod manifest]
[20Apr2026 18:09:45.636] [main/INFO] [net.neoforged.fml.loading.moddiscovery.ModDiscoverer/SCAN]: Found mod file "justenoughbreeding-neoforge-1.21-1.21.1-1.6.2.jar" [locator: {mods folder locator at C:\Users\Jimmy\curseforge\minecraft\Instances\Arcadia V2\mods}, reader: mod manifest]
[20Apr2026 18:09:45.643] [main/INFO] [net.neoforged.fml.loading.moddiscovery.ModDiscoverer/SCAN]: Found mod file "JustEnoughProfessions-neoforge-1.21.1-4.0.4.jar" [locator: {mods folder locator at C:\Users\Jimmy\curseforge\minecraft\Instances\Arcadia V2\mods}, reader: mod manifest]
[20Apr2026 18:09:45.649] [main/INFO] [net.neoforged.fml.loading.moddiscovery.ModDiscoverer/SCAN]: Found mod file "JustEnoughResources-NeoForge-1.21.1-1.6.0.17.jar" [locator: {mods folder locator at C:\Users\Jimmy\curseforge\minecraft\Instances\Arcadia V2\mods}, reader: mod manifest]
[20Apr2026 18:09:45.655] [main/INFO] [net.neoforged.fml.loading.moddiscovery.ModDiscoverer/SCAN]: Found mod file "justzoom_neoforge_2.1.0_MC_1.21.1.jar" [locator: {mods folder locator at C:\Users\Jimmy\curseforge\minecraft\Instances\Arcadia V2\mods}, reader: mod manifest]
[20Apr2026 18:09:45.663] [main/INFO] [net.neoforged.fml.loading.moddiscovery.ModDiscoverer/SCAN]: Found mod file "kjsbotanypots-1.3.2.jar" [locator: {mods folder locator at C:\Users\Jimmy\curseforge\minecraft\Instances\Arcadia V2\mods}, reader: mod manifest]
[20Apr2026 18:09:45.670] [main/INFO] [net.neoforged.fml.loading.moddiscovery.ModDiscoverer/SCAN]: Found mod file "knightlib-neoforge-1.21.1-1.3.0.jar" [locator: {mods folder locator at C:\Users\Jimmy\curseforge\minecraft\Instances\Arcadia V2\mods}, reader: mod manifest]
[20Apr2026 18:09:45.676] [main/INFO] [net.neoforged.fml.loading.moddiscovery.ModDiscoverer/SCAN]: Found mod file "knightquest-neoforge-1.21.1-1.9.0.jar" [locator: {mods folder locator at C:\Users\Jimmy\curseforge\minecraft\Instances\Arcadia V2\mods}, reader: mod manifest]
[20Apr2026 18:09:45.685] [main/INFO] [net.neoforged.fml.loading.moddiscovery.ModDiscoverer/SCAN]: Found mod file "konkrete_neoforge_1.9.9_MC_1.21.jar" [locator: {mods folder locator at C:\Users\Jimmy\curseforge\minecraft\Instances\Arcadia V2\mods}, reader: mod manifest]
[20Apr2026 18:09:45.694] [main/INFO] [net.neoforged.fml.loading.moddiscovery.ModDiscoverer/SCAN]: Found library file "kotlinforforge-5.11.0-all.jar" [locator: {mods folder locator at C:\Users\Jimmy\curseforge\minecraft\Instances\Arcadia V2\mods}, reader: mod manifest]
[20Apr2026 18:09:45.699] [main/INFO] [net.neoforged.fml.loading.moddiscovery.ModDiscoverer/SCAN]: Found mod file "kubejs-create-neoforge-2101.3.1-build.18.jar" [locator: {mods folder locator at C:\Users\Jimmy\curseforge\minecraft\Instances\Arcadia V2\mods}, reader: mod manifest]
[20Apr2026 18:09:45.705] [main/INFO] [net.neoforged.fml.loading.moddiscovery.ModDiscoverer/SCAN]: Found mod file "kubejs-mekanism-neoforge-2101.1.7-build.18.jar" [locator: {mods folder locator at C:\Users\Jimmy\curseforge\minecraft\Instances\Arcadia V2\mods}, reader: mod manifest]
[20Apr2026 18:09:45.711] [main/INFO] [net.neoforged.fml.loading.moddiscovery.ModDiscoverer/SCAN]: Found mod file "kubejs-neoforge-2101.7.2-build.348.jar" [locator: {mods folder locator at C:\Users\Jimmy\curseforge\minecraft\Instances\Arcadia V2\mods}, reader: mod manifest]
[20Apr2026 18:09:45.717] [main/INFO] [net.neoforged.fml.loading.moddiscovery.ModDiscoverer/SCAN]: Found mod file "kubejs_curios_neoforge_1.21.1-1.0.4.jar" [locator: {mods folder locator at C:\Users\Jimmy\curseforge\minecraft\Instances\Arcadia V2\mods}, reader: mod manifest]
[20Apr2026 18:09:45.722] [main/INFO] [net.neoforged.fml.loading.moddiscovery.ModDiscoverer/SCAN]: Found mod file "kubejsarsnouveau-1.3.2.jar" [locator: {mods folder locator at C:\Users\Jimmy\curseforge\minecraft\Instances\Arcadia V2\mods}, reader: mod manifest]
[20Apr2026 18:09:45.727] [main/INFO] [net.neoforged.fml.loading.moddiscovery.ModDiscoverer/SCAN]: Found mod file "kubejsdelight-1.21.1-1.1.5.jar" [locator: {mods folder locator at C:\Users\Jimmy\curseforge\minecraft\Instances\Arcadia V2\mods}, reader: mod manifest]
[20Apr2026 18:09:45.733] [main/INFO] [net.neoforged.fml.loading.moddiscovery.ModDiscoverer/SCAN]: Found mod file "kubejstweaks-1.0.6.jar" [locator: {mods folder locator at C:\Users\Jimmy\curseforge\minecraft\Instances\Arcadia V2\mods}, reader: mod manifest]
[20Apr2026 18:09:45.739] [main/INFO] [net.neoforged.fml.loading.moddiscovery.ModDiscoverer/SCAN]: Found mod file "LegendaryTooltips-1.21.1-neoforge-1.5.5.jar" [locator: {mods folder locator at C:\Users\Jimmy\curseforge\minecraft\Instances\Arcadia V2\mods}, reader: mod manifest]
[20Apr2026 18:09:45.744] [main/INFO] [net.neoforged.fml.loading.moddiscovery.ModDiscoverer/SCAN]: Found mod file "letmedespawn-1.21.x-neoforge-1.5.0.jar" [locator: {mods folder locator at C:\Users\Jimmy\curseforge\minecraft\Instances\Arcadia V2\mods}, reader: mod manifest]
[20Apr2026 18:09:45.750] [main/INFO] [net.neoforged.fml.loading.moddiscovery.ModDiscoverer/SCAN]: Found mod file "logbegone-neoforge-1.21.1-1.0.3.jar" [locator: {mods folder locator at C:\Users\Jimmy\curseforge\minecraft\Instances\Arcadia V2\mods}, reader: mod manifest]
[20Apr2026 18:09:45.755] [main/INFO] [net.neoforged.fml.loading.moddiscovery.ModDiscoverer/SCAN]: Found mod file "LongerChatHistory-neoforge-1.7.jar" [locator: {mods folder locator at C:\Users\Jimmy\curseforge\minecraft\Instances\Arcadia V2\mods}, reader: mod manifest]
[20Apr2026 18:09:45.763] [main/INFO] [net.neoforged.fml.loading.moddiscovery.ModDiscoverer/SCAN]: Found mod file "lootintegration_wda-1.8.jar" [locator: {mods folder locator at C:\Users\Jimmy\curseforge\minecraft\Instances\Arcadia V2\mods}, reader: mod manifest]
[20Apr2026 18:09:45.768] [main/INFO] [net.neoforged.fml.loading.moddiscovery.ModDiscoverer/SCAN]: Found mod file "lootintegrations-1.21.1-4.7.jar" [locator: {mods folder locator at C:\Users\Jimmy\curseforge\minecraft\Instances\Arcadia V2\mods}, reader: mod manifest]
[20Apr2026 18:09:45.776] [main/INFO] [net.neoforged.fml.loading.moddiscovery.ModDiscoverer/SCAN]: Found mod file "lootintegrations_moog-1.9.jar" [locator: {mods folder locator at C:\Users\Jimmy\curseforge\minecraft\Instances\Arcadia V2\mods}, reader: mod manifest]
[20Apr2026 18:09:45.783] [main/INFO] [net.neoforged.fml.loading.moddiscovery.ModDiscoverer/SCAN]: Found mod file "lootintegrations_structory-1.4.jar" [locator: {mods folder locator at C:\Users\Jimmy\curseforge\minecraft\Instances\Arcadia V2\mods}, reader: mod manifest]
[20Apr2026 18:09:45.790] [main/INFO] [net.neoforged.fml.loading.moddiscovery.ModDiscoverer/SCAN]: Found mod file "lootjs-neoforge-1.21.1-3.6.1.jar" [locator: {mods folder locator at C:\Users\Jimmy\curseforge\minecraft\Instances\Arcadia V2\mods}, reader: mod manifest]
[20Apr2026 18:09:45.797] [main/INFO] [net.neoforged.fml.loading.moddiscovery.ModDiscoverer/SCAN]: Found mod file "lootr-neoforge-1.21.1-1.11.37.118.jar" [locator: {mods folder locator at C:\Users\Jimmy\curseforge\minecraft\Instances\Arcadia V2\mods}, reader: mod manifest]
[20Apr2026 18:09:45.803] [main/INFO] [net.neoforged.fml.loading.moddiscovery.ModDiscoverer/SCAN]: Found mod file "man_of_many_planes-0.2.1+1.21.1-neoforge.jar" [locator: {mods folder locator at C:\Users\Jimmy\curseforge\minecraft\Instances\Arcadia V2\mods}, reader: mod manifest]
[20Apr2026 18:09:45.811] [main/INFO] [net.neoforged.fml.loading.moddiscovery.ModDiscoverer/SCAN]: Found mod file "mcw-bridges-3.1.2-mc1.21.1neoforge.jar" [locator: {mods folder locator at C:\Users\Jimmy\curseforge\minecraft\Instances\Arcadia V2\mods}, reader: mod manifest]
[20Apr2026 18:09:45.818] [main/INFO] [net.neoforged.fml.loading.moddiscovery.ModDiscoverer/SCAN]: Found mod file "mcw-doors-1.1.5-mc1.21.1neoforge.jar" [locator: {mods folder locator at C:\Users\Jimmy\curseforge\minecraft\Instances\Arcadia V2\mods}, reader: mod manifest]
[20Apr2026 18:09:45.824] [main/INFO] [net.neoforged.fml.loading.moddiscovery.ModDiscoverer/SCAN]: Found mod file "mcw-furniture-3.4.1-mc1.21.1neoforge.jar" [locator: {mods folder locator at C:\Users\Jimmy\curseforge\minecraft\Instances\Arcadia V2\mods}, reader: mod manifest]
[20Apr2026 18:09:45.833] [main/INFO] [net.neoforged.fml.loading.moddiscovery.ModDiscoverer/SCAN]: Found mod file "mcw-holidays-1.1.2-mc1.21.1neoforge.jar" [locator: {mods folder locator at C:\Users\Jimmy\curseforge\minecraft\Instances\Arcadia V2\mods}, reader: mod manifest]
[20Apr2026 18:09:45.840] [main/INFO] [net.neoforged.fml.loading.moddiscovery.ModDiscoverer/SCAN]: Found mod file "mcw-lights-1.1.5-mc1.21.1neoforge.jar" [locator: {mods folder locator at C:\Users\Jimmy\curseforge\minecraft\Instances\Arcadia V2\mods}, reader: mod manifest]
[20Apr2026 18:09:45.847] [main/INFO] [net.neoforged.fml.loading.moddiscovery.ModDiscoverer/SCAN]: Found mod file "mcw-mcwfences-1.2.1-mc1.21.1neoforge.jar" [locator: {mods folder locator at C:\Users\Jimmy\curseforge\minecraft\Instances\Arcadia V2\mods}, reader: mod manifest]
[20Apr2026 18:09:45.854] [main/INFO] [net.neoforged.fml.loading.moddiscovery.ModDiscoverer/SCAN]: Found mod file "mcw-mcwpaths-1.1.1-mc1.21.1neoforge.jar" [locator: {mods folder locator at C:\Users\Jimmy\curseforge\minecraft\Instances\Arcadia V2\mods}, reader: mod manifest]
[20Apr2026 18:09:45.863] [main/INFO] [net.neoforged.fml.loading.moddiscovery.ModDiscoverer/SCAN]: Found mod file "mcw-mcwstairs-1.0.2-mc1.21.1neoforge.jar" [locator: {mods folder locator at C:\Users\Jimmy\curseforge\minecraft\Instances\Arcadia V2\mods}, reader: mod manifest]
[20Apr2026 18:09:45.871] [main/INFO] [net.neoforged.fml.loading.moddiscovery.ModDiscoverer/SCAN]: Found mod file "mcw-mcwwindows-2.4.2-mc1.21.1neoforge.jar" [locator: {mods folder locator at C:\Users\Jimmy\curseforge\minecraft\Instances\Arcadia V2\mods}, reader: mod manifest]
[20Apr2026 18:09:45.878] [main/INFO] [net.neoforged.fml.loading.moddiscovery.ModDiscoverer/SCAN]: Found mod file "mcw-paintings-1.1.0-mc1.21.1neoforge.jar" [locator: {mods folder locator at C:\Users\Jimmy\curseforge\minecraft\Instances\Arcadia V2\mods}, reader: mod manifest]
[20Apr2026 18:09:45.886] [main/INFO] [net.neoforged.fml.loading.moddiscovery.ModDiscoverer/SCAN]: Found mod file "mcw-roofs-2.3.2-mc1.21.1neoforge.jar" [locator: {mods folder locator at C:\Users\Jimmy\curseforge\minecraft\Instances\Arcadia V2\mods}, reader: mod manifest]
[20Apr2026 18:09:45.901] [main/INFO] [net.neoforged.fml.loading.moddiscovery.ModDiscoverer/SCAN]: Found mod file "mcw-trapdoors-1.1.5-mc1.21.1neoforge.jar" [locator: {mods folder locator at C:\Users\Jimmy\curseforge\minecraft\Instances\Arcadia V2\mods}, reader: mod manifest]
[20Apr2026 18:09:45.913] [main/INFO] [net.neoforged.fml.loading.moddiscovery.ModDiscoverer/SCAN]: Found mod file "mcwbiomesoplenty-neoforge-1.21.1-1.5.jar" [locator: {mods folder locator at C:\Users\Jimmy\curseforge\minecraft\Instances\Arcadia V2\mods}, reader: mod manifest]
[20Apr2026 18:09:45.918] [main/INFO] [net.neoforged.fml.loading.moddiscovery.ModDiscoverer/SCAN]: Found mod file "mechanical_botany-1.1.2+1.21.1-neoforged.jar" [locator: {mods folder locator at C:\Users\Jimmy\curseforge\minecraft\Instances\Arcadia V2\mods}, reader: mod manifest]
[20Apr2026 18:09:45.926] [main/INFO] [net.neoforged.fml.loading.moddiscovery.ModDiscoverer/SCAN]: Found mod file "mechanicals-1.21.1-1.1.0.jar" [locator: {mods folder locator at C:\Users\Jimmy\curseforge\minecraft\Instances\Arcadia V2\mods}, reader: mod manifest]
[20Apr2026 18:09:45.949] [main/INFO] [net.neoforged.fml.loading.moddiscovery.ModDiscoverer/SCAN]: Found mod file "Mekanism-1.21.1-10.7.19.85.jar" [locator: {mods folder locator at C:\Users\Jimmy\curseforge\minecraft\Instances\Arcadia V2\mods}, reader: mod manifest]
[20Apr2026 18:09:45.954] [main/INFO] [net.neoforged.fml.loading.moddiscovery.ModDiscoverer/SCAN]: Found mod file "MekanismGenerators-1.21.1-10.7.19.85.jar" [locator: {mods folder locator at C:\Users\Jimmy\curseforge\minecraft\Instances\Arcadia V2\mods}, reader: mod manifest]
[20Apr2026 18:09:45.962] [main/INFO] [net.neoforged.fml.loading.moddiscovery.ModDiscoverer/SCAN]: Found mod file "MekanismTools-1.21.1-10.7.19.85.jar" [locator: {mods folder locator at C:\Users\Jimmy\curseforge\minecraft\Instances\Arcadia V2\mods}, reader: mod manifest]
[20Apr2026 18:09:45.969] [main/INFO] [net.neoforged.fml.loading.moddiscovery.ModDiscoverer/SCAN]: Found mod file "melody_neoforge_1.0.10_MC_1.21.jar" [locator: {mods folder locator at C:\Users\Jimmy\curseforge\minecraft\Instances\Arcadia V2\mods}, reader: mod manifest]
[20Apr2026 18:09:45.975] [main/INFO] [net.neoforged.fml.loading.moddiscovery.ModDiscoverer/SCAN]: Found mod file "mimimod-1.21.1-4.3.0-neo.jar" [locator: {mods folder locator at C:\Users\Jimmy\curseforge\minecraft\Instances\Arcadia V2\mods}, reader: mod manifest]
[20Apr2026 18:09:45.982] [main/INFO] [net.neoforged.fml.loading.moddiscovery.ModDiscoverer/SCAN]: Found mod file "modelfix-1.21-1.10.jar" [locator: {mods folder locator at C:\Users\Jimmy\curseforge\minecraft\Instances\Arcadia V2\mods}, reader: mod manifest]
[20Apr2026 18:09:45.988] [main/INFO] [net.neoforged.fml.loading.moddiscovery.ModDiscoverer/SCAN]: Found mod file "modernfix-neoforge-5.27.2+mc1.21.1.jar" [locator: {mods folder locator at C:\Users\Jimmy\curseforge\minecraft\Instances\Arcadia V2\mods}, reader: mod manifest]
[20Apr2026 18:09:45.994] [main/INFO] [net.neoforged.fml.loading.moddiscovery.ModDiscoverer/SCAN]: Found mod file "modonomicon-1.21.1-neoforge-1.120.1.jar" [locator: {mods folder locator at C:\Users\Jimmy\curseforge\minecraft\Instances\Arcadia V2\mods}, reader: mod manifest]
[20Apr2026 18:09:46.001] [main/INFO] [net.neoforged.fml.loading.moddiscovery.ModDiscoverer/SCAN]: Found mod file "moogs_structures-neoforge-1.21.1-2.0.2.jar" [locator: {mods folder locator at C:\Users\Jimmy\curseforge\minecraft\Instances\Arcadia V2\mods}, reader: mod manifest]
[20Apr2026 18:09:46.007] [main/INFO] [net.neoforged.fml.loading.moddiscovery.ModDiscoverer/SCAN]: Found mod file "MoogsEndStructures-1.21-2.0.1.jar" [locator: {mods folder locator at C:\Users\Jimmy\curseforge\minecraft\Instances\Arcadia V2\mods}, reader: mod manifest]
[20Apr2026 18:09:46.013] [main/INFO] [net.neoforged.fml.loading.moddiscovery.ModDiscoverer/SCAN]: Found mod file "MoogsMissingVillages-1.21-2.0.0.jar" [locator: {mods folder locator at C:\Users\Jimmy\curseforge\minecraft\Instances\Arcadia V2\mods}, reader: mod manifest]
[20Apr2026 18:09:46.021] [main/INFO] [net.neoforged.fml.loading.moddiscovery.ModDiscoverer/SCAN]: Found mod file "MoogsNetherStructures-1.21-2.0.31.jar" [locator: {mods folder locator at C:\Users\Jimmy\curseforge\minecraft\Instances\Arcadia V2\mods}, reader: mod manifest]
[20Apr2026 18:09:46.026] [main/INFO] [net.neoforged.fml.loading.moddiscovery.ModDiscoverer/SCAN]: Found mod file "MoogsSoaringStructures-1.21-2.0.2.jar" [locator: {mods folder locator at C:\Users\Jimmy\curseforge\minecraft\Instances\Arcadia V2\mods}, reader: mod manifest]
[20Apr2026 18:09:46.033] [main/INFO] [net.neoforged.fml.loading.moddiscovery.ModDiscoverer/SCAN]: Found mod file "MoogsVoyagerStructures-1.21-5.0.5.jar" [locator: {mods folder locator at C:\Users\Jimmy\curseforge\minecraft\Instances\Arcadia V2\mods}, reader: mod manifest]
[20Apr2026 18:09:46.042] [main/INFO] [net.neoforged.fml.loading.moddiscovery.ModDiscoverer/SCAN]: Found mod file "moonlight-1.21-2.29.32-neoforge.jar" [locator: {mods folder locator at C:\Users\Jimmy\curseforge\minecraft\Instances\Arcadia V2\mods}, reader: mod manifest]
[20Apr2026 18:09:46.048] [main/INFO] [net.neoforged.fml.loading.moddiscovery.ModDiscoverer/SCAN]: Found mod file "MouseTweaks-neoforge-mc1.21-2.26.1.jar" [locator: {mods folder locator at C:\Users\Jimmy\curseforge\minecraft\Instances\Arcadia V2\mods}, reader: mod manifest]
[20Apr2026 18:09:46.054] [main/INFO] [net.neoforged.fml.loading.moddiscovery.ModDiscoverer/SCAN]: Found mod file "mowziesmobs-1.21.1-1.8.2.jar" [locator: {mods folder locator at C:\Users\Jimmy\curseforge\minecraft\Instances\Arcadia V2\mods}, reader: mod manifest]
[20Apr2026 18:09:46.061] [main/INFO] [net.neoforged.fml.loading.moddiscovery.ModDiscoverer/SCAN]: Found mod file "mss-1.2.7-1.21.jar" [locator: {mods folder locator at C:\Users\Jimmy\curseforge\minecraft\Instances\Arcadia V2\mods}, reader: mod manifest]
[20Apr2026 18:09:46.067] [main/INFO] [net.neoforged.fml.loading.moddiscovery.ModDiscoverer/SCAN]: Found mod file "MutantMonsters-v21.1.1-1.21.1-NeoForge.jar" [locator: {mods folder locator at C:\Users\Jimmy\curseforge\minecraft\Instances\Arcadia V2\mods}, reader: mod manifest]
[20Apr2026 18:09:46.073] [main/INFO] [net.neoforged.fml.loading.moddiscovery.ModDiscoverer/SCAN]: Found mod file "MyNethersDelight-1.21.1-1.9.jar" [locator: {mods folder locator at C:\Users\Jimmy\curseforge\minecraft\Instances\Arcadia V2\mods}, reader: mod manifest]
[20Apr2026 18:09:46.080] [main/INFO] [net.neoforged.fml.loading.moddiscovery.ModDiscoverer/SCAN]: Found mod file "mysterious_mountain_lib-1.2.15-1.21.1.jar" [locator: {mods folder locator at C:\Users\Jimmy\curseforge\minecraft\Instances\Arcadia V2\mods}, reader: mod manifest]
[20Apr2026 18:09:46.086] [main/INFO] [net.neoforged.fml.loading.moddiscovery.ModDiscoverer/SCAN]: Found mod file "NaturesCompass-1.21.1-3.4.0-neoforge.jar" [locator: {mods folder locator at C:\Users\Jimmy\curseforge\minecraft\Instances\Arcadia V2\mods}, reader: mod manifest]
[20Apr2026 18:09:46.092] [main/INFO] [net.neoforged.fml.loading.moddiscovery.ModDiscoverer/SCAN]: Found mod file "Necronomicon-NeoForge-1.6.0+1.21.jar" [locator: {mods folder locator at C:\Users\Jimmy\curseforge\minecraft\Instances\Arcadia V2\mods}, reader: mod manifest]
[20Apr2026 18:09:46.100] [main/INFO] [net.neoforged.fml.loading.moddiscovery.ModDiscoverer/SCAN]: Found mod file "neoncraft-1.1.1-neoforge-1.21.1.jar" [locator: {mods folder locator at C:\Users\Jimmy\curseforge\minecraft\Instances\Arcadia V2\mods}, reader: mod manifest]
[20Apr2026 18:09:46.106] [main/INFO] [net.neoforged.fml.loading.moddiscovery.ModDiscoverer/SCAN]: Found mod file "netherite_horse_armor-neoforge-1.21.1-2.0a.jar" [locator: {mods folder locator at C:\Users\Jimmy\curseforge\minecraft\Instances\Arcadia V2\mods}, reader: mod manifest]
[20Apr2026 18:09:46.114] [main/INFO] [net.neoforged.fml.loading.moddiscovery.ModDiscoverer/SCAN]: Found mod file "netherportalfix-neoforge-1.21.1-21.1.1.jar" [locator: {mods folder locator at C:\Users\Jimmy\curseforge\minecraft\Instances\Arcadia V2\mods}, reader: mod manifest]
[20Apr2026 18:09:46.121] [main/INFO] [net.neoforged.fml.loading.moddiscovery.ModDiscoverer/SCAN]: Found mod file "NoChatReports-NEOFORGE-1.21.1-v2.9.1.jar" [locator: {mods folder locator at C:\Users\Jimmy\curseforge\minecraft\Instances\Arcadia V2\mods}, reader: mod manifest]
[20Apr2026 18:09:46.131] [main/INFO] [net.neoforged.fml.loading.moddiscovery.ModDiscoverer/SCAN]: Found mod file "nomowanderer-neoforge-1.21.1-1.10.2.jar" [locator: {mods folder locator at C:\Users\Jimmy\curseforge\minecraft\Instances\Arcadia V2\mods}, reader: mod manifest]
[20Apr2026 18:09:46.138] [main/INFO] [net.neoforged.fml.loading.moddiscovery.ModDiscoverer/SCAN]: Found mod file "notenoughanimations-neoforge-1.12.2-mc1.21.1.jar" [locator: {mods folder locator at C:\Users\Jimmy\curseforge\minecraft\Instances\Arcadia V2\mods}, reader: mod manifest]
[20Apr2026 18:09:46.143] [main/INFO] [net.neoforged.fml.loading.moddiscovery.ModDiscoverer/SCAN]: Found mod file "observable-5.4.4.jar" [locator: {mods folder locator at C:\Users\Jimmy\curseforge\minecraft\Instances\Arcadia V2\mods}, reader: mod manifest]
[20Apr2026 18:09:46.147] [main/INFO] [net.neoforged.fml.loading.moddiscovery.ModDiscoverer/SCAN]: Found mod file "occultengineering-1.21.1-0.12.1.jar" [locator: {mods folder locator at C:\Users\Jimmy\curseforge\minecraft\Instances\Arcadia V2\mods}, reader: mod manifest]
[20Apr2026 18:09:46.156] [main/INFO] [net.neoforged.fml.loading.moddiscovery.ModDiscoverer/SCAN]: Found mod file "occultism-1.21.1-neoforge-1.208.0.jar" [locator: {mods folder locator at C:\Users\Jimmy\curseforge\minecraft\Instances\Arcadia V2\mods}, reader: mod manifest]
[20Apr2026 18:09:46.162] [main/INFO] [net.neoforged.fml.loading.moddiscovery.ModDiscoverer/SCAN]: Found mod file "occultism_kubejs-1.21.1-neoforge-1.11.0.jar" [locator: {mods folder locator at C:\Users\Jimmy\curseforge\minecraft\Instances\Arcadia V2\mods}, reader: mod manifest]
[20Apr2026 18:09:46.167] [main/INFO] [net.neoforged.fml.loading.moddiscovery.ModDiscoverer/SCAN]: Found mod file "oceansdelight-neoforge-1.0.3-1.21.jar" [locator: {mods folder locator at C:\Users\Jimmy\curseforge\minecraft\Instances\Arcadia V2\mods}, reader: mod manifest]
[20Apr2026 18:09:46.173] [main/INFO] [net.neoforged.fml.loading.moddiscovery.ModDiscoverer/SCAN]: Found mod file "OctoLib-NEOFORGE-0.6.1+1.21.jar" [locator: {mods folder locator at C:\Users\Jimmy\curseforge\minecraft\Instances\Arcadia V2\mods}, reader: mod manifest]
[20Apr2026 18:09:46.179] [main/INFO] [net.neoforged.fml.loading.moddiscovery.ModDiscoverer/SCAN]: Found mod file "offhandtickfix-neoforge-1.0.0-1.21.1.jar" [locator: {mods folder locator at C:\Users\Jimmy\curseforge\minecraft\Instances\Arcadia V2\mods}, reader: mod manifest]
[20Apr2026 18:09:46.184] [main/INFO] [net.neoforged.fml.loading.moddiscovery.ModDiscoverer/SCAN]: Found mod file "owo-lib-neoforge-0.12.15.5-beta.1+1.21.jar" [locator: {mods folder locator at C:\Users\Jimmy\curseforge\minecraft\Instances\Arcadia V2\mods}, reader: mod manifest]
[20Apr2026 18:09:46.191] [main/INFO] [net.neoforged.fml.loading.moddiscovery.ModDiscoverer/SCAN]: Found mod file "ParCool-1.21.1-3.4.3.1-NF.jar" [locator: {mods folder locator at C:\Users\Jimmy\curseforge\minecraft\Instances\Arcadia V2\mods}, reader: mod manifest]
[20Apr2026 18:09:46.197] [main/INFO] [net.neoforged.fml.loading.moddiscovery.ModDiscoverer/SCAN]: Found mod file "particle_core-0.3.3+1.21+neoforge.jar" [locator: {mods folder locator at C:\Users\Jimmy\curseforge\minecraft\Instances\Arcadia V2\mods}, reader: mod manifest]
[20Apr2026 18:09:46.202] [main/INFO] [net.neoforged.fml.loading.moddiscovery.ModDiscoverer/SCAN]: Found mod file "particular-1.21.1-NeoForge-1.1.7.jar" [locator: {mods folder locator at C:\Users\Jimmy\curseforge\minecraft\Instances\Arcadia V2\mods}, reader: mod manifest]
[20Apr2026 18:09:46.207] [main/INFO] [net.neoforged.fml.loading.moddiscovery.ModDiscoverer/SCAN]: Found mod file "Patchouli-1.21.1-93-NEOFORGE.jar" [locator: {mods folder locator at C:\Users\Jimmy\curseforge\minecraft\Instances\Arcadia V2\mods}, reader: mod manifest]
[20Apr2026 18:09:46.213] [main/INFO] [net.neoforged.fml.loading.moddiscovery.ModDiscoverer/SCAN]: Found mod file "Pehkui-3.8.3+1.21-neoforge.jar" [locator: {mods folder locator at C:\Users\Jimmy\curseforge\minecraft\Instances\Arcadia V2\mods}, reader: mod manifest]
[20Apr2026 18:09:46.220] [main/INFO] [net.neoforged.fml.loading.moddiscovery.ModDiscoverer/SCAN]: Found mod file "PickUpNotifier-v21.1.1-1.21.1-NeoForge.jar" [locator: {mods folder locator at C:\Users\Jimmy\curseforge\minecraft\Instances\Arcadia V2\mods}, reader: mod manifest]
[20Apr2026 18:09:46.226] [main/INFO] [net.neoforged.fml.loading.moddiscovery.ModDiscoverer/SCAN]: Found mod file "pipeorgans-0.8.2+1.21.1.jar" [locator: {mods folder locator at C:\Users\Jimmy\curseforge\minecraft\Instances\Arcadia V2\mods}, reader: mod manifest]
[20Apr2026 18:09:46.234] [main/INFO] [net.neoforged.fml.loading.moddiscovery.ModDiscoverer/SCAN]: Found mod file "Placebo-1.21.1-9.9.1.jar" [locator: {mods folder locator at C:\Users\Jimmy\curseforge\minecraft\Instances\Arcadia V2\mods}, reader: mod manifest]
[20Apr2026 18:09:46.242] [main/INFO] [net.neoforged.fml.loading.moddiscovery.ModDiscoverer/SCAN]: Found mod file "player-animation-lib-forge-2.0.4+1.21.1.jar" [locator: {mods folder locator at C:\Users\Jimmy\curseforge\minecraft\Instances\Arcadia V2\mods}, reader: mod manifest]
[20Apr2026 18:09:46.249] [main/INFO] [net.neoforged.fml.loading.moddiscovery.ModDiscoverer/SCAN]: Found mod file "polymorph-neoforge-1.1.0+1.21.1.jar" [locator: {mods folder locator at C:\Users\Jimmy\curseforge\minecraft\Instances\Arcadia V2\mods}, reader: mod manifest]
[20Apr2026 18:09:46.258] [main/INFO] [net.neoforged.fml.loading.moddiscovery.ModDiscoverer/SCAN]: Found mod file "prickle-neoforge-1.21.1-21.1.11.jar" [locator: {mods folder locator at C:\Users\Jimmy\curseforge\minecraft\Instances\Arcadia V2\mods}, reader: mod manifest]
[20Apr2026 18:09:46.263] [main/INFO] [net.neoforged.fml.loading.moddiscovery.ModDiscoverer/SCAN]: Found mod file "Prism-1.21.1-neoforge-1.0.11.jar" [locator: {mods folder locator at C:\Users\Jimmy\curseforge\minecraft\Instances\Arcadia V2\mods}, reader: mod manifest]
[20Apr2026 18:09:46.271] [main/INFO] [net.neoforged.fml.loading.moddiscovery.ModDiscoverer/SCAN]: Found mod file "PuzzlesLib-v21.1.39-1.21.1-NeoForge.jar" [locator: {mods folder locator at C:\Users\Jimmy\curseforge\minecraft\Instances\Arcadia V2\mods}, reader: mod manifest]
[20Apr2026 18:09:46.277] [main/INFO] [net.neoforged.fml.loading.moddiscovery.ModDiscoverer/SCAN]: Found mod file "rch-supplementaries-compat-neoforge-2.0.0+1.21.jar" [locator: {mods folder locator at C:\Users\Jimmy\curseforge\minecraft\Instances\Arcadia V2\mods}, reader: mod manifest]
[20Apr2026 18:09:46.282] [main/INFO] [net.neoforged.fml.loading.moddiscovery.ModDiscoverer/SCAN]: Found mod file "recepiesfromjoe-3.0.4-neoforge-1.21.1.jar" [locator: {mods folder locator at C:\Users\Jimmy\curseforge\minecraft\Instances\Arcadia V2\mods}, reader: mod manifest]
[20Apr2026 18:09:46.293] [main/INFO] [net.neoforged.fml.loading.moddiscovery.ModDiscoverer/SCAN]: Found mod file "rechiseled-1.2.4-neoforge-mc1.21.jar" [locator: {mods folder locator at C:\Users\Jimmy\curseforge\minecraft\Instances\Arcadia V2\mods}, reader: mod manifest]
[20Apr2026 18:09:46.299] [main/INFO] [net.neoforged.fml.loading.moddiscovery.ModDiscoverer/SCAN]: Found mod file "rechiseledcreate-1.1.0-neoforge-mc1.21.jar" [locator: {mods folder locator at C:\Users\Jimmy\curseforge\minecraft\Instances\Arcadia V2\mods}, reader: mod manifest]
[20Apr2026 18:09:46.305] [main/INFO] [net.neoforged.fml.loading.moddiscovery.ModDiscoverer/SCAN]: Found mod file "recipeessentials-1.21-4.0.jar" [locator: {mods folder locator at C:\Users\Jimmy\curseforge\minecraft\Instances\Arcadia V2\mods}, reader: mod manifest]
[20Apr2026 18:09:46.311] [main/INFO] [net.neoforged.fml.loading.moddiscovery.ModDiscoverer/SCAN]: Found mod file "reeses-sodium-options-neoforge-1.8.3+mc1.21.4.jar" [locator: {mods folder locator at C:\Users\Jimmy\curseforge\minecraft\Instances\Arcadia V2\mods}, reader: mod manifest]
[20Apr2026 18:09:46.317] [main/INFO] [net.neoforged.fml.loading.moddiscovery.ModDiscoverer/SCAN]: Found mod file "refinedstorage-curios-integration-1.0.0.jar" [locator: {mods folder locator at C:\Users\Jimmy\curseforge\minecraft\Instances\Arcadia V2\mods}, reader: mod manifest]
[20Apr2026 18:09:46.323] [main/INFO] [net.neoforged.fml.loading.moddiscovery.ModDiscoverer/SCAN]: Found mod file "refinedstorage-jei-integration-neoforge-1.0.0.jar" [locator: {mods folder locator at C:\Users\Jimmy\curseforge\minecraft\Instances\Arcadia V2\mods}, reader: mod manifest]
[20Apr2026 18:09:46.328] [main/INFO] [net.neoforged.fml.loading.moddiscovery.ModDiscoverer/SCAN]: Found mod file "refinedstorage-mekanism-integration-1.1.1.jar" [locator: {mods folder locator at C:\Users\Jimmy\curseforge\minecraft\Instances\Arcadia V2\mods}, reader: mod manifest]
[20Apr2026 18:09:46.334] [main/INFO] [net.neoforged.fml.loading.moddiscovery.ModDiscoverer/SCAN]: Found mod file "refinedstorage-neoforge-2.0.3.jar" [locator: {mods folder locator at C:\Users\Jimmy\curseforge\minecraft\Instances\Arcadia V2\mods}, reader: mod manifest]
[20Apr2026 18:09:46.340] [main/INFO] [net.neoforged.fml.loading.moddiscovery.ModDiscoverer/SCAN]: Found mod file "refinedstorage-quartz-arsenal-neoforge-1.0.6.jar" [locator: {mods folder locator at C:\Users\Jimmy\curseforge\minecraft\Instances\Arcadia V2\mods}, reader: mod manifest]
[20Apr2026 18:09:46.347] [main/INFO] [net.neoforged.fml.loading.moddiscovery.ModDiscoverer/SCAN]: Found mod file "refurbished_furniture-neoforge-1.21.1-1.0.22.jar" [locator: {mods folder locator at C:\Users\Jimmy\curseforge\minecraft\Instances\Arcadia V2\mods}, reader: mod manifest]
[20Apr2026 18:09:46.353] [main/INFO] [net.neoforged.fml.loading.moddiscovery.ModDiscoverer/SCAN]: Found mod file "resourcefulconfig-neoforge-1.21-3.0.11.jar" [locator: {mods folder locator at C:\Users\Jimmy\curseforge\minecraft\Instances\Arcadia V2\mods}, reader: mod manifest]
[20Apr2026 18:09:46.359] [main/INFO] [net.neoforged.fml.loading.moddiscovery.ModDiscoverer/SCAN]: Found mod file "resourcefullib-neoforge-1.21-3.0.12.jar" [locator: {mods folder locator at C:\Users\Jimmy\curseforge\minecraft\Instances\Arcadia V2\mods}, reader: mod manifest]
[20Apr2026 18:09:46.364] [main/INFO] [net.neoforged.fml.loading.moddiscovery.ModDiscoverer/SCAN]: Found mod file "ResourcePackOverrides-v21.1.0-1.21.1-NeoForge.jar" [locator: {mods folder locator at C:\Users\Jimmy\curseforge\minecraft\Instances\Arcadia V2\mods}, reader: mod manifest]
[20Apr2026 18:09:46.370] [main/INFO] [net.neoforged.fml.loading.moddiscovery.ModDiscoverer/SCAN]: Found mod file "revive_me-1.21.1-5.7.14.jar" [locator: {mods folder locator at C:\Users\Jimmy\curseforge\minecraft\Instances\Arcadia V2\mods}, reader: mod manifest]
[20Apr2026 18:09:46.376] [main/INFO] [net.neoforged.fml.loading.moddiscovery.ModDiscoverer/SCAN]: Found mod file "rhino-2101.2.7-build.81.jar" [locator: {mods folder locator at C:\Users\Jimmy\curseforge\minecraft\Instances\Arcadia V2\mods}, reader: mod manifest]
[20Apr2026 18:09:46.382] [main/INFO] [net.neoforged.fml.loading.moddiscovery.ModDiscoverer/SCAN]: Found mod file "rightclickharvest-neoforge-4.6.1+1.21.1.jar" [locator: {mods folder locator at C:\Users\Jimmy\curseforge\minecraft\Instances\Arcadia V2\mods}, reader: mod manifest]
[20Apr2026 18:09:46.388] [main/INFO] [net.neoforged.fml.loading.moddiscovery.ModDiscoverer/SCAN]: Found mod file "rsinfinitybooster-neoforge-1.21.1-1.0.0.48.jar" [locator: {mods folder locator at C:\Users\Jimmy\curseforge\minecraft\Instances\Arcadia V2\mods}, reader: mod manifest]
[20Apr2026 18:09:46.394] [main/INFO] [net.neoforged.fml.loading.moddiscovery.ModDiscoverer/SCAN]: Found mod file "rspolymorph-1.0.7.jar" [locator: {mods folder locator at C:\Users\Jimmy\curseforge\minecraft\Instances\Arcadia V2\mods}, reader: mod manifest]
[20Apr2026 18:09:46.400] [main/INFO] [net.neoforged.fml.loading.moddiscovery.ModDiscoverer/SCAN]: Found mod file "screenshot-to-clipboard-neoforge-1.0.10.jar" [locator: {mods folder locator at C:\Users\Jimmy\curseforge\minecraft\Instances\Arcadia V2\mods}, reader: mod manifest]
[20Apr2026 18:09:46.406] [main/INFO] [net.neoforged.fml.loading.moddiscovery.ModDiscoverer/SCAN]: Found mod file "Searchables-neoforge-1.21.1-1.0.2.jar" [locator: {mods folder locator at C:\Users\Jimmy\curseforge\minecraft\Instances\Arcadia V2\mods}, reader: mod manifest]
[20Apr2026 18:09:46.413] [main/INFO] [net.neoforged.fml.loading.moddiscovery.ModDiscoverer/SCAN]: Found mod file "selfexpression-2.22a-neoforge-1.21.1.jar" [locator: {mods folder locator at C:\Users\Jimmy\curseforge\minecraft\Instances\Arcadia V2\mods}, reader: mod manifest]
[20Apr2026 18:09:46.419] [main/INFO] [net.neoforged.fml.loading.moddiscovery.ModDiscoverer/SCAN]: Found mod file "selfexpression_new_edge-1.0-neoforge-1.21.1.jar" [locator: {mods folder locator at C:\Users\Jimmy\curseforge\minecraft\Instances\Arcadia V2\mods}, reader: mod manifest]
[20Apr2026 18:09:46.425] [main/INFO] [net.neoforged.fml.loading.moddiscovery.ModDiscoverer/SCAN]: Found mod file "selfexpression_romashka_edition-0.0.4-neoforge-1.21.1.jar" [locator: {mods folder locator at C:\Users\Jimmy\curseforge\minecraft\Instances\Arcadia V2\mods}, reader: mod manifest]
[20Apr2026 18:09:46.431] [main/INFO] [net.neoforged.fml.loading.moddiscovery.ModDiscoverer/SCAN]: Found mod file "selfexpression_slim-1.5-neoforge-1.21.1.jar" [locator: {mods folder locator at C:\Users\Jimmy\curseforge\minecraft\Instances\Arcadia V2\mods}, reader: mod manifest]
[20Apr2026 18:09:46.436] [main/INFO] [net.neoforged.fml.loading.moddiscovery.ModDiscoverer/SCAN]: Found mod file "simple_voice_broadcast-neoforge-1.21.1-1.0.0.jar" [locator: {mods folder locator at C:\Users\Jimmy\curseforge\minecraft\Instances\Arcadia V2\mods}, reader: mod manifest]
[20Apr2026 18:09:46.448] [main/INFO] [net.neoforged.fml.loading.moddiscovery.ModDiscoverer/SCAN]: Found mod file "simplehats-neoforge-1.21.1-0.4.0.jar" [locator: {mods folder locator at C:\Users\Jimmy\curseforge\minecraft\Instances\Arcadia V2\mods}, reader: mod manifest]
[20Apr2026 18:09:46.455] [main/INFO] [net.neoforged.fml.loading.moddiscovery.ModDiscoverer/SCAN]: Found mod file "simplyswords-neoforge-1.63.0-1.21.1.jar" [locator: {mods folder locator at C:\Users\Jimmy\curseforge\minecraft\Instances\Arcadia V2\mods}, reader: mod manifest]
[20Apr2026 18:09:46.463] [main/INFO] [net.neoforged.fml.loading.moddiscovery.ModDiscoverer/SCAN]: Found mod file "SimplyTooltips-neoforge-0.1.3.jar" [locator: {mods folder locator at C:\Users\Jimmy\curseforge\minecraft\Instances\Arcadia V2\mods}, reader: mod manifest]
[20Apr2026 18:09:46.470] [main/INFO] [net.neoforged.fml.loading.moddiscovery.ModDiscoverer/SCAN]: Found mod file "sit-1.21.1-1.4.jar" [locator: {mods folder locator at C:\Users\Jimmy\curseforge\minecraft\Instances\Arcadia V2\mods}, reader: mod manifest]
[20Apr2026 18:09:46.477] [main/INFO] [net.neoforged.fml.loading.moddiscovery.ModDiscoverer/SCAN]: Found mod file "skinrestorer-2.7.0+1.21-neoforge.jar" [locator: {mods folder locator at C:\Users\Jimmy\curseforge\minecraft\Instances\Arcadia V2\mods}, reader: mod manifest]
[20Apr2026 18:09:46.484] [main/INFO] [net.neoforged.fml.loading.moddiscovery.ModDiscoverer/SCAN]: Found mod file "sliceanddice-forge-4.2.4.jar" [locator: {mods folder locator at C:\Users\Jimmy\curseforge\minecraft\Instances\Arcadia V2\mods}, reader: mod manifest]
[20Apr2026 18:09:46.490] [main/INFO] [net.neoforged.fml.loading.moddiscovery.ModDiscoverer/SCAN]: Found mod file "SmartBrainLib-neoforge-1.21.1-1.16.11.jar" [locator: {mods folder locator at C:\Users\Jimmy\curseforge\minecraft\Instances\Arcadia V2\mods}, reader: mod manifest]
[20Apr2026 18:09:46.497] [main/INFO] [net.neoforged.fml.loading.moddiscovery.ModDiscoverer/SCAN]: Found mod file "smoothchunk-1.21-4.1.jar" [locator: {mods folder locator at C:\Users\Jimmy\curseforge\minecraft\Instances\Arcadia V2\mods}, reader: mod manifest]
[20Apr2026 18:09:46.504] [main/INFO] [net.neoforged.fml.loading.moddiscovery.ModDiscoverer/SCAN]: Found mod file "sneak_through_berries-neoforge-21.1.0.jar" [locator: {mods folder locator at C:\Users\Jimmy\curseforge\minecraft\Instances\Arcadia V2\mods}, reader: mod manifest]
[20Apr2026 18:09:46.511] [main/INFO] [net.neoforged.fml.loading.moddiscovery.ModDiscoverer/SCAN]: Found mod file "sodium-neoforge-0.6.13+mc1.21.1.jar" [locator: {mods folder locator at C:\Users\Jimmy\curseforge\minecraft\Instances\Arcadia V2\mods}, reader: mod manifest]
[20Apr2026 18:09:46.518] [main/INFO] [net.neoforged.fml.loading.moddiscovery.ModDiscoverer/SCAN]: Found mod file "sodiumextras-neoforge-1.0.8-1.21.1.jar" [locator: {mods folder locator at C:\Users\Jimmy\curseforge\minecraft\Instances\Arcadia V2\mods}, reader: mod manifest]
[20Apr2026 18:09:46.524] [main/INFO] [net.neoforged.fml.loading.moddiscovery.ModDiscoverer/SCAN]: Found mod file "sodiumleafculling-neoforge-1.0.1-1.21.1.jar" [locator: {mods folder locator at C:\Users\Jimmy\curseforge\minecraft\Instances\Arcadia V2\mods}, reader: mod manifest]
[20Apr2026 18:09:46.531] [main/INFO] [net.neoforged.fml.loading.moddiscovery.ModDiscoverer/SCAN]: Found mod file "sodiumoptionsapi-neoforge-1.0.10-1.21.1.jar" [locator: {mods folder locator at C:\Users\Jimmy\curseforge\minecraft\Instances\Arcadia V2\mods}, reader: mod manifest]
[20Apr2026 18:09:46.539] [main/INFO] [net.neoforged.fml.loading.moddiscovery.ModDiscoverer/SCAN]: Found mod file "sodiumoptionsmodcompat-neoforge-1.0.0-1.21.1.jar" [locator: {mods folder locator at C:\Users\Jimmy\curseforge\minecraft\Instances\Arcadia V2\mods}, reader: mod manifest]
[20Apr2026 18:09:46.547] [main/INFO] [net.neoforged.fml.loading.moddiscovery.ModDiscoverer/SCAN]: Found mod file "SomeMoreBlocks@neoforge-1.21-1.1.5-HF.jar" [locator: {mods folder locator at C:\Users\Jimmy\curseforge\minecraft\Instances\Arcadia V2\mods}, reader: mod manifest]
[20Apr2026 18:09:46.554] [main/INFO] [net.neoforged.fml.loading.moddiscovery.ModDiscoverer/SCAN]: Found mod file "sophisticatedbackpacks-1.21.1-3.25.40.1677.jar" [locator: {mods folder locator at C:\Users\Jimmy\curseforge\minecraft\Instances\Arcadia V2\mods}, reader: mod manifest]
[20Apr2026 18:09:46.563] [main/INFO] [net.neoforged.fml.loading.moddiscovery.ModDiscoverer/SCAN]: Found mod file "sophisticatedbackpackscreateintegration-1.21.1-0.1.5.29.jar" [locator: {mods folder locator at C:\Users\Jimmy\curseforge\minecraft\Instances\Arcadia V2\mods}, reader: mod manifest]
[20Apr2026 18:09:46.570] [main/INFO] [net.neoforged.fml.loading.moddiscovery.ModDiscoverer/SCAN]: Found mod file "sophisticatedcore-1.21.1-1.4.24.1680.jar" [locator: {mods folder locator at C:\Users\Jimmy\curseforge\minecraft\Instances\Arcadia V2\mods}, reader: mod manifest]
[20Apr2026 18:09:46.577] [main/INFO] [net.neoforged.fml.loading.moddiscovery.ModDiscoverer/SCAN]: Found mod file "sophisticatedstorage-1.21.1-1.5.37.1622.jar" [locator: {mods folder locator at C:\Users\Jimmy\curseforge\minecraft\Instances\Arcadia V2\mods}, reader: mod manifest]
[20Apr2026 18:09:46.584] [main/INFO] [net.neoforged.fml.loading.moddiscovery.ModDiscoverer/SCAN]: Found mod file "sophisticatedstoragecreateintegration-1.21.1-0.1.15.116.jar" [locator: {mods folder locator at C:\Users\Jimmy\curseforge\minecraft\Instances\Arcadia V2\mods}, reader: mod manifest]
[20Apr2026 18:09:46.590] [main/INFO] [net.neoforged.fml.loading.moddiscovery.ModDiscoverer/SCAN]: Found mod file "sophisticatedstorageinmotion-1.21.1-0.10.27.208.jar" [locator: {mods folder locator at C:\Users\Jimmy\curseforge\minecraft\Instances\Arcadia V2\mods}, reader: mod manifest]
[20Apr2026 18:09:46.598] [main/INFO] [net.neoforged.fml.loading.moddiscovery.ModDiscoverer/SCAN]: Found mod file "sound-physics-remastered-neoforge-1.21.1-1.5.1.jar" [locator: {mods folder locator at C:\Users\Jimmy\curseforge\minecraft\Instances\Arcadia V2\mods}, reader: mod manifest]
[20Apr2026 18:09:46.605] [main/INFO] [net.neoforged.fml.loading.moddiscovery.ModDiscoverer/SCAN]: Found mod file "spark-1.10.124-neoforge.jar" [locator: {mods folder locator at C:\Users\Jimmy\curseforge\minecraft\Instances\Arcadia V2\mods}, reader: mod manifest]
[20Apr2026 18:09:46.611] [main/INFO] [net.neoforged.fml.loading.moddiscovery.ModDiscoverer/SCAN]: Found mod file "Spice of Life Onion_NEOFORGE_v1.5.6_mc1.21.1.jar" [locator: {mods folder locator at C:\Users\Jimmy\curseforge\minecraft\Instances\Arcadia V2\mods}, reader: mod manifest]
[20Apr2026 18:09:46.618] [main/INFO] [net.neoforged.fml.loading.moddiscovery.ModDiscoverer/SCAN]: Found mod file "spiffyhud_neoforge_3.1.0_MC_1.21.1.jar" [locator: {mods folder locator at C:\Users\Jimmy\curseforge\minecraft\Instances\Arcadia V2\mods}, reader: mod manifest]
[20Apr2026 18:09:46.625] [main/INFO] [net.neoforged.fml.loading.moddiscovery.ModDiscoverer/SCAN]: Found mod file "spyglass_improvements-1.5.7+mc1.21+neoforge.jar" [locator: {mods folder locator at C:\Users\Jimmy\curseforge\minecraft\Instances\Arcadia V2\mods}, reader: mod manifest]
[20Apr2026 18:09:46.634] [main/INFO] [net.neoforged.fml.loading.moddiscovery.ModDiscoverer/SCAN]: Found mod file "starterkit-1.21.1-7.4.jar" [locator: {mods folder locator at C:\Users\Jimmy\curseforge\minecraft\Instances\Arcadia V2\mods}, reader: mod manifest]
[20Apr2026 18:09:46.641] [main/INFO] [net.neoforged.fml.loading.moddiscovery.ModDiscoverer/SCAN]: Found mod file "storagedelight-25.12.09-1.21-neoforge.jar" [locator: {mods folder locator at C:\Users\Jimmy\curseforge\minecraft\Instances\Arcadia V2\mods}, reader: mod manifest]
[20Apr2026 18:09:46.648] [main/INFO] [net.neoforged.fml.loading.moddiscovery.ModDiscoverer/SCAN]: Found mod file "StrawStatues-v21.1.0-1.21.1-NeoForge.jar" [locator: {mods folder locator at C:\Users\Jimmy\curseforge\minecraft\Instances\Arcadia V2\mods}, reader: mod manifest]
[20Apr2026 18:09:46.656] [main/INFO] [net.neoforged.fml.loading.moddiscovery.ModDiscoverer/SCAN]: Found mod file "Structory_26.1_v1.3.16.jar" [locator: {mods folder locator at C:\Users\Jimmy\curseforge\minecraft\Instances\Arcadia V2\mods}, reader: mod manifest]
[20Apr2026 18:09:46.663] [main/INFO] [net.neoforged.fml.loading.moddiscovery.ModDiscoverer/SCAN]: Found mod file "Structory_Towers_26.1_v1.0.16.jar" [locator: {mods folder locator at C:\Users\Jimmy\curseforge\minecraft\Instances\Arcadia V2\mods}, reader: mod manifest]
[20Apr2026 18:09:46.669] [main/INFO] [net.neoforged.fml.loading.moddiscovery.ModDiscoverer/SCAN]: Found mod file "structureessentials-1.21.1-4.8.jar" [locator: {mods folder locator at C:\Users\Jimmy\curseforge\minecraft\Instances\Arcadia V2\mods}, reader: mod manifest]
[20Apr2026 18:09:46.675] [main/INFO] [net.neoforged.fml.loading.moddiscovery.ModDiscoverer/SCAN]: Found mod file "supermartijn642configlib-1.1.8-neoforge-mc1.21.jar" [locator: {mods folder locator at C:\Users\Jimmy\curseforge\minecraft\Instances\Arcadia V2\mods}, reader: mod manifest]
[20Apr2026 18:09:46.683] [main/INFO] [net.neoforged.fml.loading.moddiscovery.ModDiscoverer/SCAN]: Found mod file "supermartijn642corelib-1.1.21-neoforge-mc1.21.jar" [locator: {mods folder locator at C:\Users\Jimmy\curseforge\minecraft\Instances\Arcadia V2\mods}, reader: mod manifest]
[20Apr2026 18:09:46.692] [main/INFO] [net.neoforged.fml.loading.moddiscovery.ModDiscoverer/SCAN]: Found mod file "supplementaries-1.21-3.5.34-neoforge.jar" [locator: {mods folder locator at C:\Users\Jimmy\curseforge\minecraft\Instances\Arcadia V2\mods}, reader: mod manifest]
[20Apr2026 18:09:46.699] [main/INFO] [net.neoforged.fml.loading.moddiscovery.ModDiscoverer/SCAN]: Found mod file "suppsquared-1.21-1.2.17-neoforge.jar" [locator: {mods folder locator at C:\Users\Jimmy\curseforge\minecraft\Instances\Arcadia V2\mods}, reader: mod manifest]
[20Apr2026 18:09:46.706] [main/INFO] [net.neoforged.fml.loading.moddiscovery.ModDiscoverer/SCAN]: Found mod file "TA 1.6.4, Neoforge 1.21.1.jar" [locator: {mods folder locator at C:\Users\Jimmy\curseforge\minecraft\Instances\Arcadia V2\mods}, reader: mod manifest]
[20Apr2026 18:09:46.713] [main/INFO] [net.neoforged.fml.loading.moddiscovery.ModDiscoverer/SCAN]: Found mod file "TerraBlender-neoforge-1.21.1-4.1.0.8.jar" [locator: {mods folder locator at C:\Users\Jimmy\curseforge\minecraft\Instances\Arcadia V2\mods}, reader: mod manifest]
[20Apr2026 18:09:46.720] [main/INFO] [net.neoforged.fml.loading.moddiscovery.ModDiscoverer/SCAN]: Found mod file "tfbr-1.21.1-4.2.2.jar" [locator: {mods folder locator at C:\Users\Jimmy\curseforge\minecraft\Instances\Arcadia V2\mods}, reader: mod manifest]
[20Apr2026 18:09:46.729] [main/INFO] [net.neoforged.fml.loading.moddiscovery.ModDiscoverer/SCAN]: Found mod file "tfmg-1.2.0.jar" [locator: {mods folder locator at C:\Users\Jimmy\curseforge\minecraft\Instances\Arcadia V2\mods}, reader: mod manifest]
[20Apr2026 18:09:46.734] [main/INFO] [net.neoforged.fml.loading.moddiscovery.ModDiscoverer/SCAN]: Found mod file "tfthreadsafetyaddon-0.1.3.jar" [locator: {mods folder locator at C:\Users\Jimmy\curseforge\minecraft\Instances\Arcadia V2\mods}, reader: mod manifest]
[20Apr2026 18:09:46.742] [main/INFO] [net.neoforged.fml.loading.moddiscovery.ModDiscoverer/SCAN]: Found mod file "titanium-1.21-4.0.37.jar" [locator: {mods folder locator at C:\Users\Jimmy\curseforge\minecraft\Instances\Arcadia V2\mods}, reader: mod manifest]
[20Apr2026 18:09:46.750] [main/INFO] [net.neoforged.fml.loading.moddiscovery.ModDiscoverer/SCAN]: Found mod file "toofast-1.21.0-0.4.3.6.jar" [locator: {mods folder locator at C:\Users\Jimmy\curseforge\minecraft\Instances\Arcadia V2\mods}, reader: mod manifest]
[20Apr2026 18:09:46.755] [main/INFO] [net.neoforged.fml.loading.moddiscovery.ModDiscoverer/SCAN]: Found mod file "torchmaster-neoforge-1.21.1-21.1.9.jar" [locator: {mods folder locator at C:\Users\Jimmy\curseforge\minecraft\Instances\Arcadia V2\mods}, reader: mod manifest]
[20Apr2026 18:09:46.763] [main/INFO] [net.neoforged.fml.loading.moddiscovery.ModDiscoverer/SCAN]: Found mod file "trade-cycling-neoforge-1.21.1-1.0.18.jar" [locator: {mods folder locator at C:\Users\Jimmy\curseforge\minecraft\Instances\Arcadia V2\mods}, reader: mod manifest]
[20Apr2026 18:09:46.770] [main/INFO] [net.neoforged.fml.loading.moddiscovery.ModDiscoverer/SCAN]: Found mod file "trading_floor-3.0.16.jar" [locator: {mods folder locator at C:\Users\Jimmy\curseforge\minecraft\Instances\Arcadia V2\mods}, reader: mod manifest]
[20Apr2026 18:09:46.777] [main/INFO] [net.neoforged.fml.loading.moddiscovery.ModDiscoverer/SCAN]: Found mod file "trailandtales_delight-0.4.jar" [locator: {mods folder locator at C:\Users\Jimmy\curseforge\minecraft\Instances\Arcadia V2\mods}, reader: mod manifest]
[20Apr2026 18:09:46.784] [main/INFO] [net.neoforged.fml.loading.moddiscovery.ModDiscoverer/SCAN]: Found mod file "trashcans-1.0.18c-neoforge-mc1.21.jar" [locator: {mods folder locator at C:\Users\Jimmy\curseforge\minecraft\Instances\Arcadia V2\mods}, reader: mod manifest]
[20Apr2026 18:09:46.790] [main/INFO] [net.neoforged.fml.loading.moddiscovery.ModDiscoverer/SCAN]: Found mod file "trashslot-neoforge-1.21.1-21.1.8.jar" [locator: {mods folder locator at C:\Users\Jimmy\curseforge\minecraft\Instances\Arcadia V2\mods}, reader: mod manifest]
[20Apr2026 18:09:46.796] [main/INFO] [net.neoforged.fml.loading.moddiscovery.ModDiscoverer/SCAN]: Found mod file "trenzalore-neo-6.1.1+mc1.21.1.jar" [locator: {mods folder locator at C:\Users\Jimmy\curseforge\minecraft\Instances\Arcadia V2\mods}, reader: mod manifest]
[20Apr2026 18:09:46.804] [main/INFO] [net.neoforged.fml.loading.moddiscovery.ModDiscoverer/SCAN]: Found mod file "twilight_forest_final_boss-2.1.0+4.7.3196+1.21.1.jar" [locator: {mods folder locator at C:\Users\Jimmy\curseforge\minecraft\Instances\Arcadia V2\mods}, reader: mod manifest]
[20Apr2026 18:09:46.811] [main/INFO] [net.neoforged.fml.loading.moddiscovery.ModDiscoverer/SCAN]: Found mod file "twilightdelight-3.1.1.jar" [locator: {mods folder locator at C:\Users\Jimmy\curseforge\minecraft\Instances\Arcadia V2\mods}, reader: mod manifest]
[20Apr2026 18:09:46.820] [main/INFO] [net.neoforged.fml.loading.moddiscovery.ModDiscoverer/SCAN]: Found mod file "twilightforest-1.21.1-4.8.3345-universal.jar" [locator: {mods folder locator at C:\Users\Jimmy\curseforge\minecraft\Instances\Arcadia V2\mods}, reader: mod manifest]
[20Apr2026 18:09:46.827] [main/INFO] [net.neoforged.fml.loading.moddiscovery.ModDiscoverer/SCAN]: Found mod file "TwilightTreehouses-1.0.2-1.21.1-neoforge.jar" [locator: {mods folder locator at C:\Users\Jimmy\curseforge\minecraft\Instances\Arcadia V2\mods}, reader: mod manifest]
[20Apr2026 18:09:46.834] [main/INFO] [net.neoforged.fml.loading.moddiscovery.ModDiscoverer/SCAN]: Found mod file "txnilib-neoforge-1.0.24-1.21.1.jar" [locator: {mods folder locator at C:\Users\Jimmy\curseforge\minecraft\Instances\Arcadia V2\mods}, reader: mod manifest]
[20Apr2026 18:09:46.840] [main/INFO] [net.neoforged.fml.loading.moddiscovery.ModDiscoverer/SCAN]: Found mod file "underground_village-neoforge-1.21.1-1.5.7.jar" [locator: {mods folder locator at C:\Users\Jimmy\curseforge\minecraft\Instances\Arcadia V2\mods}, reader: mod manifest]
[20Apr2026 18:09:46.846] [main/INFO] [net.neoforged.fml.loading.moddiscovery.ModDiscoverer/SCAN]: Found mod file "UndergroundBunkers-1.0.4-1.21.x-neoforge.jar" [locator: {mods folder locator at C:\Users\Jimmy\curseforge\minecraft\Instances\Arcadia V2\mods}, reader: mod manifest]
[20Apr2026 18:09:46.855] [main/INFO] [net.neoforged.fml.loading.moddiscovery.ModDiscoverer/SCAN]: Found mod file "UniLib-1.2.1+1.21.1-neoforge.jar" [locator: {mods folder locator at C:\Users\Jimmy\curseforge\minecraft\Instances\Arcadia V2\mods}, reader: mod manifest]
[20Apr2026 18:09:46.861] [main/INFO] [net.neoforged.fml.loading.moddiscovery.ModDiscoverer/SCAN]: Found mod file "VisualWorkbench-v21.1.1-1.21.1-NeoForge.jar" [locator: {mods folder locator at C:\Users\Jimmy\curseforge\minecraft\Instances\Arcadia V2\mods}, reader: mod manifest]
[20Apr2026 18:09:46.868] [main/INFO] [net.neoforged.fml.loading.moddiscovery.ModDiscoverer/SCAN]: Found mod file "voicechat-neoforge-1.21.1-2.6.16.jar" [locator: {mods folder locator at C:\Users\Jimmy\curseforge\minecraft\Instances\Arcadia V2\mods}, reader: mod manifest]
[20Apr2026 18:09:46.875] [main/INFO] [net.neoforged.fml.loading.moddiscovery.ModDiscoverer/SCAN]: Found mod file "voidtotem-neoforge-1.21.1-4.0.0.jar" [locator: {mods folder locator at C:\Users\Jimmy\curseforge\minecraft\Instances\Arcadia V2\mods}, reader: mod manifest]
[20Apr2026 18:09:46.880] [main/INFO] [net.neoforged.fml.loading.moddiscovery.ModDiscoverer/SCAN]: Found mod file "waterframes-NEOFORGE-mc1.21.1-v2.1.22.jar" [locator: {mods folder locator at C:\Users\Jimmy\curseforge\minecraft\Instances\Arcadia V2\mods}, reader: mod manifest]
[20Apr2026 18:09:46.887] [main/INFO] [net.neoforged.fml.loading.moddiscovery.ModDiscoverer/SCAN]: Found mod file "watermedia-2.1.37.jar" [locator: {mods folder locator at C:\Users\Jimmy\curseforge\minecraft\Instances\Arcadia V2\mods}, reader: mod manifest]
[20Apr2026 18:09:46.894] [main/INFO] [net.neoforged.fml.loading.moddiscovery.ModDiscoverer/SCAN]: Found mod file "watermedia_youtube_plugin-2.1.2.jar" [locator: {mods folder locator at C:\Users\Jimmy\curseforge\minecraft\Instances\Arcadia V2\mods}, reader: mod manifest]
[20Apr2026 18:09:46.899] [main/INFO] [net.neoforged.fml.loading.moddiscovery.ModDiscoverer/SCAN]: Found mod file "watervision-NF-mc1.21.1-v0.1.0-alpha.jar" [locator: {mods folder locator at C:\Users\Jimmy\curseforge\minecraft\Instances\Arcadia V2\mods}, reader: mod manifest]
[20Apr2026 18:09:46.905] [main/INFO] [net.neoforged.fml.loading.moddiscovery.ModDiscoverer/SCAN]: Found mod file "waystones-neoforge-1.21.1-21.1.29.jar" [locator: {mods folder locator at C:\Users\Jimmy\curseforge\minecraft\Instances\Arcadia V2\mods}, reader: mod manifest]
[20Apr2026 18:09:46.910] [main/INFO] [net.neoforged.fml.loading.moddiscovery.ModDiscoverer/SCAN]: Found mod file "worldedit-hang-fix-v1.0.5-mc1.20.6-neoforge.jar" [locator: {mods folder locator at C:\Users\Jimmy\curseforge\minecraft\Instances\Arcadia V2\mods}, reader: mod manifest]
[20Apr2026 18:09:46.916] [main/INFO] [net.neoforged.fml.loading.moddiscovery.ModDiscoverer/SCAN]: Found mod file "worldedit-mod-7.3.8.jar" [locator: {mods folder locator at C:\Users\Jimmy\curseforge\minecraft\Instances\Arcadia V2\mods}, reader: mod manifest]
[20Apr2026 18:09:46.922] [main/INFO] [net.neoforged.fml.loading.moddiscovery.ModDiscoverer/SCAN]: Found mod file "worldedit_items-2.0-neoforge-1.21.1.jar" [locator: {mods folder locator at C:\Users\Jimmy\curseforge\minecraft\Instances\Arcadia V2\mods}, reader: mod manifest]
[20Apr2026 18:09:46.927] [main/INFO] [net.neoforged.fml.loading.moddiscovery.ModDiscoverer/SCAN]: Found mod file "xptome-1.21.1-2.4.jar" [locator: {mods folder locator at C:\Users\Jimmy\curseforge\minecraft\Instances\Arcadia V2\mods}, reader: mod manifest]
[20Apr2026 18:09:46.931] [main/INFO] [net.neoforged.fml.loading.moddiscovery.ModDiscoverer/SCAN]: Found mod file "yawp-1.21.1-neoforge-0.6.2-beta1.jar" [locator: {mods folder locator at C:\Users\Jimmy\curseforge\minecraft\Instances\Arcadia V2\mods}, reader: mod manifest]
[20Apr2026 18:09:46.938] [main/INFO] [net.neoforged.fml.loading.moddiscovery.ModDiscoverer/SCAN]: Found mod file "yeetusexperimentus-neoforge-87.0.0.jar" [locator: {mods folder locator at C:\Users\Jimmy\curseforge\minecraft\Instances\Arcadia V2\mods}, reader: mod manifest]
[20Apr2026 18:09:46.952] [main/INFO] [net.neoforged.fml.loading.moddiscovery.ModDiscoverer/SCAN]: Found mod file "Ixeris-4.1.10+1.21.1-neoforge-mod.jar" [parent: , locator: jarinjar, reader: mod manifest]
[20Apr2026 18:09:46.955] [main/INFO] [net.neoforged.fml.loading.moddiscovery.ModDiscoverer/SCAN]: Found mod file "fakedate-1.0.3+1.21.1-neoforge-mod.jar" [parent: , locator: jarinjar, reader: mod manifest]
[20Apr2026 18:09:48.008] [main/WARN] [net.neoforged.jarjar.selection.JarSelector/]: Attempted to select two dependency jars from JarJar which have the same identification: Nested Mod File  in Mod File: C:\Users\Jimmy\curseforge\minecraft\Instances\Arcadia V2\mods\CreateDragonsPlus-1.8.8.jar and Nested Mod File  in Mod File: C:\Users\Jimmy\curseforge\minecraft\Instances\Arcadia V2\mods\particle_core-0.3.3+1.21+neoforge.jar. Using Nested Mod File  in Mod File: C:\Users\Jimmy\curseforge\minecraft\Instances\Arcadia V2\mods\CreateDragonsPlus-1.8.8.jar
[20Apr2026 18:09:48.011] [main/WARN] [net.neoforged.jarjar.selection.JarSelector/]: Attempted to select a dependency jar for JarJar which was passed in as source: playeranimator. Using Mod File: C:\Users\Jimmy\curseforge\minecraft\Instances\Arcadia V2\mods\player-animation-lib-forge-2.0.4+1.21.1.jar
[20Apr2026 18:09:48.011] [main/WARN] [net.neoforged.jarjar.selection.JarSelector/]: Attempted to select a dependency jar for JarJar which was passed in as source: accessories. Using Mod File: C:\Users\Jimmy\curseforge\minecraft\Instances\Arcadia V2\mods\accessories-neoforge-1.1.0-beta.53+1.21.1.jar
[20Apr2026 18:09:48.011] [main/WARN] [net.neoforged.jarjar.selection.JarSelector/]: Attempted to select a dependency jar for JarJar which was passed in as source: terrablender. Using Mod File: C:\Users\Jimmy\curseforge\minecraft\Instances\Arcadia V2\mods\TerraBlender-neoforge-1.21.1-4.1.0.8.jar
[20Apr2026 18:09:48.011] [main/INFO] [net.neoforged.fml.loading.moddiscovery.locators.JarInJarDependencyLocator/]: Found 121 dependencies adding them to mods collection
[20Apr2026 18:09:48.011] [main/INFO] [net.neoforged.fml.loading.moddiscovery.ModDiscoverer/SCAN]: Found mod file "kuma-api-neoforge-21.0.7+1.21.jar" [parent: balm-neoforge-1.21.1-21.0.56.jar, locator: jarinjar, reader: mod manifest]
[20Apr2026 18:09:48.011] [main/INFO] [net.neoforged.fml.loading.moddiscovery.ModDiscoverer/SCAN]: Found mod file "fabric-renderer-api-v1-3.4.1+9125b6dc19.jar" [parent: forgified-fabric-api-0.116.7+2.2.4+1.21.1.jar, locator: jarinjar, reader: mod manifest]
[20Apr2026 18:09:48.011] [main/INFO] [net.neoforged.fml.loading.moddiscovery.ModDiscoverer/SCAN]: Found library file "BlockModelSplitter-2.0.1.jar" [parent: ImmersiveEngineering-1.21.1-12.4.2-194.jar, locator: jarinjar, reader: mod manifest]
[20Apr2026 18:09:48.012] [main/INFO] [net.neoforged.fml.loading.moddiscovery.ModDiscoverer/SCAN]: Found mod file "sauce-1.21.1-0.0.16.46.jar" [parent: ars_technica-1.21.1-2.7.6.jar, locator: jarinjar, reader: mod manifest]
[20Apr2026 18:09:48.012] [main/INFO] [net.neoforged.fml.loading.moddiscovery.ModDiscoverer/SCAN]: Found mod file "ponder-neoforge-1.0.81+mc1.21.1.jar" [parent: create-1.21.1-6.0.9.jar, locator: jarinjar, reader: mod manifest]
[20Apr2026 18:09:48.012] [main/INFO] [net.neoforged.fml.loading.moddiscovery.ModDiscoverer/SCAN]: Found mod file "fabric-item-api-v1-11.2.0+0c57911319.jar" [parent: forgified-fabric-api-0.116.7+2.2.4+1.21.1.jar, locator: jarinjar, reader: mod manifest]
[20Apr2026 18:09:48.012] [main/INFO] [net.neoforged.fml.loading.moddiscovery.ModDiscoverer/SCAN]: Found mod file "fabric-rendering-fluids-v1-3.1.6+a51883b219.jar" [parent: forgified-fabric-api-0.116.7+2.2.4+1.21.1.jar, locator: jarinjar, reader: mod manifest]
[20Apr2026 18:09:48.012] [main/INFO] [net.neoforged.fml.loading.moddiscovery.ModDiscoverer/SCAN]: Found library file "yumi-commons-collections-1.0.0-beta.4.jar" [parent: lambdynamiclights-api-4.5.1+1.21.1-mojmap.jar, locator: jarinjar, reader: mod manifest]
[20Apr2026 18:09:48.012] [main/INFO] [net.neoforged.fml.loading.moddiscovery.ModDiscoverer/SCAN]: Found library file "netty-0.1.4.1.jar" [parent: owo-lib-neoforge-0.12.15.5-beta.1+1.21.jar, locator: jarinjar]
[20Apr2026 18:09:48.013] [main/INFO] [net.neoforged.fml.loading.moddiscovery.ModDiscoverer/SCAN]: Found mod file "fabric-convention-tags-v1-2.1.5+7f945d5b19.jar" [parent: forgified-fabric-api-0.116.7+2.2.4+1.21.1.jar, locator: jarinjar, reader: mod manifest]
[20Apr2026 18:09:48.013] [main/INFO] [net.neoforged.fml.loading.moddiscovery.ModDiscoverer/SCAN]: Found library file "endec-0.1.8.1.jar" [parent: owo-lib-neoforge-0.12.15.5-beta.1+1.21.jar, locator: jarinjar]
[20Apr2026 18:09:48.013] [main/INFO] [net.neoforged.fml.loading.moddiscovery.ModDiscoverer/SCAN]: Found library file "kotlinx-coroutines-core-jvm-1.10.2.jar" [parent: kotlinforforge-5.11.0-all.jar, locator: jarinjar]
[20Apr2026 18:09:48.013] [main/INFO] [net.neoforged.fml.loading.moddiscovery.ModDiscoverer/SCAN]: Found mod file "fabric-block-view-api-v2-1.0.11+e9036fd419.jar" [parent: forgified-fabric-api-0.116.7+2.2.4+1.21.1.jar, locator: jarinjar, reader: mod manifest]
[20Apr2026 18:09:48.013] [main/INFO] [net.neoforged.fml.loading.moddiscovery.ModDiscoverer/SCAN]: Found mod file "fabric-command-api-v2-2.2.28+36d727be19.jar" [parent: forgified-fabric-api-0.115.6+2.1.0+1.21.1.jar, locator: jarinjar, reader: mod manifest]
[20Apr2026 18:09:48.013] [main/INFO] [net.neoforged.fml.loading.moddiscovery.ModDiscoverer/SCAN]: Found mod file "fabric-convention-tags-v2-2.11.1+87e5848019.jar" [parent: forgified-fabric-api-0.116.7+2.2.4+1.21.1.jar, locator: jarinjar, reader: mod manifest]
[20Apr2026 18:09:48.013] [main/INFO] [net.neoforged.fml.loading.moddiscovery.ModDiscoverer/SCAN]: Found mod file "fabric-data-attachment-api-v1-1.4.5+26d408aa19.jar" [parent: forgified-fabric-api-0.116.7+2.2.4+1.21.1.jar, locator: jarinjar, reader: mod manifest]
[20Apr2026 18:09:48.013] [main/INFO] [net.neoforged.fml.loading.moddiscovery.ModDiscoverer/SCAN]: Found library file "jctools-core-4.0.5.jar" [parent: farsight-1.21.1-4.5.jar, locator: jarinjar]
[20Apr2026 18:09:48.013] [main/INFO] [net.neoforged.fml.loading.moddiscovery.ModDiscoverer/SCAN]: Found mod file "tiny-config-3.1.0-neoforge.jar" [parent: bettercombat-neoforge-2.3.2+1.21.1.jar, locator: jarinjar, reader: mod manifest]
[20Apr2026 18:09:48.013] [main/INFO] [net.neoforged.fml.loading.moddiscovery.ModDiscoverer/SCAN]: Found library file "yumi-commons-event-1.0.0-beta.4.jar" [parent: lambdynamiclights-api-4.5.1+1.21.1-mojmap.jar, locator: jarinjar, reader: mod manifest]
[20Apr2026 18:09:48.013] [main/INFO] [net.neoforged.fml.loading.moddiscovery.ModDiscoverer/SCAN]: Found mod file "statuemenus-neoforge-21.1.0.jar" [parent: StrawStatues-v21.1.0-1.21.1-NeoForge.jar, locator: jarinjar, reader: mod manifest]
[20Apr2026 18:09:48.013] [main/INFO] [net.neoforged.fml.loading.moddiscovery.ModDiscoverer/SCAN]: Found mod file "nuggets-neoforge-1.21.1-1.1.0.48.jar" [parent: ars_nouveau-1.21.1-5.11.3.jar, locator: jarinjar, reader: mod manifest]
[20Apr2026 18:09:48.013] [main/INFO] [net.neoforged.fml.loading.moddiscovery.ModDiscoverer/SCAN]: Found library file "kotlin-stdlib-jdk7-2.3.0.jar" [parent: kotlinforforge-5.11.0-all.jar, locator: jarinjar]
[20Apr2026 18:09:48.013] [main/INFO] [net.neoforged.fml.loading.moddiscovery.ModDiscoverer/SCAN]: Found mod file "fabric-screen-api-v1-2.0.25+4228281319.jar" [parent: forgified-fabric-api-0.115.6+2.1.0+1.21.1.jar, locator: jarinjar, reader: mod manifest]
[20Apr2026 18:09:48.013] [main/INFO] [net.neoforged.fml.loading.moddiscovery.ModDiscoverer/SCAN]: Found library file "kotlin-stdlib-jdk8-2.3.0.jar" [parent: kotlinforforge-5.11.0-all.jar, locator: jarinjar]
[20Apr2026 18:09:48.013] [main/INFO] [net.neoforged.fml.loading.moddiscovery.ModDiscoverer/SCAN]: Found gamelibrary file "DualCodecs-0.1.2.jar" [parent: ImmersiveEngineering-1.21.1-12.4.2-194.jar, locator: jarinjar, reader: mod manifest]
[20Apr2026 18:09:48.013] [main/INFO] [net.neoforged.fml.loading.moddiscovery.ModDiscoverer/SCAN]: Found library file "yamlbeans-1.17.jar" [parent: Emojiful-Neoforge-1.21-5.2.2-all.jar, locator: jarinjar]
[20Apr2026 18:09:48.013] [main/INFO] [net.neoforged.fml.loading.moddiscovery.ModDiscoverer/SCAN]: Found library file "forgified-fabric-loader-2.5.68+0.18.4+1.21.1-full.jar" [parent: forgified-fabric-api-0.116.7+2.2.4+1.21.1.jar, locator: jarinjar, reader: mod manifest]
[20Apr2026 18:09:48.013] [main/INFO] [net.neoforged.fml.loading.moddiscovery.ModDiscoverer/SCAN]: Found mod file "forgified-fabric-api-0.115.6+2.1.0+1.21.1.jar" [parent: txnilib-neoforge-1.0.24-1.21.1.jar, locator: jarinjar, reader: mod manifest]
[20Apr2026 18:09:48.013] [main/INFO] [net.neoforged.fml.loading.moddiscovery.ModDiscoverer/SCAN]: Found mod file "fabric-content-registries-v0-8.0.19+5e0d320019.jar" [parent: forgified-fabric-api-0.116.7+2.2.4+1.21.1.jar, locator: jarinjar, reader: mod manifest]
[20Apr2026 18:09:48.013] [main/INFO] [net.neoforged.fml.loading.moddiscovery.ModDiscoverer/SCAN]: Found library file "kotlinx-serialization-json-jvm-1.9.0.jar" [parent: kotlinforforge-5.11.0-all.jar, locator: jarinjar]
[20Apr2026 18:09:48.013] [main/INFO] [net.neoforged.fml.loading.moddiscovery.ModDiscoverer/SCAN]: Found library file "bytecodecs-1.1.2.jar" [parent: resourcefullib-neoforge-1.21-3.0.12.jar, locator: jarinjar]
[20Apr2026 18:09:48.013] [main/INFO] [net.neoforged.fml.loading.moddiscovery.ModDiscoverer/SCAN]: Found library file "snakeyaml-2.2.jar" [parent: OctoLib-NEOFORGE-0.6.1+1.21.jar, locator: jarinjar]
[20Apr2026 18:09:48.013] [main/INFO] [net.neoforged.fml.loading.moddiscovery.ModDiscoverer/SCAN]: Found gamelibrary file "l2serial-3.0.9+5.jar" [parent: barbequesdelight-1.2.2.jar, locator: jarinjar, reader: mod manifest]
[20Apr2026 18:09:48.013] [main/INFO] [net.neoforged.fml.loading.moddiscovery.ModDiscoverer/SCAN]: Found gamelibrary file "mixinextras-neoforge-0.5.3.jar" [parent: neoforge-21.1.221-universal.jar, locator: jarinjar, reader: mod manifest]
[20Apr2026 18:09:48.013] [main/INFO] [net.neoforged.fml.loading.moddiscovery.ModDiscoverer/SCAN]: Found library file "yumi-commons-core-1.0.0-beta.4.jar" [parent: lambdynamiclights-api-4.5.1+1.21.1-mojmap.jar, locator: jarinjar, reader: mod manifest]
[20Apr2026 18:09:48.013] [main/INFO] [net.neoforged.fml.loading.moddiscovery.ModDiscoverer/SCAN]: Found mod file "fabric-game-rule-api-v1-1.0.53+36d727be19.jar" [parent: forgified-fabric-api-0.115.6+2.1.0+1.21.1.jar, locator: jarinjar, reader: mod manifest]
[20Apr2026 18:09:48.013] [main/INFO] [net.neoforged.fml.loading.moddiscovery.ModDiscoverer/SCAN]: Found mod file "fabric-api-lookup-api-v1-1.6.71+c290471319.jar" [parent: forgified-fabric-api-0.116.7+2.2.4+1.21.1.jar, locator: jarinjar, reader: mod manifest]
[20Apr2026 18:09:48.013] [main/INFO] [net.neoforged.fml.loading.moddiscovery.ModDiscoverer/SCAN]: Found library file "commonmark-ext-ins-0.27.1.jar" [parent: modonomicon-1.21.1-neoforge-1.120.1.jar, locator: jarinjar]
[20Apr2026 18:09:48.015] [main/INFO] [net.neoforged.fml.loading.moddiscovery.ModDiscoverer/SCAN]: Found mod file "bendy-lib-forge-5.1.jar" [parent: emotecraft-for-MC1.21.1-2.4.12-neoforge.jar, locator: jarinjar, reader: mod manifest]
[20Apr2026 18:09:48.015] [main/INFO] [net.neoforged.fml.loading.moddiscovery.ModDiscoverer/SCAN]: Found library file "jcpp-1.4.14.jar" [parent: iris-neoforge-1.8.12+mc1.21.1.jar, locator: jarinjar]
[20Apr2026 18:09:48.015] [main/INFO] [net.neoforged.fml.loading.moddiscovery.ModDiscoverer/SCAN]: Found library file "kotlin-stdlib-2.3.0.jar" [parent: kotlinforforge-5.11.0-all.jar, locator: jarinjar]
[20Apr2026 18:09:48.015] [main/INFO] [net.neoforged.fml.loading.moddiscovery.ModDiscoverer/SCAN]: Found library file "mysql-connector-j-8.3.0.jar" [parent: arcadia-lib-1.2.0.jar, locator: jarinjar]
[20Apr2026 18:09:48.015] [main/INFO] [net.neoforged.fml.loading.moddiscovery.ModDiscoverer/SCAN]: Found gamelibrary file "l2modularblocks-3.0.0+4.jar" [parent: cuisinedelight-1.2.7.jar, locator: jarinjar, reader: mod manifest]
[20Apr2026 18:09:48.015] [main/INFO] [net.neoforged.fml.loading.moddiscovery.ModDiscoverer/SCAN]: Found library file "tomlkt-jvm-0.3.7.jar" [parent: fzzy_config-0.7.6+1.21+neoforge.jar, locator: jarinjar]
[20Apr2026 18:09:48.015] [main/INFO] [net.neoforged.fml.loading.moddiscovery.ModDiscoverer/SCAN]: Found library file "HikariCP-5.1.0.jar" [parent: arcadia-lib-1.2.0.jar, locator: jarinjar]
[20Apr2026 18:09:48.015] [main/INFO] [net.neoforged.fml.loading.moddiscovery.ModDiscoverer/SCAN]: Found mod file "fabric-entity-events-v1-1.8.0+5ede667619.jar" [parent: forgified-fabric-api-0.116.7+2.2.4+1.21.1.jar, locator: jarinjar, reader: mod manifest]
[20Apr2026 18:09:48.015] [main/INFO] [net.neoforged.fml.loading.moddiscovery.ModDiscoverer/SCAN]: Found library file "MixinSquared-0.3.7-beta.1.jar" [parent: mixinsquared-neoforge-0.3.7-beta.1.jar, locator: jarinjar]
[20Apr2026 18:09:48.015] [main/INFO] [net.neoforged.fml.loading.moddiscovery.ModDiscoverer/SCAN]: Found library file "MathParser.org-mXparser-5.2.1.jar" [parent: man_of_many_planes-0.2.1+1.21.1-neoforge.jar, locator: jarinjar]
[20Apr2026 18:09:48.015] [main/INFO] [net.neoforged.fml.loading.moddiscovery.ModDiscoverer/SCAN]: Found mod file "cumulus_menus-1.21.1-2.0.7-neoforge.jar" [parent: aether-1.21.1-1.5.10-neoforge.jar, locator: jarinjar, reader: mod manifest]
[20Apr2026 18:09:48.015] [main/INFO] [net.neoforged.fml.loading.moddiscovery.ModDiscoverer/SCAN]: Found library file "commonmark-0.27.1.jar" [parent: modonomicon-1.21.1-neoforge-1.120.1.jar, locator: jarinjar]
[20Apr2026 18:09:48.016] [main/INFO] [net.neoforged.fml.loading.moddiscovery.ModDiscoverer/SCAN]: Found mod file "fabric-loot-api-v2-3.0.15+a3ee712d19.jar" [parent: forgified-fabric-api-0.115.6+2.1.0+1.21.1.jar, locator: jarinjar, reader: mod manifest]
[20Apr2026 18:09:48.016] [main/INFO] [net.neoforged.fml.loading.moddiscovery.ModDiscoverer/SCAN]: Found gamelibrary file "mixinsquared-forge-0.1.1.jar" [parent: supplementaries-1.21-3.5.34-neoforge.jar, locator: jarinjar, reader: mod manifest]
[20Apr2026 18:09:48.016] [main/INFO] [net.neoforged.fml.loading.moddiscovery.ModDiscoverer/SCAN]: Found mod file "conditional-mixin-neoforge-0.6.4.jar" [parent: CreateDragonsPlus-1.8.8.jar, locator: jarinjar, reader: mod manifest]
[20Apr2026 18:09:48.016] [main/INFO] [net.neoforged.fml.loading.moddiscovery.ModDiscoverer/SCAN]: Found mod file "fabric-loot-api-v3-1.0.3+333dfad919.jar" [parent: forgified-fabric-api-0.115.6+2.1.0+1.21.1.jar, locator: jarinjar, reader: mod manifest]
[20Apr2026 18:09:48.016] [main/INFO] [net.neoforged.fml.loading.moddiscovery.ModDiscoverer/SCAN]: Found mod file "TRansition-1.0.17-1.21.1-neoforge-SNAPSHOT.jar" [parent: entityculling-neoforge-1.10.1-mc1.21.1.jar, locator: jarinjar, reader: mod manifest]
[20Apr2026 18:09:48.016] [main/INFO] [net.neoforged.fml.loading.moddiscovery.ModDiscoverer/SCAN]: Found mod file "fabric-rendering-data-attachment-v1-0.3.49+73761d2e19.jar" [parent: forgified-fabric-api-0.116.7+2.2.4+1.21.1.jar, locator: jarinjar, reader: mod manifest]
[20Apr2026 18:09:48.016] [main/INFO] [net.neoforged.fml.loading.moddiscovery.ModDiscoverer/SCAN]: Found library file "imageio-webp-3.12.0.jar" [parent: immersive_paintings-neoforge-1.21.1-0.7.6.jar, locator: jarinjar]
[20Apr2026 18:09:48.016] [main/INFO] [net.neoforged.fml.loading.moddiscovery.ModDiscoverer/SCAN]: Found mod file "nitrogen_internals-1.21.1-1.1.25-neoforge.jar" [parent: aether-1.21.1-1.5.10-neoforge.jar, locator: jarinjar, reader: mod manifest]
[20Apr2026 18:09:48.016] [main/INFO] [net.neoforged.fml.loading.moddiscovery.ModDiscoverer/SCAN]: Found mod file "flightlib-neoforge-3.2.1.jar" [parent: create_jetpack-forge-5.1.2.jar, locator: jarinjar, reader: mod manifest]
[20Apr2026 18:09:48.016] [main/INFO] [net.neoforged.fml.loading.moddiscovery.ModDiscoverer/SCAN]: Found library file "kotlinx-serialization-core-jvm-1.9.0.jar" [parent: kotlinforforge-5.11.0-all.jar, locator: jarinjar]
[20Apr2026 18:09:48.016] [main/INFO] [net.neoforged.fml.loading.moddiscovery.ModDiscoverer/SCAN]: Found mod file "fabric-networking-api-v1-4.3.0+30a980d919.jar" [parent: forgified-fabric-api-0.116.7+2.2.4+1.21.1.jar, locator: jarinjar, reader: mod manifest]
[20Apr2026 18:09:48.017] [main/INFO] [net.neoforged.fml.loading.moddiscovery.ModDiscoverer/SCAN]: Found gamelibrary file "Registrate-MC1.21-1.3.0+67.jar" [parent: arsdelight-2.1.9.jar, locator: jarinjar, reader: mod manifest]
[20Apr2026 18:09:48.017] [main/INFO] [net.neoforged.fml.loading.moddiscovery.ModDiscoverer/SCAN]: Found library file "japng-0.5.3.jar" [parent: fancymenu_neoforge_3.8.1_MC_1.21.1.jar, locator: jarinjar]
[20Apr2026 18:09:48.017] [main/INFO] [net.neoforged.fml.loading.moddiscovery.ModDiscoverer/SCAN]: Found mod file "infiniverse-568341-5486311.jar" [parent: ars_nouveau-1.21.1-5.11.3.jar, locator: jarinjar, reader: mod manifest]
[20Apr2026 18:09:48.017] [main/INFO] [net.neoforged.fml.loading.moddiscovery.ModDiscoverer/SCAN]: Found mod file "fabric-lifecycle-events-v1-2.6.0+e40d8add19.jar" [parent: forgified-fabric-api-0.116.7+2.2.4+1.21.1.jar, locator: jarinjar, reader: mod manifest]
[20Apr2026 18:09:48.017] [main/INFO] [net.neoforged.fml.loading.moddiscovery.ModDiscoverer/SCAN]: Found library file "imageio-core-3.12.0.jar" [parent: immersive_paintings-neoforge-1.21.1-0.7.6.jar, locator: jarinjar]
[20Apr2026 18:09:48.017] [main/INFO] [net.neoforged.fml.loading.moddiscovery.ModDiscoverer/SCAN]: Found mod file "fabric-key-binding-api-v1-1.0.47+62cc7ce119.jar" [parent: forgified-fabric-api-0.116.7+2.2.4+1.21.1.jar, locator: jarinjar, reader: mod manifest]
[20Apr2026 18:09:48.017] [main/INFO] [net.neoforged.fml.loading.moddiscovery.ModDiscoverer/SCAN]: Found mod file "fabric-client-tags-api-v1-1.1.15+e053909619.jar" [parent: forgified-fabric-api-0.115.6+2.1.0+1.21.1.jar, locator: jarinjar, reader: mod manifest]
[20Apr2026 18:09:48.017] [main/INFO] [net.neoforged.fml.loading.moddiscovery.ModDiscoverer/SCAN]: Found mod file "fabric-transfer-api-v1-5.4.3+a25cb45619.jar" [parent: forgified-fabric-api-0.116.7+2.2.4+1.21.1.jar, locator: jarinjar, reader: mod manifest]
[20Apr2026 18:09:48.017] [main/INFO] [net.neoforged.fml.loading.moddiscovery.ModDiscoverer/SCAN]: Found library file "commonmark-ext-gfm-strikethrough-0.27.1.jar" [parent: modonomicon-1.21.1-neoforge-1.120.1.jar, locator: jarinjar]
[20Apr2026 18:09:48.017] [main/INFO] [net.neoforged.fml.loading.moddiscovery.ModDiscoverer/SCAN]: Found library file "jankson-0.1.5.1.jar" [parent: owo-lib-neoforge-0.12.15.5-beta.1+1.21.jar, locator: jarinjar]
[20Apr2026 18:09:48.017] [main/INFO] [net.neoforged.fml.loading.moddiscovery.ModDiscoverer/SCAN]: Found mod file "fabric-model-loading-api-v1-2.1.0+6e8f52c719.jar" [parent: forgified-fabric-api-0.116.7+2.2.4+1.21.1.jar, locator: jarinjar, reader: mod manifest]
[20Apr2026 18:09:48.017] [main/INFO] [net.neoforged.fml.loading.moddiscovery.ModDiscoverer/SCAN]: Found library file "net.neoforged.neoforge-coremods-21.1.221.jar" [parent: neoforge-21.1.221-universal.jar, locator: jarinjar, reader: mod manifest]
[20Apr2026 18:09:48.017] [main/INFO] [net.neoforged.fml.loading.moddiscovery.ModDiscoverer/SCAN]: Found mod file "configlibtxf-7.2.8-neoforge.jar" [parent: critterarmory-1.21.1-0.6.3-neoforge.jar, locator: jarinjar, reader: mod manifest]
[20Apr2026 18:09:48.017] [main/INFO] [net.neoforged.fml.loading.moddiscovery.ModDiscoverer/SCAN]: Found mod file "fabric-screen-handler-api-v1-1.3.90+8dbc56dd19.jar" [parent: forgified-fabric-api-0.116.7+2.2.4+1.21.1.jar, locator: jarinjar, reader: mod manifest]
[20Apr2026 18:09:48.018] [main/INFO] [net.neoforged.fml.loading.moddiscovery.ModDiscoverer/SCAN]: Found mod file "fabric-resource-loader-v0-1.3.1+4ea8954419.jar" [parent: forgified-fabric-api-0.116.7+2.2.4+1.21.1.jar, locator: jarinjar, reader: mod manifest]
[20Apr2026 18:09:48.018] [main/INFO] [net.neoforged.fml.loading.moddiscovery.ModDiscoverer/SCAN]: Found library file "cobalt-0.9.7.jar" [parent: cc-tweaked-1.21.1-forge-1.117.1.jar, locator: jarinjar]
[20Apr2026 18:09:48.018] [main/INFO] [net.neoforged.fml.loading.moddiscovery.ModDiscoverer/SCAN]: Found mod file "TRender-1.0.12-1.21.1-neoforge-SNAPSHOT.jar" [parent: entityculling-neoforge-1.10.1-mc1.21.1.jar, locator: jarinjar, reader: mod manifest]
[20Apr2026 18:09:48.018] [main/INFO] [net.neoforged.fml.loading.moddiscovery.ModDiscoverer/SCAN]: Found mod file "fabric-rendering-v1-5.1.0+1a09bd5a19.jar" [parent: forgified-fabric-api-0.116.7+2.2.4+1.21.1.jar, locator: jarinjar, reader: mod manifest]
[20Apr2026 18:09:48.019] [main/INFO] [net.neoforged.fml.loading.moddiscovery.ModDiscoverer/SCAN]: Found mod file "fabric-renderer-indigo-1.7.1+9125b6dc19.jar" [parent: forgified-fabric-api-0.116.7+2.2.4+1.21.1.jar, locator: jarinjar, reader: mod manifest]
[20Apr2026 18:09:48.019] [main/INFO] [net.neoforged.fml.loading.moddiscovery.ModDiscoverer/SCAN]: Found library file "yabn-1.0.3.jar" [parent: resourcefullib-neoforge-1.21-3.0.12.jar, locator: jarinjar]
[20Apr2026 18:09:48.019] [main/INFO] [net.neoforged.fml.loading.moddiscovery.ModDiscoverer/SCAN]: Found gamelibrary file "mixinsquared-neoforge-0.3.7-beta.1.jar" [parent: cable_facades-1.21.1-NeoForge-2.0.0.jar, locator: jarinjar, reader: mod manifest]
[20Apr2026 18:09:48.019] [main/INFO] [net.neoforged.fml.loading.moddiscovery.ModDiscoverer/SCAN]: Found library file "net.caffeinemc.sodium-neoforge-0.6.13+mc1.21.1-service.jar" [parent: sodium-neoforge-0.6.13+mc1.21.1.jar, locator: jarinjar, reader: mod manifest]
[20Apr2026 18:09:48.019] [main/INFO] [net.neoforged.fml.loading.moddiscovery.ModDiscoverer/SCAN]: Found library file "kotlinx-coroutines-jdk8-1.10.2.jar" [parent: kotlinforforge-5.11.0-all.jar, locator: jarinjar]
[20Apr2026 18:09:48.019] [main/INFO] [net.neoforged.fml.loading.moddiscovery.ModDiscoverer/SCAN]: Found mod file "fabric-particles-v1-4.0.2+824f924c19.jar" [parent: forgified-fabric-api-0.116.7+2.2.4+1.21.1.jar, locator: jarinjar, reader: mod manifest]
[20Apr2026 18:09:48.019] [main/INFO] [net.neoforged.fml.loading.moddiscovery.ModDiscoverer/SCAN]: Found library file "animated-gif-lib-for-java-animated-gif-lib-1.7.jar" [parent: kubejs-neoforge-2101.7.2-build.348.jar, locator: jarinjar]
[20Apr2026 18:09:48.019] [main/INFO] [net.neoforged.fml.loading.moddiscovery.ModDiscoverer/SCAN]: Found library file "common-image-3.12.0.jar" [parent: immersive_paintings-neoforge-1.21.1-0.7.6.jar, locator: jarinjar]
[20Apr2026 18:09:48.019] [main/INFO] [net.neoforged.fml.loading.moddiscovery.ModDiscoverer/SCAN]: Found mod file "fabric-transitive-access-wideners-v1-6.2.0+6c854b6f19.jar" [parent: forgified-fabric-api-0.116.7+2.2.4+1.21.1.jar, locator: jarinjar, reader: mod manifest]
[20Apr2026 18:09:48.019] [main/INFO] [net.neoforged.fml.loading.moddiscovery.ModDiscoverer/SCAN]: Found library file "jankson-1.2.3.jar" [parent: cristellib-neoforge-1.21.1-3.0.3.jar, locator: jarinjar]
[20Apr2026 18:09:48.019] [main/INFO] [net.neoforged.fml.loading.moddiscovery.ModDiscoverer/SCAN]: Found library file "gson-0.1.5.1.jar" [parent: owo-lib-neoforge-0.12.15.5-beta.1+1.21.jar, locator: jarinjar]
[20Apr2026 18:09:48.019] [main/INFO] [net.neoforged.fml.loading.moddiscovery.ModDiscoverer/SCAN]: Found library file "jzlib-1.1.3.jar" [parent: cc-tweaked-1.21.1-forge-1.117.1.jar, locator: jarinjar]
[20Apr2026 18:09:48.019] [main/INFO] [net.neoforged.fml.loading.moddiscovery.ModDiscoverer/SCAN]: Found mod file "fabric-api-base-0.4.42+d1308dedd1.jar" [parent: owo-lib-neoforge-0.12.15.5-beta.1+1.21.jar, locator: jarinjar, reader: mod manifest]
[20Apr2026 18:09:48.019] [main/INFO] [net.neoforged.fml.loading.moddiscovery.ModDiscoverer/SCAN]: Found mod file "fabric-blockrenderlayer-v1-1.1.52+c290471319.jar" [parent: forgified-fabric-api-0.116.7+2.2.4+1.21.1.jar, locator: jarinjar, reader: mod manifest]
[20Apr2026 18:09:48.019] [main/INFO] [net.neoforged.fml.loading.moddiscovery.ModDiscoverer/SCAN]: Found mod file "fabric-block-api-v1-1.1.0+b0c22bb819.jar" [parent: forgified-fabric-api-0.116.7+2.2.4+1.21.1.jar, locator: jarinjar, reader: mod manifest]
[20Apr2026 18:09:48.019] [main/INFO] [net.neoforged.fml.loading.moddiscovery.ModDiscoverer/SCAN]: Found mod file "spectrelib-neoforge-0.17.2+1.21.jar" [parent: charmofundying-neoforge-9.1.0+1.21.1.jar, locator: jarinjar, reader: mod manifest]
[20Apr2026 18:09:48.019] [main/INFO] [net.neoforged.fml.loading.moddiscovery.ModDiscoverer/SCAN]: Found library file "thedarkcolour.kfflang-5.11.0.jar" [parent: kotlinforforge-5.11.0-all.jar, locator: jarinjar, reader: mod manifest]
[20Apr2026 18:09:48.019] [main/INFO] [net.neoforged.fml.loading.moddiscovery.ModDiscoverer/SCAN]: Found gamelibrary file "thedarkcolour.kfflib-5.11.0.jar" [parent: kotlinforforge-5.11.0-all.jar, locator: jarinjar, reader: mod manifest]
[20Apr2026 18:09:48.019] [main/INFO] [net.neoforged.fml.loading.moddiscovery.ModDiscoverer/SCAN]: Found mod file "fabric-resource-conditions-api-v1-4.3.0+5bdd099819.jar" [parent: forgified-fabric-api-0.116.7+2.2.4+1.21.1.jar, locator: jarinjar, reader: mod manifest]
[20Apr2026 18:09:48.019] [main/INFO] [net.neoforged.fml.loading.moddiscovery.ModDiscoverer/SCAN]: Found library file "java-client-3.2.1-SNAPSHOT.jar" [parent: skinrestorer-2.7.0+1.21-neoforge.jar, locator: jarinjar]
[20Apr2026 18:09:48.019] [main/INFO] [net.neoforged.fml.loading.moddiscovery.ModDiscoverer/SCAN]: Found mod file "aeroblender-1.21.1-1.0.0-neoforge.jar" [parent: deep_aether-1.21.1-1.1.5.1.jar, locator: jarinjar, reader: mod manifest]
[20Apr2026 18:09:48.019] [main/INFO] [net.neoforged.fml.loading.moddiscovery.ModDiscoverer/SCAN]: Found mod file "thedarkcolour.kffmod-5.11.0.jar" [parent: kotlinforforge-5.11.0-all.jar, locator: jarinjar, reader: mod manifest]
[20Apr2026 18:09:48.019] [main/INFO] [net.neoforged.fml.loading.moddiscovery.ModDiscoverer/SCAN]: Found library file "kotlin-reflect-2.3.0.jar" [parent: kotlinforforge-5.11.0-all.jar, locator: jarinjar]
[20Apr2026 18:09:48.019] [main/INFO] [net.neoforged.fml.loading.moddiscovery.ModDiscoverer/SCAN]: Found mod file "flywheel-neoforge-1.21.1-1.0.6.jar" [parent: create-1.21.1-6.0.9.jar, locator: jarinjar, reader: mod manifest]
[20Apr2026 18:09:48.019] [main/INFO] [net.neoforged.fml.loading.moddiscovery.ModDiscoverer/SCAN]: Found mod file "fabric-item-group-api-v1-4.1.7+e324903319.jar" [parent: forgified-fabric-api-0.115.6+2.1.0+1.21.1.jar, locator: jarinjar, reader: mod manifest]
[20Apr2026 18:09:48.019] [main/INFO] [net.neoforged.fml.loading.moddiscovery.ModDiscoverer/SCAN]: Found mod file "fabric-gametest-api-v1-2.0.5+29f188ce19.jar" [parent: forgified-fabric-api-0.115.6+2.1.0+1.21.1.jar, locator: jarinjar, reader: mod manifest]
[20Apr2026 18:09:48.019] [main/INFO] [net.neoforged.fml.loading.moddiscovery.ModDiscoverer/SCAN]: Found library file "glsl-transformer-2.0.1.jar" [parent: iris-neoforge-1.8.12+mc1.21.1.jar, locator: jarinjar]
[20Apr2026 18:09:48.019] [main/INFO] [net.neoforged.fml.loading.moddiscovery.ModDiscoverer/SCAN]: Found mod file "l2core-3.0.8+16.jar" [parent: twilightdelight-3.1.1.jar, locator: jarinjar, reader: mod manifest]
[20Apr2026 18:09:48.021] [main/INFO] [net.neoforged.fml.loading.moddiscovery.ModDiscoverer/SCAN]: Found mod file "fabric-biome-api-v1-13.0.31+1e62d33c19.jar" [parent: forgified-fabric-api-0.115.6+2.1.0+1.21.1.jar, locator: jarinjar, reader: mod manifest]
[20Apr2026 18:09:48.021] [main/INFO] [net.neoforged.fml.loading.moddiscovery.ModDiscoverer/SCAN]: Found mod file "fabric-registry-sync-v0-5.3.1+f9aace1619.jar" [parent: forgified-fabric-api-0.116.7+2.2.4+1.21.1.jar, locator: jarinjar, reader: mod manifest]
[20Apr2026 18:09:48.021] [main/INFO] [net.neoforged.fml.loading.moddiscovery.ModDiscoverer/SCAN]: Found mod file "lambdynamiclights-api-4.5.1+1.21.1-mojmap.jar" [parent: ars_nouveau-1.21.1-5.11.3.jar, locator: jarinjar, reader: mod manifest]
[20Apr2026 18:09:48.021] [main/INFO] [net.neoforged.fml.loading.moddiscovery.ModDiscoverer/SCAN]: Found library file "s.tf-asm-4.8.3345.jar" [parent: twilightforest-1.21.1-4.8.3345-universal.jar, locator: jarinjar, reader: mod manifest]
[20Apr2026 18:09:48.021] [main/INFO] [net.neoforged.fml.loading.moddiscovery.ModDiscoverer/SCAN]: Found mod file "fabric-recipe-api-v1-5.0.15+59440bcc19.jar" [parent: forgified-fabric-api-0.116.7+2.2.4+1.21.1.jar, locator: jarinjar, reader: mod manifest]
[20Apr2026 18:09:48.021] [main/INFO] [net.neoforged.fml.loading.moddiscovery.ModDiscoverer/SCAN]: Found mod file "fabric-object-builder-api-v1-15.2.1+cc242efd19.jar" [parent: forgified-fabric-api-0.116.7+2.2.4+1.21.1.jar, locator: jarinjar, reader: mod manifest]
[20Apr2026 18:09:48.021] [main/INFO] [net.neoforged.fml.loading.moddiscovery.ModDiscoverer/SCAN]: Found library file "Reflect-1.6.1+curseforge.jar" [parent: ImmediatelyFast-NeoForge-1.6.10+1.21.1.jar, locator: jarinjar]
[20Apr2026 18:09:48.021] [main/INFO] [net.neoforged.fml.loading.moddiscovery.ModDiscoverer/SCAN]: Found mod file "fabric-sound-api-v1-1.0.23+10b84f8419.jar" [parent: forgified-fabric-api-0.116.7+2.2.4+1.21.1.jar, locator: jarinjar, reader: mod manifest]
[20Apr2026 18:09:48.021] [main/INFO] [net.neoforged.fml.loading.moddiscovery.ModDiscoverer/SCAN]: Found mod file "fabric-message-api-v1-6.0.14+6a754fce19.jar" [parent: forgified-fabric-api-0.116.7+2.2.4+1.21.1.jar, locator: jarinjar, reader: mod manifest]
[20Apr2026 18:09:48.021] [main/INFO] [net.neoforged.fml.loading.moddiscovery.ModDiscoverer/SCAN]: Found mod file "expandability-neoforge-12.0.0.jar" [parent: artifacts-neoforge-13.2.1.jar, locator: jarinjar, reader: mod manifest]
[20Apr2026 18:09:48.021] [main/INFO] [net.neoforged.fml.loading.moddiscovery.ModDiscoverer/SCAN]: Found library file "tiny-java-server-1.0.0-build.33.jar" [parent: kubejs-neoforge-2101.7.2-build.348.jar, locator: jarinjar]
[20Apr2026 18:09:48.021] [main/INFO] [net.neoforged.fml.loading.moddiscovery.ModDiscoverer/SCAN]: Found library file "common-lang-3.12.0.jar" [parent: immersive_paintings-neoforge-1.21.1-0.7.6.jar, locator: jarinjar]
[20Apr2026 18:09:48.021] [main/INFO] [net.neoforged.fml.loading.moddiscovery.ModDiscoverer/SCAN]: Found mod file "fabric-data-generation-api-v1-20.2.34+a4c3605619.jar" [parent: forgified-fabric-api-0.116.7+2.2.4+1.21.1.jar, locator: jarinjar, reader: mod manifest]
[20Apr2026 18:09:48.021] [main/INFO] [net.neoforged.fml.loading.moddiscovery.ModDiscoverer/SCAN]: Found mod file "fabric-events-interaction-v0-0.7.13+86e0887119.jar" [parent: forgified-fabric-api-0.116.7+2.2.4+1.21.1.jar, locator: jarinjar, reader: mod manifest]
[20Apr2026 18:09:48.031] [main/INFO] [net.neoforged.fml.loading.moddiscovery.ModDiscoverer/]: 
     Mod List:
		Name Version (Mod Id)

		3D Placeable food 2.4.0 (placeable_food)
		Accessories 1.1.0-beta.53+1.21.1 (accessories)
		Addons Lib 1.21.1-1.10 (addonslib)
		Advanced Netherite 2.3.1 (advancednetherite)
		Advanced Peripherals 0.7.61b (advancedperipherals)
		Advancement Plaques 1.6.8 (advancementplaques)
		AeroBlender 1.0.0 (aeroblender)
		Aether Villages 1.0.8 (aether_villages)
		AI-Improvements 0.5.3 (aiimprovements)
		All The Leaks 1.1.7+1.21.1-neoforge (alltheleaks)
		Almanac 1.5.2 (almanac)
		AmbientSounds 6.3.4 (ambientsounds)
		Amendments 1.21-2.0.15 (amendments)
		Animal Garden - Alligator Gar 1.0.0 (animalgarden_alligatorgar)
		Animal Garden - Bull Shark 1.1.0 (animalgarden_bullshark)
		Animal Garden - Common Raven 1.0.0 (animalgarden_commonraven)
		Animal Garden - Fennec Fox 1.0.1 (animalgarden_fennecfox)
		Animal Garden - Manatee 1.0.0 (animalgarden_manatee)
		Animal Garden - Meerkat 1.0.4 (animalgarden_meerkat)
		Animal Garden - Mouse 1.0.3 (animalgarden_mouse)
		Animal Garden - Owl 1.2.1 (animalgarden_owl)
		Animal Garden - Porcupine 1.0.2 (animalgarden_porcupine)
		Animal Garden - Prairie Dog 1.0.1 (animalgarden_prairiedog)
		Animal Garden - Red Panda 1.1.0 (animalgarden_redpanda)
		Animal Garden - Sea Otter 1.1.0 (animalgarden_seaotter)
		Animal Garden - Spotted Hyena 1.0.0 (animalgarden_spottedhyena)
		Animal Garden - Sugar Glider 1.0.0 (animalgarden_sugarglider)
		Animal Garden - Western Gorilla 1.0.0 (animalgarden_westerngorilla)
		Animal Garden - White Rhinoceros 1.0.0 (animalgarden_whiterhinoceros)
		Another Furniture 4.0.2 (another_furniture)
		Anvian's Lib 1.4.2 (anvianslib)
		AnvilCore 10.1 (anvilcore)
		Apotheosis 8.5.2 (apotheosis)
		Apothic Attributes 2.9.1 (apothic_attributes)
		Apothic Enchanting 1.5.2 (apothic_enchanting)
		Apothic Spawners 1.3.4 (apothic_spawners)
		Apothic Supplementaries - Enchanting 0.1.0 (apothic_sups_enchanting)
		AppleSkin 3.0.9+mc1.21 (appleskin)
		Aquaculture 2 2.7.19 (aquaculture)
		Aquaculture Delight 1.2.0 (aquaculturedelight)
		Aquarius Libs 1.0.1 (aquarius_libs)
		Arcadia Admin Panel 1.2.0 (arcadiaadminpanel)
		Arcadia Auction House 1.2.0 (arcadia_ah)
		Arcadia Lib 1.2.0 (arcadia_lib)
		Arcadia Lootbox 1.2.0 (arcadialootbox)
		Arcadia Patch Create 1.4.0 (arcadia_patch_create)
		Arcadia Pets 1.2.0 (arcadia_pets)
		Arcadia Prestige 1.2.0 (arcadia_prestige)
		Arcadia Spawn 1.5.0 (arcadia_spawn)
		Architectury 13.0.8 (architectury)
		Ars Additions 1.21.1-21.3.0 (ars_additions)
		Ars Creo 5.2.0 (ars_creo)
		Ars Nouveau 5.11.3 (ars_nouveau)
		Ars Nouveau's Flavors & Delight 2.1.9 (arsdelight)
		Ars Ocultas 2.4.0 (ars_ocultas)
		Ars Technica 2.7.6 (ars_technica)
		Artifacts 13.2.1 (artifacts)
		Athena 4.0.2 (athena)
		AttributeFix 21.1.3 (attributefix)
		BaguetteLib 2.0.3 (baguettelib)
		Balm 21.0.56 (balm)
		Barbeque's Delight 1.2.2 (barbequesdelight)
		Bendy lib 5.1 (bendylib)
		Better Archeology 1.21.1-1.3.4 (betterarcheology)
		Better Combat 2.3.2+1.21.1 (bettercombat)
		Better Copper 1.3 (bettercopper)
		Better lib 1.0.109 (better_lib)
		Better Third Person 1.9.0 (betterthirdperson)
		BetterF3 11.0.3 (betterf3)
		betterfpsdist mod 6.0 (betterfpsdist)
		Biomes O' Plenty 21.1.0.13 (biomesoplenty)
		Bookshelf 21.1.81 (bookshelf)
		BotanyPots 21.1.41 (botanypots)
		BotanyTrees 21.1.3 (botanytrees)
		Building Gadgets 2 1.3.9 (buildinggadgets2)
		Burger Mod 2.10.3 (burgermod)
		Cable Facades 2.0.0 (cable_facades)
		Caelus API 7.0.1+1.21.1 (caelus)
		Carpets Core 1.0.10 (carpetscore)
		Carry On 2.2.4 (carryon)
		CC: Tweaked 1.117.1 (computercraft)
		Charging Gadgets 1.14.1 (charginggadgets)
		Charm of Undying 9.1.0+1.21.1 (charmofundying)
		Chat Heads 0.15.1 (chat_heads)
		Chefs Delight 1.0.5 (chefsdelight)
		Chipped 4.0.2 (chipped)
		Chunk Activity Tracker 1.0.1 (chunkactivitytracker)
		Chunky 1.4.23 (chunky)
		Clean Swing 1.9 (cleanswing)
		clientcrafting mod 2.1 (clientcrafting)
		Cloth Config v15 API 15.0.140 (cloth_config)
		Clumps 19.0.0.1 (clumps)
		Collective 8.20 (collective)
		Colorful Hearts 10.5.9 (colorfulhearts)
		Colorwheel 1.2.3+mc1.21.1 (colorwheel)
		Colorwheel Patcher 1.0.5+mc1.21.1 (colorwheel_patcher)
		Comforts 9.0.5+1.21.1 (comforts)
		conditional mixin 0.6.4 (conditional_mixin)
		ConfigLib TXF 7.2.8-neoforge (configlibtxf)
		Connected Glass 1.1.14 (connectedglass)
		Connectivity Mod 7.6 (connectivity)
		Construction Blocks 1.0.0 (construction_blocks)
		Controlling 19.0.5 (controlling)
		Copper Deco 1.0.1 (copperdeco)
		Corn Delight 1.1.8-1.21.1 (corn_delight)
		CoroUtil 1.21.0-1.3.9 (coroutil)
		Corpse 1.21.1-1.1.13 (corpse)
		Corpse Curios Compatibility 3.1.3 (corpsecurioscompat)
		CosmeticArmorReworked 1.21.1-v1-neoforge (cosmeticarmorreworked)
		CosmeticArmours 1.5.3.0 (cosmeticarmoursmod)
		cosmeticcorpsecompat 1.0.0 (cosmeticcorpsecompat)
		CosmeticWeapons 1.1.0.0 (cosmeticweaponsmod)
		Crabber's Delight 1.2.5 (crabbersdelight)
		CraftPresence 2.7.1 (craftpresence)
		Crate Delight 25.09.22-1.21-neoforge (cratedelight)
		Create 6.0.9 (create)
		Create Aquatic Ambitions 2.0.2 (create_aquatic_ambitions)
		Create Confectionery 1.1.2 (create_confectionery)
		Create Crafts & Additions 1.5.10 (createaddition)
		Create Diesel Generators 1.21.1-1.3.11 (createdieselgenerators)
		Create Encased 1.8-ht2 (createcasing)
		Create Ender Transmission 2.1.1-1.21.1 (createendertransmission)
		Create Goggles 6.1.1 (creategoggles)
		Create Hypertube 0.4.0 (create_hypertube)
		Create Jetpack 5.1.2 (create_jetpack)
		Create Let The Adventure Begin 3.8.2 (create_ltab)
		Create Mechanical Extruder 1.21.1-2.2.0-6.0.8 (create_mechanical_extruder)
		Create Nuclear 1.3.2-beta.3 (createnuclear)
		Create Ore Excavation 1.6.8 (createoreexcavation)
		Create Slice & Dice 4.2.4 (sliceanddice)
		Create Stuff 'N Additions 2.1.0. (create_sa)
		Create: Arm-made Cuisine 1.0.0 (create_cuisine)
		Create: Bells & Whistles 0.4.7-1.21.1 (bellsandwhistles)
		Create: Central Kitchen 2.3.0 (create_central_kitchen)
		Create: Connected 1.1.13-mc1.21.1 (create_connected)
		Create: Copper and Zinc 2.0.0 (create_copper_and_zinc)
		Create: Copycats+ 3.0.4+mc.1.21.1-neoforge (copycats)
		Create: Dragons Plus 1.8.8 (create_dragons_plus)
		Create: Dreams n' Desires 2.2d-BETA (dndesires)
		Create: Easy Structures 0.2 (create_easy_structures)
		Create: Enchantment Industry 2.3.0 (create_enchantment_industry)
		Create: Escalated 1.2.1 (escalated)
		Create: Food 2.2.0a (createfood)
		Create: Framed 1.7.3 (createframed)
		Create: Integrated Farming 1.2.1 (create_integrated_farming)
		Create: Mechanical Botany 1.1.2 (mechanical_botany)
		Create: Numismatics 1.0.20+neoforge-mc1.21.1 (numismatics)
		Create: Occult Engineering 0.12.1 (occultengineering)
		Create: Oxidized 0.1.3 (create_oxidized)
		Create: Sound of Steam 0.8.2+1.21.1 (pipeorgans)
		Create: Structures Arise 174.47.46 (create_structures_arise)
		Create: The Factory Must Grow 1.2.0 (tfmg)
		create: things and misc 4.1.0 (create_things_and_misc)
		Create: Trading Floor 3.0.16 (trading_floor)
		Create: Ultimate Factory 2.2.3 (create_ultimate_factory)
		Create: Waystones Recipes 3.0.1 (create_waystones_recipes)
		Create: Winery 2.0.2 (create_winery)
		CreativeCore 2.13.36 (creativecore)
		Cristel Lib 3.0.3 (cristellib)
		Critter Armory 1.21.1-0.6.3-neoforge (critterarmory)
		Cuisine Delight 1.2.7 (cuisinedelight)
		Cultural Delights 0.17.8 (culturaldelights)
		Cumulus 2.0.7 (cumulus_menus)
		Cupboard mod 3.5 (cupboard)
		Curios API 9.5.1+1.21.1 (curios)
		Customizable Elytra 2.2.8+1.21 (customizableelytra)
		Deep Aether 1.21.1-1.1.5.1 (deep_aether)
		Deeper and Darker 1.3.6 (deeperdarker)
		Default Options 21.1.5 (defaultoptions)
		Design n' Decor 2.1.0 (dndecor)
		Does It Tick? 1.1.4 (does_it_tick)
		Double Doors 7.2 (doubledoors)
		Dragon Drops Elytra 3.5 (dragondropselytra)
		Drippy Loading Screen 3.1.0 (drippyloadingscreen)
		Durability Tooltip 1.1.6 (durabilitytooltip)
		Dusty Decorations 1.13 (dustydecorations)
		Easy NPC 0.0NONE (easy_npc)
		Easy NPC: Bundle 6.12.0 (easy_npc_bundle)
		Easy NPC: Config UI 6.12.0 (easy_npc_config_ui)
		Easy Villagers 1.21.1-1.1.41 (easy_villagers)
		Ecologics 2.3.4 (ecologics)
		ElevatorMod 1.21.1-1.11.4 (elevatorid)
		Elytra Slot 9.0.2+1.21.1 (elytraslot)
		Emojiful 5.2.2 (emojiful)
		Emotecraft 2.4.12 (emotecraft)
		EnchantmentDescriptions 21.1.9 (enchdesc)
		End's Delight 2.5.1+neoforge.1.21.1 (ends_delight)
		Ender's Delight 1.2.0 (endersdelight)
		EntityCulling 1.10.1 (entityculling)
		ExpandAbility 12.0.0 (expandability)
		Exposure 1.9.16 (exposure)
		Exposure Catalog 1.1.1 (exposure_catalog)
		Exposure Polaroid 1.1.3 (exposure_polaroid)
		Exposure: Expanded 1.0.1 (exposure_expanded)
		Extra Disks 1.21.1-4.0.14 (extradisks)
		Extreme Sound Muffler 3.56 (extremesoundmuffler)
		Fake Date 1.0.3+1.21.1-neoforge (fakedate)
		FallingTree 1.21.1.11 (fallingtree)
		Fancy Entity Renderer 0.4.4 (fancy_entity_renderer)
		FancyMenu 3.8.1 (fancymenu)
		Farmer's Delight 1.2.10 (farmersdelight)
		Farmer's Knives 1.21.1-4.1.0 (farmersknives)
		Farsight mod 4.5 (farsight_view)
		Fast Paintings 1.21-1.3.0 (fastpaintings)
		Fast Suite 6.0.7 (fastsuite)
		Fast Workbench 9.1.3 (fastbench)
		FastBoot 1.3.0 (fastboot)
		FastFurnace 9.0.1 (fastfurnace)
		Ferrite Core 7.0.3 (ferritecore)
		Flight Lib 3.2.1 (flightlib)
		Flux Network x CC: Tweaked 1.21.1-1.1.0 (fncct)
		Flux Networks 8.0.0 (fluxnetworks)
		Flywheel 1.0.6 (flywheel)
		Forge Config API Port 21.1.6 (forgeconfigapiport)
		Forgified Fabric API 0.116.7+2.2.4+1.21.1 (fabric_api)
		Forgified Fabric API Base 0.4.42+d1308dedd1 (fabric_api_base)
		Forgified Fabric API Lookup API (v1) 1.6.71+c290471319 (fabric_api_lookup_api_v1)
		Forgified Fabric Biome API (v1) 13.0.31+1e62d33c19 (fabric_biome_api_v1)
		Forgified Fabric Block API (v1) 1.1.0+b0c22bb819 (fabric_block_api_v1)
		Forgified Fabric BlockRenderLayer Registration (v1) 1.1.52+c290471319 (fabric_blockrenderlayer_v1)
		Forgified Fabric BlockView API (v2) 1.0.11+e9036fd419 (fabric_block_view_api_v2)
		Forgified Fabric Client Tags 1.1.15+e053909619 (fabric_client_tags_api_v1)
		Forgified Fabric Command API (v2) 2.2.28+36d727be19 (fabric_command_api_v2)
		Forgified Fabric Content Registries (v0) 8.0.19+5e0d320019 (fabric_content_registries_v0)
		Forgified Fabric Convention Tags 2.1.5+7f945d5b19 (fabric_convention_tags_v1)
		Forgified Fabric Convention Tags (v2) 2.11.1+87e5848019 (fabric_convention_tags_v2)
		Forgified Fabric Data Attachment API (v1) 1.4.5+26d408aa19 (fabric_data_attachment_api_v1)
		Forgified Fabric Data Generation API (v1) 20.2.34+a4c3605619 (fabric_data_generation_api_v1)
		Forgified Fabric Entity Events (v1) 1.8.0+5ede667619 (fabric_entity_events_v1)
		Forgified Fabric Events Interaction (v0) 0.7.13+86e0887119 (fabric_events_interaction_v0)
		Forgified Fabric Game Rule API (v1) 1.0.53+36d727be19 (fabric_game_rule_api_v1)
		Forgified Fabric Game Test API (v1) 2.0.5+29f188ce19 (fabric_gametest_api_v1)
		Forgified Fabric Item API (v1) 11.2.0+0c57911319 (fabric_item_api_v1)
		Forgified Fabric Item Group API (v1) 4.1.7+e324903319 (fabric_item_group_api_v1)
		Forgified Fabric Key Binding API (v1) 1.0.47+62cc7ce119 (fabric_key_binding_api_v1)
		Forgified Fabric Lifecycle Events (v1) 2.6.0+e40d8add19 (fabric_lifecycle_events_v1)
		Forgified Fabric Loot API (v2) 3.0.15+a3ee712d19 (fabric_loot_api_v2)
		Forgified Fabric Loot API (v3) 1.0.3+333dfad919 (fabric_loot_api_v3)
		Forgified Fabric Message API (v1) 6.0.14+6a754fce19 (fabric_message_api_v1)
		Forgified Fabric Model Loading API (v1) 2.1.0+6e8f52c719 (fabric_model_loading_api_v1)
		Forgified Fabric Networking API (v1) 4.3.0+30a980d919 (fabric_networking_api_v1)
		Forgified Fabric Object Builder API (v1) 15.2.1+cc242efd19 (fabric_object_builder_api_v1)
		Forgified Fabric Particles (v1) 4.0.2+824f924c19 (fabric_particles_v1)
		Forgified Fabric Recipe API (v1) 5.0.15+59440bcc19 (fabric_recipe_api_v1)
		Forgified Fabric Registry Sync (v0) 5.3.1+f9aace1619 (fabric_registry_sync_v0)
		Forgified Fabric Renderer - Indigo 1.7.1+9125b6dc19 (fabric_renderer_indigo)
		Forgified Fabric Renderer API (v1) 3.4.1+9125b6dc19 (fabric_renderer_api_v1)
		Forgified Fabric Rendering (v1) 5.1.0+1a09bd5a19 (fabric_rendering_v1)
		Forgified Fabric Rendering Data Attachment (v1) 0.3.49+73761d2e19 (fabric_rendering_data_attachment_v1)
		Forgified Fabric Rendering Fluids (v1) 3.1.6+a51883b219 (fabric_rendering_fluids_v1)
		Forgified Fabric Resource Conditions API (v1) 4.3.0+5bdd099819 (fabric_resource_conditions_api_v1)
		Forgified Fabric Resource Loader (v0) 1.3.1+4ea8954419 (fabric_resource_loader_v0)
		Forgified Fabric Screen API (v1) 2.0.25+4228281319 (fabric_screen_api_v1)
		Forgified Fabric Screen Handler API (v1) 1.3.90+8dbc56dd19 (fabric_screen_handler_api_v1)
		Forgified Fabric Sound API (v1) 1.0.23+10b84f8419 (fabric_sound_api_v1)
		Forgified Fabric Transfer API (v1) 5.4.3+a25cb45619 (fabric_transfer_api_v1)
		Forgified Fabric Transitive Access Wideners (v1) 6.2.0+6c854b6f19 (fabric_transitive_access_wideners_v1)
		FramedBlocks 10.5.3 (framedblocks)
		Framework 0.13.11 (framework)
		FTB Chunks 2101.1.14 (ftbchunks)
		FTB Essentials 2101.1.9 (ftbessentials)
		FTB Filter System 21.1.4 (ftbfiltersystem)
		FTB Jei Extras 21.1.7 (ftbjeiextras)
		FTB Library 2101.1.31 (ftblibrary)
		FTB Quests 2101.1.24 (ftbquests)
		FTB Teams 2101.1.10 (ftbteams)
		FTB XMod Compat 21.1.8 (ftbxmodcompat)
		Fusion 1.2.12 (fusion)
		Fzzy Config 0.7.6+1.21+neoforge (fzzy_config)
		GeckoLib 4 4.8.4 (geckolib)
		GlitchCore 2.1.0.0 (glitchcore)
		Gpu memory leak fix 1.8 (gpumemleakfix)
		Guard Villagers 2.4.7 (guardvillagers)
		Handcrafted 4.0.3 (handcrafted)
		Hellish Trials 1.0.5 (hellish_trials)
		Hidden Names 1.21.0-1.0.6 (hiddennames)
		Highlighter 1.1.11 (highlighter)
		Iceberg 1.3.2 (iceberg)
		ImmediatelyFast 1.6.10+1.21.1 (immediatelyfast)
		Immersive Aircraft 1.4.3+1.21.1 (immersive_aircraft)
		Immersive Engineering 12.4.2-194 (immersiveengineering)
		Immersive Melodies 0.6.2+1.21.1 (immersive_melodies)
		Immersive Paintings 0.7.6 (immersive_paintings)
		ImmersiveUI 0.3.3 (immersiveui)
		Infiniverse 2.0.1.0 (infiniverse)
		Inventory Tweaks Refoxed 1.21.1-1.3.2 (invtweaks)
		Invocore 5.2.4 (invocore)
		Iris 1.8.12-snapshot+mc1.21.1-local (iris)
		Iron's Lib 1.21.1-1.0.2 (irons_lib)
		Iron's Spellbooks KubeJS 4.0.3 (irons_spells_js)
		Iron's Spells 'n Spellbooks 1.21.1-3.15.6 (irons_spellbooks)
		Item Borders 1.2.5 (itemborders)
		Item Collectors 1.1.10 (itemcollectors)
		Ixeris 4.1.10+1.21.1-neoforge (ixeris)
		Jade 15.10.5+neoforge (jade)
		Jade Addons 6.1.0+neoforge (jadeaddons)
		JamLib 1.3.6+1.21.1 (jamlib)
		Just Another Void Dimension 9.0.0 (javd)
		Just Enough Archaeology 1.21.1-1.2.0 (jearchaeology)
		Just Enough Breeding 1.6.2 (justenoughbreeding)
		Just Enough Effects Descriptions 1.21-2.3.2 (jeed)
		Just Enough Items 19.27.0.340 (jei)
		Just Enough Professions (JEP) 4.0.4 (justenoughprofessions)
		Just Enough Resources 1.6.0.17 (jeresources)
		Just Zoom 2.1.0 (justzoom)
		kjsbotanypots 1.3.2 (kjsbotanypots)
		Knight Lib 1.3.0 (knightlib)
		Knight Quest 1.9.0 (knightquest)
		Konkrete 1.9.9 (konkrete)
		Kotlin For Forge 5.11.0 (kotlinforforge)
		KubeJS 2101.7.2-build.348 (kubejs)
		KubeJS Create 2101.3.1-build.18 (kubejs_create)
		KubeJS Diesel Generators 1.21.1-1.1.5 (dg_js)
		KubeJS Mekanism 2101.1.7-build.18 (kubejs_mekanism)
		KubeJS Tweaks 1.0.6 (kubejstweaks)
		kubejsarsnouveau 1.3.2 (kubejsarsnouveau)
		KubeJSCurios 1.0.4 (kubejs_curios)
		KubeJSDelight 1.1.5 (kubejsdelight)
		KumaAPI 21.0.7 (kuma_api)
		L2Core 3.0.8+16 (l2core)
		LambDynamicLights (API) 4.5.1+1.21.1 (lambdynlights_api)
		Legendary Tooltips 1.5.5 (legendarytooltips)
		Let Me Despawn 1.5.0 (letmedespawn)
		Log Begone 1.0.3 (logbegone)
		Longer Chat History 1.7 (longerchathistory)
		lootintegration_wda mod 1 (lootintegration_wda)
		Lootintegrations mod 4.7 (lootintegrations)
		lootintegrations_moog mod 1 (lootintegrations_moog)
		lootintegrations_structory mod 1 (lootintegrations_structory)
		LootJS 1.21.1-3.6.1 (lootjs)
		Lootr 1.21.1-1.11.37.118 (lootr)
		Macaw's Biomes O' Plenty 1.21.1-1.5 (mcwbiomesoplenty)
		Macaw's Bridges 3.1.2 (mcwbridges)
		Macaw's Doors 1.1.5 (mcwdoors)
		Macaw's Fences and Walls 1.2.1 (mcwfences)
		Macaw's Furniture 3.4.1 (mcwfurnitures)
		Macaw's Holidays 1.1.2 (mcwholidays)
		Macaw's Lights and Lamps 1.1.5 (mcwlights)
		Macaw's Paintings 1.1.0 (mcwpaintings)
		Macaw's Paths and Pavings 1.1.1 (mcwpaths)
		Macaw's Roofs 2.3.2 (mcwroofs)
		Macaw's Stairs and Balconies 1.0.2 (mcwstairs)
		Macaw's Trapdoors 1.1.5 (mcwtrpdoors)
		Macaw's Windows 2.4.2 (mcwwindows)
		Man of Many Planes 0.2.1+1.21.1 (man_of_many_planes)
		Mechanicals Lib 1.1.0 (mechanicals)
		Mekanism 10.7.19 (mekanism)
		Mekanism: Generators 10.7.19 (mekanismgenerators)
		Mekanism: Tools 10.7.19 (mekanismtools)
		Melody 1.0.10 (melody)
		MIMI Mod 1.21.1-4.3.0-neo (mimi)
		Minecraft 1.21.1 (minecraft)
		MmmMmmMmmMmm 1.21-2.0.11 (dummmmmmy)
		Model Gap Fix 1.21-1.10 (modelfix)
		ModernFix 5.27.2+mc1.21.1 (modernfix)
		Modonomicon 1.120.1 (modonomicon)
		Moog's Structure Lib 2.0.2 (moogs_structures)
		MoogsEndStructures 2.0.0 (mes)
		MoogsMissingVillages 2.0.0 (mmv)
		MoogsNetherStructures 2.0.31 (mns)
		MoogsSoaringStructures 2.0.2 (mss)
		MoogsVoyagerStructures 5.0.5 (mvs)
		Moonlight Lib 1.21-2.29.32 (moonlight)
		Mouse Tweaks 2.26.1 (mousetweaks)
		Mowzie's Mobs 1.8.2 (mowziesmobs)
		MrCrayfish's Furniture Mod: Refurbished 1.0.22 (refurbished_furniture)
		Mutant Monsters 21.1.1 (mutantmonsters)
		My Nether's Delight 1.9 (mynethersdelight)
		Mysterious Mountain Lib 1.2.15-1.21.1 (mysterious_mountain_lib)
		Nature's Compass 1.21.1-3.4.0-neoforge (naturescompass)
		Necronomicon 1.6.0 (necronomicon)
		NeoForge 21.1.221 (neoforge)
		NeonCraft 1.0.0 (neoncraft)
		Netherite Horse Armor 1.21.1-2.0a (netherite_horse_armor)
		NetherPortalFix 21.1.1 (netherportalfix)
		Nitrogen 1.1.25 (nitrogen_internals)
		No Chat Reports 1.21.1-v2.9.1 (nochatreports)
		NoMoWanderer 1.10.2 (nomowanderer)
		NotEnoughAnimations 1.12.2 (notenoughanimations)
		Nuggets 1.1.0.48 (nuggets)
		Observable 5.4.4 (observable)
		Occultism 1.208.0 (occultism)
		Occultism KubeJS 1.11.0 (occultism_kubejs)
		Ocean's Delight 1.0.3 (oceansdelight)
		OctoLib 0.6.1 (octolib)
		Off Hand Tick Fix 1.0.0 (offhandtickfix)
		oωo 0.12.15.5-beta.1+1.21 (owo)
		ParCool! 3.4.3.1 (parcool)
		Particle Core 0.3.3+1.21+neoforge (particle_core)
		Particular 1.1.7 (particular)
		Patchouli 1.21.1-93-NEOFORGE (patchouli)
		Pehkui 3.8.3+1.21-neoforge (pehkui)
		Pick Up Notifier 21.1.1 (pickupnotifier)
		Placebo 9.9.1 (placebo)
		Player Animator 2.0.4+1.21.1 (playeranimator)
		Polymorph 1.1.0+1.21.1 (polymorph)
		Ponder 1.0.81+mc1.21.1 (ponder)
		PrickleMC 21.1.11 (prickle)
		Prism 1.0.11 (prism)
		Puzzles Lib 21.1.39 (puzzleslib)
		RecepiesfromJoe 1.0.0 (recepiesfromjoe)
		Rechiseled 1.2.4 (rechiseled)
		Rechiseled: Create 1.1.0 (rechiseledcreate)
		recipeessentials mod 4.0 (recipeessentials)
		Reese's Sodium Options 1.8.3+mc1.21.4 (reeses_sodium_options)
		Refined Storage 2.0.3 (refinedstorage)
		Refined Storage - Curios Integration 1.0.0 (refinedstorage_curios_integration)
		Refined Storage - JEI Integration 1.0.0 (refinedstorage_jei_integration)
		Refined Storage - Mekanism Integration 1.1.1 (refinedstorage_mekanism_integration)
		Refined Storage - Quartz Arsenal 1.0.6 (refinedstorage_quartz_arsenal)
		Resource Pack Overrides 21.1.0 (resourcepackoverrides)
		Resourceful Lib 3.0.12 (resourcefullib)
		Resourcefulconfig 3.0.11 (resourcefulconfig)
		Revive Me! 5.7.14 (revive_me)
		Rhino 2101.2.7-build.81 (rhino)
		Right Click Harvest 4.6.1+1.21.1 (rightclickharvest)
		RightClickHarvest Supplementaries Compat 2.0.0+1.21 (rch_supplementaries_compat)
		RS Polymorph 1.0.7 (rspolymorph)
		RSInfinityBooster 1.21.1-1.0.0.48 (rsinfinitybooster)
		Sauce Library 0.0.16.46 (sauce)
		Screenshot to Clipboard 1.0.10 (screenshotclipboard)
		Searchables 1.0.2 (searchables)
		SecurityCraft 1.10.1 (securitycraft)
		Selfexpression 2.22 (selfexpression)
		Selfexpression: New Edge 1.0 (selfexpression_new_edge)
		Selfexpression: Romashka edition 0.0.4 (selfexpression_romashka_edition)
		Selfexpression: Slim 1.5 (selfexpression_slim)
		Simple Voice Chat 1.21.1-2.6.16 (voicechat)
		SimpleHats 0.4.0 (simplehats)
		SimpleVoiceChat Broadcast 1.0.0 (simple_voice_broadcast)
		Simply Swords 1.63.0-1.21.1 (simplyswords)
		Simply Tooltips 0.1.3 (simplytooltips)
		Sit 1.4 (sit)
		SkinRestorer 2.7.0+1.21-neoforge (skinrestorer)
		SmartBrainLib 1.16.11 (smartbrainlib)
		Smoothchunk mod 4.1 (smoothchunk)
		Sneak Through Berries 21.1.0 (sneak_through_berries)
		Sodium 0.6.13+mc1.21.1 (sodium)
		Sodium Extras 1.0.7 (sodiumextras)
		Sodium Leaf Culling 1.0.1 (sodiumleafculling)
		Sodium Options API 1.0.10 (sodiumoptionsapi)
		Sodium Options Mod Compat 1.0.0 (sodiumoptionsmodcompat)
		Some More Blocks 1.1.5-HF (somemoreblocks)
		Sophisticated Backpacks 3.25.40 (sophisticatedbackpacks)
		Sophisticated Backpacks Create Integration 0.1.5 (sophisticatedbackpackscreateintegration)
		Sophisticated Core 1.4.24 (sophisticatedcore)
		Sophisticated Storage 1.5.37 (sophisticatedstorage)
		Sophisticated Storage Create Integration 0.1.15 (sophisticatedstoragecreateintegration)
		Sophisticated Storage In Motion 0.10.27 (sophisticatedstorageinmotion)
		Sound Physics Remastered 1.21.1-1.5.1 (sound_physics_remastered)
		spark 1.10.124 (spark)
		SpectreLib 0.17.2+1.21 (spectrelib)
		Spice of Life Onion 1.5.6 (solonion)
		SpiffyHUD 3.1.0 (spiffyhud)
		Spyglass Improvements 1.5.7 (spyglass_improvements)
		Starter Kit 7.4 (starterkit)
		Statue Menus 21.1.0 (statuemenus)
		Storage Delight 25.12.09-1.21-neoforge (storagedelight)
		Straw Statues 21.1.0 (strawstatues)
		Structory 1.3.16 (structory)
		Structory: Towers 1.0.16 (structory_towers)
		Structure Essentials mod 4.8 (structureessentials)
		SuperMartijn642's Config Library 1.1.8 (supermartijn642configlib)
		SuperMartijn642's Core Lib 1.1.21 (supermartijn642corelib)
		Supplementaries 1.21-3.5.34 (supplementaries)
		Supplementaries Squared 1.21-1.2.17 (suppsquared)
		TerraBlender 4.1.0.8 (terrablender)
		The Aether 1.5.10 (aether)
		The Twilight Forest 4.8.3345 (twilightforest)
		Tiny Config 3.1.0 (tiny_config)
		Titanium 4.0.37 (titanium)
		Too Fast 0.4.3.6 (toofast)
		Torchmaster 21.1.9 (torchmaster)
		Trade Cycling 1.21.1-1.0.18 (trade_cycling)
		Trail&Tales Delight 0.4.1 (trailandtales_delight)
		TRansition 1.0.17 (transition)
		Trash Cans 1.0.18+c (trashcans)
		TrashSlot 21.1.8 (trashslot)
		TRender 1.0.12 (trender)
		Trenzalore 6.1.1 (trenzalore)
		Twilight Additions 1.6.4 (twilight_additions)
		Twilight Flavors & Delight 3.1.1 (twilightdelight)
		Twilight Forest Bosses Resurrection 4.2.2 (tfbr)
		Twilight Forest Final Boss 2.1.0 (twilight_forest_final_boss)
		Twilight Treehouses 1.0.2 (twilight_treehouses)
		TwilightForest Thread Safety Addon 0.1.3 (tfthreadsafetyaddon)
		TxniLib 1.0.24 (txnilib)
		Underground Bunkers 1.0.4 (underground_bunkers)
		Underground Village, Stoneholm 1.5.7 (underground_village)
		UniLib 1.2.1 (unilib)
		Visual Workbench 21.1.1 (visualworkbench)
		Void Totem 4.0.0 (voidtotem)
		WaterFrames 2.1.22 (waterframes)
		WaterMedia 2.1.37 (watermedia)
		WaterMedia YT Plugin 2.1.2 (watermedia_youtube_plugin)
		WaterVision 0.1.0-alpha (watervision)
		Waystones 21.1.29 (waystones)
		When Dungeons Arise 2.1.68 (dungeons_arise)
		When Dungeons Arise: Seven Seas 1.0.4 (dungeons_arise_seven_seas)
		WorldEdit 7.3.8+6939-7d32b45 (worldedit)
		WorldEdit Items 2.0 (worldedit_items)
		worldedit-hang-fix 1.0.5 (worldedithangfix)
		XP Tome 2.4 (xpbook)
		Yeetus Experimentus 87.0.0 (yeetusexperimentus)
		Yet Another World Protector 0.6.2-beta1 (yawp)
[20Apr2026 18:09:48.705] [main/INFO] [net.neoforged.fml.loading.FMLServiceProvider/CORE]: Loading coremod script-engine for [apothic_enchanting]
[20Apr2026 18:10:04.777] [main/INFO] [mixin/]: Compatibility level set to JAVA_21
[20Apr2026 18:10:05.161] [main/INFO] [net.fabricmc.loader.impl.bootstrap.FabricLoaderBootstrap/]: Propagating FML mod list to Fabric Loader
[20Apr2026 18:10:05.202] [main/INFO] [cpw.mods.modlauncher.LaunchServiceHandler/MODLAUNCHER]: Launching target 'forgeclient' with arguments [--version, neoforge-21.1.221, --gameDir, C:\Users\Jimmy\curseforge\minecraft\Instances\Arcadia V2, --assetsDir, C:\Users\Jimmy\curseforge\minecraft\Install\assets, --uuid, 95d0db8651d34a41b3e0038b45dc8336, --username, vyrriox, --assetIndex, 17, --accessToken, ❄❄❄❄❄❄❄❄, --clientId, d420a6-c058b5-4ff532-36ea69-42b9f8, --xuid, 2535418615198022, --userType, msa, --versionType, release, --width, 300, --height, 300, --quickPlayPath, C:\Users\Jimmy\curseforge\minecraft\Quickplay\6fea3149-f53f-4a5d-9b7b-21ad8a40c81b.json]
[20Apr2026 18:10:05.335] [main/WARN] [mixin/]: Reference map 'kubejs_curios.refmap.json' for kubejs_curios.mixins.json could not be read. If this is a development environment you can ignore this message
[20Apr2026 18:10:05.496] [main/INFO] [ModernFix/]: Loaded configuration file for ModernFix 5.27.2+mc1.21.1: 88 options available, 1 override(s) found
[20Apr2026 18:10:05.498] [main/WARN] [ModernFix/]: Option 'mixin.perf.cache_strongholds' overriden (by user configuration) to 'false'
[20Apr2026 18:10:05.498] [main/INFO] [ModernFix/]: Applying Nashorn fix
[20Apr2026 18:10:05.498] [main/INFO] [ModernFix/]: Configuring Minecraft's max.bg.threads option with 13 threads
[20Apr2026 18:10:05.499] [main/WARN] [mixin/]: Reference map 'modernfix.refmap.json' for modernfix-modernfix.mixins.json could not be read. If this is a development environment you can ignore this message
[20Apr2026 18:10:05.505] [main/WARN] [mixin/]: Reference map 'iris.refmap.json' for mixins.iris.json could not be read. If this is a development environment you can ignore this message
[20Apr2026 18:10:05.507] [main/WARN] [mixin/]: Reference map 'iris.refmap.json' for mixins.iris.fantastic.json could not be read. If this is a development environment you can ignore this message
[20Apr2026 18:10:05.507] [main/WARN] [mixin/]: Reference map 'iris.refmap.json' for mixins.iris.vertexformat.json could not be read. If this is a development environment you can ignore this message
[20Apr2026 18:10:05.508] [main/WARN] [mixin/]: Reference map 'iris.refmap.json' for iris-batched-entity-rendering.mixins.json could not be read. If this is a development environment you can ignore this message
[20Apr2026 18:10:05.509] [main/WARN] [mixin/]: Reference map 'iris.refmap.json' for mixins.iris.compat.sodium.json could not be read. If this is a development environment you can ignore this message
[20Apr2026 18:10:05.514] [main/WARN] [mixin/]: Reference map 'clientcrafting.refmap.json' for clientcrafting.mixins.json could not be read. If this is a development environment you can ignore this message
[20Apr2026 18:10:05.515] [main/WARN] [mixin/]: Reference map 'createdieselgenerators.refmap.json' for createdieselgenerators.mixins.json could not be read. If this is a development environment you can ignore this message
[20Apr2026 18:10:05.516] [main/WARN] [mixin/]: Reference map 'carpetscore.refmap.json' for carpetscore.mixins.json could not be read. If this is a development environment you can ignore this message
[20Apr2026 18:10:05.526] [main/WARN] [mixin/]: Reference map 'reeses-sodium-options.refmap.json' for reeses-sodium-options.mixins.json could not be read. If this is a development environment you can ignore this message
[20Apr2026 18:10:05.526] [main/WARN] [mixin/]: Reference map '${mod_id}.refmap.json' for trading_floor.mixins.json could not be read. If this is a development environment you can ignore this message
[20Apr2026 18:10:05.545] [main/WARN] [mixin/]: Reference map '' for accessories-common.mixins.json could not be read. If this is a development environment you can ignore this message
[20Apr2026 18:10:05.550] [main/WARN] [mixin/]: Reference map '' for accessories-forge.mixins.json could not be read. If this is a development environment you can ignore this message
[20Apr2026 18:10:05.552] [main/WARN] [mixin/]: Reference map 'cumulus_menus.refmap.json' for cumulus_menus.mixins.json could not be read. If this is a development environment you can ignore this message
[20Apr2026 18:10:05.552] [main/WARN] [mixin/]: Reference map 'cumulus_menus.refmap.json' for cumulus_menus.neoforge.mixins.json could not be read. If this is a development environment you can ignore this message
[20Apr2026 18:10:05.555] [main/WARN] [mixin/]: Reference map 'nitrogen_internals.refmap.json' for nitrogen_internals.mixins.json could not be read. If this is a development environment you can ignore this message
[20Apr2026 18:10:05.559] [main/WARN] [mixin/]: Reference map 'fancy_entity_renderer.refmap.json' for fancy_entity_renderer.mixins.json could not be read. If this is a development environment you can ignore this message
[20Apr2026 18:10:05.560] [main/WARN] [mixin/]: Reference map 'irons_lib.refmap.json' for irons_lib.mixins.json could not be read. If this is a development environment you can ignore this message
[20Apr2026 18:10:05.562] [main/WARN] [mixin/]: Reference map 'attributefix.refmap.json' for attributefix.mixins.json could not be read. If this is a development environment you can ignore this message
[20Apr2026 18:10:05.564] [main/WARN] [mixin/]: Reference map 'sneak_through_berries.refmap.json' for sneak_through_berries.mixins.json could not be read. If this is a development environment you can ignore this message
[20Apr2026 18:10:05.570] [main/WARN] [mixin/]: Reference map 'botanypots.refmap.json' for botanypots.mixins.json could not be read. If this is a development environment you can ignore this message
[20Apr2026 18:10:05.602] [main/INFO] [Sodium/]: Loaded configuration file for Sodium: 43 options available, 1 override(s) found
[20Apr2026 18:10:05.605] [main/WARN] [mixin/]: Reference map 'somemoreblocks.refmap.json' for somemoreblocks.mixins.json could not be read. If this is a development environment you can ignore this message
[20Apr2026 18:10:05.605] [main/WARN] [mixin/]: Reference map 'somemoreblocks.refmap.json' for somemoreblocks.neoforge.mixins.json could not be read. If this is a development environment you can ignore this message
[20Apr2026 18:10:05.609] [main/WARN] [mixin/]: Reference map 'smoothchunk.refmap.json' for smoothchunk.mixins.json could not be read. If this is a development environment you can ignore this message
[20Apr2026 18:10:05.609] [main/WARN] [mixin/]: Reference map 'terrablender.refmap.json' for terrablender.mixins.json could not be read. If this is a development environment you can ignore this message
[20Apr2026 18:10:05.609] [main/WARN] [mixin/]: Reference map 'terrablender.refmap.json' for terrablender_neoforge.mixins.json could not be read. If this is a development environment you can ignore this message
[20Apr2026 18:10:05.732] [main/WARN] [mixin/]: Reference map 'betterfpsdist.refmap.json' for betterfpsdist.mixins.json could not be read. If this is a development environment you can ignore this message
[20Apr2026 18:10:05.736] [main/WARN] [mixin/]: Reference map 'spiffyhud.refmap.json' for spiffyhud.mixins.json could not be read. If this is a development environment you can ignore this message
[20Apr2026 18:10:05.736] [main/WARN] [mixin/]: Reference map 'spiffyhud.refmap.json' for spiffyhud.neoforge.mixins.json could not be read. If this is a development environment you can ignore this message
[20Apr2026 18:10:05.739] [main/WARN] [mixin/]: Reference map 'securitycraft.refmap.json' for securitycraft.mixins.json could not be read. If this is a development environment you can ignore this message
[20Apr2026 18:10:05.782] [main/WARN] [mixin/]: Reference map 'immersive_melodies.refmap.json' for immersive_melodies.mixins.json could not be read. If this is a development environment you can ignore this message
[20Apr2026 18:10:05.786] [main/WARN] [mixin/]: Reference map 'extremesoundmuffler.refmap.json' for extremesoundmuffler.mixins.json could not be read. If this is a development environment you can ignore this message
[20Apr2026 18:10:05.799] [main/WARN] [mixin/]: Reference map 'defaultoptions.refmap.json' for defaultoptions.mixins.json could not be read. If this is a development environment you can ignore this message
[20Apr2026 18:10:05.801] [main/WARN] [mixin/]: Reference map 'defaultoptions.refmap.json' for defaultoptions.neoforge.mixins.json could not be read. If this is a development environment you can ignore this message
[20Apr2026 18:10:05.802] [main/WARN] [mixin/]: Reference map 'kuma_api.refmap.json' for kuma_api.mixins.json could not be read. If this is a development environment you can ignore this message
[20Apr2026 18:10:05.805] [main/WARN] [mixin/]: Reference map 'gpumemleakfix.refmap.json' for gpumemleakfix.mixins.json could not be read. If this is a development environment you can ignore this message
[20Apr2026 18:10:05.807] [main/WARN] [mixin/]: Reference map 'structureessentials.refmap.json' for structureessentials.mixins.json could not be read. If this is a development environment you can ignore this message
[20Apr2026 18:10:05.809] [main/WARN] [mixin/]: Reference map 'placebo.refmap.json' for placebo.mixins.json could not be read. If this is a development environment you can ignore this message
[20Apr2026 18:10:05.810] [main/WARN] [mixin/]: Reference map 'fastfurnace.refmap.json' for fastfurnace.mixins.json could not be read. If this is a development environment you can ignore this message
[20Apr2026 18:10:05.811] [main/WARN] [mixin/]: Reference map 'lootintegrations.refmap.json' for lootintegrations.mixins.json could not be read. If this is a development environment you can ignore this message
[20Apr2026 18:10:05.811] [main/WARN] [mixin/]: Reference map 'bookshelf.refmap.json' for bookshelf.mixins.json could not be read. If this is a development environment you can ignore this message
[20Apr2026 18:10:05.963] [main/WARN] [mixin/]: Reference map 'carryon.refmap.json' for carryon.mixins.json could not be read. If this is a development environment you can ignore this message
[20Apr2026 18:10:05.967] [main/WARN] [mixin/]: Reference map 'melody.refmap.json' for melody.mixins.json could not be read. If this is a development environment you can ignore this message
[20Apr2026 18:10:05.967] [main/WARN] [mixin/]: Reference map 'melody.refmap.json' for melody.neoforge.mixins.json could not be read. If this is a development environment you can ignore this message
[20Apr2026 18:10:05.977] [main/WARN] [mixin/]: Reference map 'konkrete.refmap.json' for konkrete.mixins.json could not be read. If this is a development environment you can ignore this message
[20Apr2026 18:10:05.978] [main/WARN] [mixin/]: Reference map 'konkrete.refmap.json' for konkrete.neoforge.mixins.json could not be read. If this is a development environment you can ignore this message
[20Apr2026 18:10:05.979] [main/WARN] [mixin/]: Reference map 'rsinfinitybooster.refmap.json' for rsinfinitybooster.mixins.json could not be read. If this is a development environment you can ignore this message
[20Apr2026 18:10:05.980] [main/WARN] [mixin/]: Reference map 'create_connected.refmap.json' for create_connected.mixins.json could not be read. If this is a development environment you can ignore this message
[20Apr2026 18:10:05.982] [main/WARN] [mixin/]: Reference map '${mixin_refmap}' for mixins.customizableelytra.common.json could not be read. If this is a development environment you can ignore this message
[20Apr2026 18:10:05.984] [main/WARN] [mixin/]: Reference map 'ambientsounds.mixins.refmap.json' for ambientsounds.mixins.json could not be read. If this is a development environment you can ignore this message
[20Apr2026 18:10:05.985] [main/WARN] [mixin/]: Reference map 'twilightforestfinalboss.refmap.json' for twilightforestfinalboss.mixins.json could not be read. If this is a development environment you can ignore this message
[20Apr2026 18:10:05.988] [main/WARN] [mixin/]: Reference map 'watervision.mixin-refmap.json' for watervision.mixin.json could not be read. If this is a development environment you can ignore this message
[20Apr2026 18:10:05.989] [main/WARN] [mixin/]: Reference map 'create_hypertube.refmap.json' for create_hypertube.mixins.json could not be read. If this is a development environment you can ignore this message
[20Apr2026 18:10:05.989] [main/WARN] [mixin/]: Reference map 'conflict_fix.refmap.json' for conflict_fix.mixins.json could not be read. If this is a development environment you can ignore this message
[20Apr2026 18:10:05.992] [main/WARN] [mixin/]: Reference map 'cupboard.refmap.json' for cupboard.mixins.json could not be read. If this is a development environment you can ignore this message
[20Apr2026 18:10:05.999] [main/WARN] [mixin/]: Reference map 'clumps.refmap.json' for clumps.mixins.json could not be read. If this is a development environment you can ignore this message
[20Apr2026 18:10:06.002] [main/WARN] [mixin/]: Reference map 'hiddennames.refmap.json' for hiddennames.mixins.json could not be read. If this is a development environment you can ignore this message
[20Apr2026 18:10:06.005] [main/WARN] [mixin/]: Reference map 'ixeris.mixins.refmap.json' for ixeris.mixins.json could not be read. If this is a development environment you can ignore this message
[20Apr2026 18:10:06.007] [main/WARN] [mixin/]: Reference map 'apothic_spawners.refmap.json' for apothic_spawners.mixins.json could not be read. If this is a development environment you can ignore this message
[20Apr2026 18:10:06.007] [main/WARN] [mixin/]: Reference map 'mixins.mmlib.refmap.json' for mixins.mmlib.json could not be read. If this is a development environment you can ignore this message
[20Apr2026 18:10:06.012] [main/WARN] [mixin/]: Reference map 'creativecore.mixins.refmap.json' for creativecore.mixins.json could not be read. If this is a development environment you can ignore this message
[20Apr2026 18:10:06.013] [main/WARN] [mixin/]: Reference map 'creativecore.mixins.refmap.json' for creativecore.forge.mixins.json could not be read. If this is a development environment you can ignore this message
[20Apr2026 18:10:06.016] [main/WARN] [mixin/]: Reference map 'fastbench.refmap.json' for fastbench.mixins.json could not be read. If this is a development environment you can ignore this message
[20Apr2026 18:10:06.019] [main/WARN] [mixin/]: Reference map 'irons_spellbooks.refmap.json' for irons_spellbooks.mixins.json could not be read. If this is a development environment you can ignore this message
[20Apr2026 18:10:06.022] [main/WARN] [mixin/]: Reference map 'fancymenu.refmap.json' for fancymenu.mixins.json could not be read. If this is a development environment you can ignore this message
[20Apr2026 18:10:06.023] [main/WARN] [mixin/]: Reference map 'fancymenu.refmap.json' for fancymenu.neoforge.mixins.json could not be read. If this is a development environment you can ignore this message
[20Apr2026 18:10:06.057] [main/WARN] [mixin/]: Reference map '${refmap_target}refmap.json' for ferritecore.predicates.mixin.json could not be read. If this is a development environment you can ignore this message
[20Apr2026 18:10:06.059] [main/WARN] [mixin/]: Reference map '${refmap_target}refmap.json' for ferritecore.fastmap.mixin.json could not be read. If this is a development environment you can ignore this message
[20Apr2026 18:10:06.060] [main/WARN] [mixin/]: Reference map '${refmap_target}refmap.json' for ferritecore.mrl.mixin.json could not be read. If this is a development environment you can ignore this message
[20Apr2026 18:10:06.060] [main/WARN] [mixin/]: Reference map '${refmap_target}refmap.json' for ferritecore.dedupmultipart.mixin.json could not be read. If this is a development environment you can ignore this message
[20Apr2026 18:10:06.063] [main/WARN] [mixin/]: Reference map '${refmap_target}refmap.json' for ferritecore.blockstatecache.mixin.json could not be read. If this is a development environment you can ignore this message
[20Apr2026 18:10:06.064] [main/WARN] [mixin/]: Reference map '${refmap_target}refmap.json' for ferritecore.dedupbakedquad.mixin.json could not be read. If this is a development environment you can ignore this message
[20Apr2026 18:10:06.065] [main/WARN] [mixin/]: Reference map '${refmap_target}refmap.json' for ferritecore.threaddetec.mixin.json could not be read. If this is a development environment you can ignore this message
[20Apr2026 18:10:06.066] [main/WARN] [mixin/]: Reference map '${refmap_target}refmap.json' for ferritecore.modelsides.mixin.json could not be read. If this is a development environment you can ignore this message
[20Apr2026 18:10:06.068] [main/WARN] [mixin/]: Reference map '${refmap_target}refmap.json' for ferritecore.datacomponents.mixin.json could not be read. If this is a development environment you can ignore this message
[20Apr2026 18:10:06.069] [main/WARN] [mixin/]: Reference map '${refmap_target}refmap.json' for ferritecore.accessors.mixin.json could not be read. If this is a development environment you can ignore this message
[20Apr2026 18:10:06.070] [main/WARN] [mixin/]: Reference map 'justzoom.refmap.json' for justzoom.mixins.json could not be read. If this is a development environment you can ignore this message
[20Apr2026 18:10:06.070] [main/WARN] [mixin/]: Reference map 'justzoom.refmap.json' for justzoom.neoforge.mixins.json could not be read. If this is a development environment you can ignore this message
[20Apr2026 18:10:06.071] [main/WARN] [mixin/]: Reference map 'charmofundying.refmap.json' for charmofundying.mixins.json could not be read. If this is a development environment you can ignore this message
[20Apr2026 18:10:06.080] [main/WARN] [mixin/]: Reference map 'guardvillagers.refmap.json' for guardvillagers.mixins.json could not be read. If this is a development environment you can ignore this message
[20Apr2026 18:10:06.082] [main/WARN] [mixin/]: Reference map 'balm.refmap.json' for balm.mixins.json could not be read. If this is a development environment you can ignore this message
[20Apr2026 18:10:06.083] [main/WARN] [mixin/]: Reference map 'prickle.refmap.json' for prickle.mixins.json could not be read. If this is a development environment you can ignore this message
[20Apr2026 18:10:06.087] [main/WARN] [mixin/]: Reference map '' for chat_heads.neoforge.mixins.json could not be read. If this is a development environment you can ignore this message
[20Apr2026 18:10:06.088] [main/WARN] [mixin/]: Reference map 'emojiful.refmap.json' for emojiful.mixins.json could not be read. If this is a development environment you can ignore this message
[20Apr2026 18:10:06.090] [main/WARN] [mixin/]: Reference map 'torchmaster.refmap.json' for torchmaster.mixins.json could not be read. If this is a development environment you can ignore this message
[20Apr2026 18:10:06.091] [main/WARN] [mixin/]: Reference map 'botanytrees.refmap.json' for botanytrees.mixins.json could not be read. If this is a development environment you can ignore this message
[20Apr2026 18:10:06.095] [main/WARN] [mixin/]: Reference map 'supermartijn642corelib.mixins.refmap.json' for supermartijn642corelib.mixins.json could not be read. If this is a development environment you can ignore this message
[20Apr2026 18:10:06.095] [main/WARN] [mixin/]: Reference map 'apothic_attributes.refmap.json' for apothic_attributes.mixins.json could not be read. If this is a development environment you can ignore this message
[20Apr2026 18:10:06.097] [main/WARN] [mixin/]: Reference map 'curios.refmap.json' for curios.neoforge.mixins.json could not be read. If this is a development environment you can ignore this message
[20Apr2026 18:10:06.099] [main/WARN] [mixin/]: Reference map 'curios.refmap.json' for curios.mixins.json could not be read. If this is a development environment you can ignore this message
[20Apr2026 18:10:06.099] [main/WARN] [mixin/]: Reference map 'searchables.refmap.json' for searchables.mixins.json could not be read. If this is a development environment you can ignore this message
[20Apr2026 18:10:06.099] [main/WARN] [mixin/]: Reference map 'searchables.refmap.json' for searchables.neoforge.mixins.json could not be read. If this is a development environment you can ignore this message
[20Apr2026 18:10:06.101] [main/WARN] [mixin/]: Reference map 'worldedit-neoforge.mixins.refmap.json' for worldedit-neoforge.mixins.json could not be read. If this is a development environment you can ignore this message
[20Apr2026 18:10:06.105] [main/WARN] [mixin/]: Reference map '' for mixins.sodiumoptionsmodcompat.json could not be read. If this is a development environment you can ignore this message
[20Apr2026 18:10:06.105] [main/WARN] [mixin/]: Reference map 'apotheosis.refmap.json' for apotheosis.mixins.json could not be read. If this is a development environment you can ignore this message
[20Apr2026 18:10:06.109] [main/WARN] [mixin/]: Reference map 'jadeaddons.refmap.json' for jadeaddons.mixins.json could not be read. If this is a development environment you can ignore this message
[20Apr2026 18:10:06.111] [main/WARN] [mixin/]: Reference map 'elytraslot.refmap.json' for elytraslot-integrations.mixins.json could not be read. If this is a development environment you can ignore this message
[20Apr2026 18:10:06.113] [main/WARN] [mixin/]: Reference map 'mowziesmobs.refmap.json' for mowziesmobs.mixins.json could not be read. If this is a development environment you can ignore this message
[20Apr2026 18:10:06.122] [main/INFO] [KubeJS Tweaks/]: Conditional Mixin dev.uncandango.kubejstweaks.mixin.core.main.NativeJavaMapMixin will be loaded as it matches versions: 2101.2.7-build.81 in [2101.2.7-build.74,2101.2.7-build.81]
[20Apr2026 18:10:06.122] [main/INFO] [KubeJS Tweaks/]: Conditional Mixin dev.uncandango.kubejstweaks.mixin.core.main.ContextFactoryMixin will be loaded as it matches versions: 2101.2.7-build.81 in [2101.2.7-build.74,2101.2.7-build.81]
[20Apr2026 18:10:06.122] [main/INFO] [KubeJS Tweaks/]: Conditional Mixin dev.uncandango.kubejstweaks.mixin.core.main.BalmClientRuntimeSpiMixin will be loaded as it matches versions: 21.0.56 in *
[20Apr2026 18:10:06.122] [main/INFO] [KubeJS Tweaks/]: Conditional Mixin dev.uncandango.kubejstweaks.kubejs.kjs72.mixin.core.main.ServerPackMixin will be loaded as it matches versions: 2101.7.2-build.348 in [2101.7.2,2101.7.3)
[20Apr2026 18:10:06.122] [main/INFO] [KubeJS Tweaks/]: Conditional Mixin dev.uncandango.kubejstweaks.kubejs.kjs72.mixin.core.main.RecipesKubeEventMixin will be loaded as it matches versions: 2101.7.2-build.348 in [2101.7.2,2101.7.3)
[20Apr2026 18:10:06.122] [main/INFO] [KubeJS Tweaks/]: Conditional Mixin dev.uncandango.kubejstweaks.kubejs.kjs72.mixin.core.main.RecipeSchemaStorageMixin will be loaded as it matches versions: 2101.7.2-build.348 in [2101.7.2,2101.7.3)
[20Apr2026 18:10:06.123] [main/INFO] [KubeJS Tweaks/]: Conditional Mixin dev.uncandango.kubejstweaks.kubejs.kjs72.mixin.core.main.RecipeManagerMixin will be loaded as it matches versions: 2101.7.2-build.348 in [2101.7.2,2101.7.3)
[20Apr2026 18:10:06.123] [main/INFO] [KubeJS Tweaks/]: Conditional Mixin dev.uncandango.kubejstweaks.kubejs.kjs72.mixin.core.main.KubeRecipeMixin will be loaded as it matches versions: 2101.7.2-build.348 in [2101.7.2,2101.7.3)
[20Apr2026 18:10:06.123] [main/INFO] [KubeJS Tweaks/]: Extra dependecy Mod jei matches versions: 19.27.0.340 in [19.8,20)
[20Apr2026 18:10:06.123] [main/INFO] [KubeJS Tweaks/]: Conditional Mixin dev.uncandango.kubejstweaks.kubejs.kjs72.mixin.core.main.KubeJEIPluginMixin will be loaded as it matches versions: 2101.7.2-build.348 in [2101.7.2,2101.7.3)
[20Apr2026 18:10:06.123] [main/INFO] [KubeJS Tweaks/]: Conditional Mixin dev.uncandango.kubejstweaks.kubejs.kjs72.mixin.core.main.JsonRecipeSchemaLoaderMixin2 will be loaded as it matches versions: 2101.7.2-build.348 in [2101.7.2,2101.7.3)
[20Apr2026 18:10:06.123] [main/INFO] [KubeJS Tweaks/]: Conditional Mixin dev.uncandango.kubejstweaks.kubejs.kjs72.mixin.core.main.JsonRecipeSchemaLoaderMixin will be loaded as it matches versions: 2101.7.2-build.348 in [2101.7.2,2101.7.3)
[20Apr2026 18:10:06.123] [main/INFO] [KubeJS Tweaks/]: Conditional Mixin dev.uncandango.kubejstweaks.kubejs.kjs72.mixin.core.main.ClientAssetPacksMixin will be loaded as it matches versions: 2101.7.2-build.348 in [2101.7.2,2101.7.3)
[20Apr2026 18:10:06.127] [main/INFO] [KubeJS Tweaks/]: Conditional Mixin dev.uncandango.kubejstweaks.mixin.core.main.NativeJavaMapMixin will be loaded as it matches versions: 2101.2.7-build.81 in [2101.2.7-build.74,2101.2.7-build.81]
[20Apr2026 18:10:06.127] [main/INFO] [KubeJS Tweaks/]: Conditional Mixin dev.uncandango.kubejstweaks.mixin.core.main.ContextFactoryMixin will be loaded as it matches versions: 2101.2.7-build.81 in [2101.2.7-build.74,2101.2.7-build.81]
[20Apr2026 18:10:06.127] [main/INFO] [KubeJS Tweaks/]: Conditional Mixin dev.uncandango.kubejstweaks.mixin.core.main.BalmClientRuntimeSpiMixin will be loaded as it matches versions: 21.0.56 in *
[20Apr2026 18:10:06.128] [main/INFO] [KubeJS Tweaks/]: Conditional Mixin dev.uncandango.kubejstweaks.kubejs.kjs72.mixin.core.main.ServerPackMixin will be loaded as it matches versions: 2101.7.2-build.348 in [2101.7.2,2101.7.3)
[20Apr2026 18:10:06.128] [main/INFO] [KubeJS Tweaks/]: Conditional Mixin dev.uncandango.kubejstweaks.kubejs.kjs72.mixin.core.main.RecipesKubeEventMixin will be loaded as it matches versions: 2101.7.2-build.348 in [2101.7.2,2101.7.3)
[20Apr2026 18:10:06.129] [main/INFO] [KubeJS Tweaks/]: Conditional Mixin dev.uncandango.kubejstweaks.kubejs.kjs72.mixin.core.main.RecipeSchemaStorageMixin will be loaded as it matches versions: 2101.7.2-build.348 in [2101.7.2,2101.7.3)
[20Apr2026 18:10:06.129] [main/INFO] [KubeJS Tweaks/]: Conditional Mixin dev.uncandango.kubejstweaks.kubejs.kjs72.mixin.core.main.RecipeManagerMixin will be loaded as it matches versions: 2101.7.2-build.348 in [2101.7.2,2101.7.3)
[20Apr2026 18:10:06.129] [main/INFO] [KubeJS Tweaks/]: Conditional Mixin dev.uncandango.kubejstweaks.kubejs.kjs72.mixin.core.main.KubeRecipeMixin will be loaded as it matches versions: 2101.7.2-build.348 in [2101.7.2,2101.7.3)
[20Apr2026 18:10:06.129] [main/INFO] [KubeJS Tweaks/]: Extra dependecy Mod jei matches versions: 19.27.0.340 in [19.8,20)
[20Apr2026 18:10:06.129] [main/INFO] [KubeJS Tweaks/]: Conditional Mixin dev.uncandango.kubejstweaks.kubejs.kjs72.mixin.core.main.KubeJEIPluginMixin will be loaded as it matches versions: 2101.7.2-build.348 in [2101.7.2,2101.7.3)
[20Apr2026 18:10:06.129] [main/INFO] [KubeJS Tweaks/]: Conditional Mixin dev.uncandango.kubejstweaks.kubejs.kjs72.mixin.core.main.JsonRecipeSchemaLoaderMixin2 will be loaded as it matches versions: 2101.7.2-build.348 in [2101.7.2,2101.7.3)
[20Apr2026 18:10:06.129] [main/INFO] [KubeJS Tweaks/]: Conditional Mixin dev.uncandango.kubejstweaks.kubejs.kjs72.mixin.core.main.JsonRecipeSchemaLoaderMixin will be loaded as it matches versions: 2101.7.2-build.348 in [2101.7.2,2101.7.3)
[20Apr2026 18:10:06.129] [main/INFO] [KubeJS Tweaks/]: Conditional Mixin dev.uncandango.kubejstweaks.kubejs.kjs72.mixin.core.main.ClientAssetPacksMixin will be loaded as it matches versions: 2101.7.2-build.348 in [2101.7.2,2101.7.3)
[20Apr2026 18:10:06.131] [main/INFO] [KubeJS Tweaks/]: Conditional Mixin dev.uncandango.kubejstweaks.mixin.core.main.NativeJavaMapMixin will be loaded as it matches versions: 2101.2.7-build.81 in [2101.2.7-build.74,2101.2.7-build.81]
[20Apr2026 18:10:06.131] [main/INFO] [KubeJS Tweaks/]: Conditional Mixin dev.uncandango.kubejstweaks.mixin.core.main.ContextFactoryMixin will be loaded as it matches versions: 2101.2.7-build.81 in [2101.2.7-build.74,2101.2.7-build.81]
[20Apr2026 18:10:06.132] [main/INFO] [KubeJS Tweaks/]: Conditional Mixin dev.uncandango.kubejstweaks.mixin.core.main.BalmClientRuntimeSpiMixin will be loaded as it matches versions: 21.0.56 in *
[20Apr2026 18:10:06.132] [main/INFO] [KubeJS Tweaks/]: Conditional Mixin dev.uncandango.kubejstweaks.kubejs.kjs72.mixin.core.main.ServerPackMixin will be loaded as it matches versions: 2101.7.2-build.348 in [2101.7.2,2101.7.3)
[20Apr2026 18:10:06.132] [main/INFO] [KubeJS Tweaks/]: Conditional Mixin dev.uncandango.kubejstweaks.kubejs.kjs72.mixin.core.main.RecipesKubeEventMixin will be loaded as it matches versions: 2101.7.2-build.348 in [2101.7.2,2101.7.3)
[20Apr2026 18:10:06.132] [main/INFO] [KubeJS Tweaks/]: Conditional Mixin dev.uncandango.kubejstweaks.kubejs.kjs72.mixin.core.main.RecipeSchemaStorageMixin will be loaded as it matches versions: 2101.7.2-build.348 in [2101.7.2,2101.7.3)
[20Apr2026 18:10:06.132] [main/INFO] [KubeJS Tweaks/]: Conditional Mixin dev.uncandango.kubejstweaks.kubejs.kjs72.mixin.core.main.RecipeManagerMixin will be loaded as it matches versions: 2101.7.2-build.348 in [2101.7.2,2101.7.3)
[20Apr2026 18:10:06.132] [main/INFO] [KubeJS Tweaks/]: Conditional Mixin dev.uncandango.kubejstweaks.kubejs.kjs72.mixin.core.main.KubeRecipeMixin will be loaded as it matches versions: 2101.7.2-build.348 in [2101.7.2,2101.7.3)
[20Apr2026 18:10:06.132] [main/INFO] [KubeJS Tweaks/]: Extra dependecy Mod jei matches versions: 19.27.0.340 in [19.8,20)
[20Apr2026 18:10:06.132] [main/INFO] [KubeJS Tweaks/]: Conditional Mixin dev.uncandango.kubejstweaks.kubejs.kjs72.mixin.core.main.KubeJEIPluginMixin will be loaded as it matches versions: 2101.7.2-build.348 in [2101.7.2,2101.7.3)
[20Apr2026 18:10:06.132] [main/INFO] [KubeJS Tweaks/]: Conditional Mixin dev.uncandango.kubejstweaks.kubejs.kjs72.mixin.core.main.JsonRecipeSchemaLoaderMixin2 will be loaded as it matches versions: 2101.7.2-build.348 in [2101.7.2,2101.7.3)
[20Apr2026 18:10:06.134] [main/INFO] [KubeJS Tweaks/]: Conditional Mixin dev.uncandango.kubejstweaks.kubejs.kjs72.mixin.core.main.JsonRecipeSchemaLoaderMixin will be loaded as it matches versions: 2101.7.2-build.348 in [2101.7.2,2101.7.3)
[20Apr2026 18:10:06.134] [main/INFO] [KubeJS Tweaks/]: Conditional Mixin dev.uncandango.kubejstweaks.kubejs.kjs72.mixin.core.main.ClientAssetPacksMixin will be loaded as it matches versions: 2101.7.2-build.348 in [2101.7.2,2101.7.3)
[20Apr2026 18:10:06.136] [main/WARN] [mixin/]: Reference map 'revive_me.refmap.json' for revive_me.mixins.json could not be read. If this is a development environment you can ignore this message
[20Apr2026 18:10:06.144] [main/WARN] [mixin/]: Reference map 'glitchcore.refmap.json' for glitchcore.mixins.json could not be read. If this is a development environment you can ignore this message
[20Apr2026 18:10:06.145] [main/WARN] [mixin/]: Reference map 'glitchcore.refmap.json' for glitchcore.neoforge.mixins.json could not be read. If this is a development environment you can ignore this message
[20Apr2026 18:10:06.145] [main/WARN] [mixin/]: Reference map 'biomesoplenty.refmap.json' for biomesoplenty.mixins.json could not be read. If this is a development environment you can ignore this message
[20Apr2026 18:10:06.146] [main/WARN] [mixin/]: Reference map 'biomesoplenty.refmap.json' for biomesoplenty.neoforge.mixins.json could not be read. If this is a development environment you can ignore this message
[20Apr2026 18:10:06.146] [main/WARN] [mixin/]: Reference map 'solonion.mixin.refmap.json' for solonion.mixins.json could not be read. If this is a development environment you can ignore this message
[20Apr2026 18:10:06.149] [main/WARN] [mixin/]: Reference map 'logbegone.refmap.json' for logbegone.neoforge.mixins.json could not be read. If this is a development environment you can ignore this message
[20Apr2026 18:10:06.152] [main/WARN] [mixin/]: Reference map 'drippyloadingscreen.refmap.json' for drippyloadingscreen.mixins.json could not be read. If this is a development environment you can ignore this message
[20Apr2026 18:10:06.152] [main/WARN] [mixin/]: Reference map 'drippyloadingscreen.refmap.json' for drippyloadingscreen.neoforge.mixins.json could not be read. If this is a development environment you can ignore this message
[20Apr2026 18:10:06.160] [main/WARN] [mixin/]: Reference map 'nochatreports.refmap.json' for mixins/common/nochatreports.mixins.json could not be read. If this is a development environment you can ignore this message
[20Apr2026 18:10:06.161] [main/WARN] [mixin/]: Reference map 'knightquest.refmap.json' for knightquest.mixins.json could not be read. If this is a development environment you can ignore this message
[20Apr2026 18:10:06.161] [main/WARN] [mixin/]: Reference map 'aeroblender.refmap.json' for aeroblender.mixins.json could not be read. If this is a development environment you can ignore this message
[20Apr2026 18:10:06.166] [main/WARN] [mixin/]: Reference map 'polymorph.refmap.json' for polymorph.mixins.json could not be read. If this is a development environment you can ignore this message
[20Apr2026 18:10:06.167] [main/WARN] [mixin/]: Reference map 'polymorph.refmap.json' for polymorph-compatibility.mixins.json could not be read. If this is a development environment you can ignore this message
[20Apr2026 18:10:06.168] [main/WARN] [mixin/]: Reference map 'entityculling.refmap.mixins.json' for entityculling.mixins.json could not be read. If this is a development environment you can ignore this message
[20Apr2026 18:10:06.170] [main/WARN] [mixin/]: Reference map 'cable_facades.refmap.json' for cable_facades.mixins.json could not be read. If this is a development environment you can ignore this message
[20Apr2026 18:10:06.170] [main/WARN] [mixin/]: Reference map 'cosmeticcorpsecompat.refmap.json' for cosmeticcorpsecompat.mixins.json could not be read. If this is a development environment you can ignore this message
[20Apr2026 18:10:06.174] [main/WARN] [mixin/]: Reference map 'xptome.refmap.json' for xptome.mixins.json could not be read. If this is a development environment you can ignore this message
[20Apr2026 18:10:06.175] [main/WARN] [mixin/]: Reference map 'easy_npc.refmap.json' for easy_npc.neoforge.mixins.json could not be read. If this is a development environment you can ignore this message
[20Apr2026 18:10:06.177] [main/WARN] [mixin/]: Reference map 'netherportalfix.refmap.json' for netherportalfix.mixins.json could not be read. If this is a development environment you can ignore this message
[20Apr2026 18:10:06.178] [main/WARN] [mixin/]: Reference map 'geckolib.refmap.json' for geckolib.mixins.json could not be read. If this is a development environment you can ignore this message
[20Apr2026 18:10:06.180] [main/WARN] [mixin/]: Reference map 'ars_nouveau.refmap.json' for ars_nouveau.mixins.json could not be read. If this is a development environment you can ignore this message
[20Apr2026 18:10:06.180] [main/WARN] [mixin/]: Reference map 'sauce.refmap.json' for sauce.mixins.json could not be read. If this is a development environment you can ignore this message
[20Apr2026 18:10:06.182] [main/WARN] [mixin/]: Reference map 'recipeessentials.refmap.json' for recipeessentials.mixins.json could not be read. If this is a development environment you can ignore this message
[20Apr2026 18:10:06.182] [main/WARN] [mixin/]: Reference map 'aether.refmap.json' for aether.mixins.json could not be read. If this is a development environment you can ignore this message
[20Apr2026 18:10:06.183] [main/WARN] [mixin/]: Reference map 'deep_aether.refmap.json' for deep_aether.mixins.json could not be read. If this is a development environment you can ignore this message
[20Apr2026 18:10:06.185] [main/WARN] [mixin/]: Reference map 'connectivity.refmap.json' for connectivity.mixins.json could not be read. If this is a development environment you can ignore this message
[20Apr2026 18:10:06.187] [main/WARN] [mixin/]: Reference map 'controlling.refmap.json' for controlling.mixins.json could not be read. If this is a development environment you can ignore this message
[20Apr2026 18:10:06.187] [main/WARN] [mixin/]: Reference map 'controlling.refmap.json' for controlling.neoforge.mixins.json could not be read. If this is a development environment you can ignore this message
[20Apr2026 18:10:06.190] [main/WARN] [mixin/]: Reference map 'nuggets.refmap.json' for nuggets.mixins.json could not be read. If this is a development environment you can ignore this message
[20Apr2026 18:10:06.194] [main/WARN] [mixin/]: Reference map 'createfood.refmap.json' for createfood.mixins.json could not be read. If this is a development environment you can ignore this message
[20Apr2026 18:10:06.195] [main/WARN] [mixin/]: Reference map 'anvianslib.refmap.json' for anvianslib.mixins.json could not be read. If this is a development environment you can ignore this message
[20Apr2026 18:10:06.198] [main/WARN] [mixin/]: Reference map 'patchouli.refmap.json' for patchouli_xplat.mixins.json could not be read. If this is a development environment you can ignore this message
[20Apr2026 18:10:06.199] [main/WARN] [mixin/]: Reference map 'underground_village.refmap.json' for underground_village.mixins.json could not be read. If this is a development environment you can ignore this message
[20Apr2026 18:10:06.201] [main/WARN] [mixin/]: Reference map 'trailandtales_delight.refmap.json' for trailandtales_delight.mixins.json could not be read. If this is a development environment you can ignore this message
[20Apr2026 18:10:06.213] [main/WARN] [mixin/]: Reference map 'refurbished_furniture.refmap.json' for refurbished_furniture.common.mixins.json could not be read. If this is a development environment you can ignore this message
[20Apr2026 18:10:06.217] [main/WARN] [mixin/]: Reference map 'voidtotem.refmap.json' for voidtotem.mixins.json could not be read. If this is a development environment you can ignore this message
[20Apr2026 18:10:06.218] [main/WARN] [mixin/]: Reference map 'createcasing.refmap.json' for createcasing.mixins.json could not be read. If this is a development environment you can ignore this message
[20Apr2026 18:10:06.221] [main/WARN] [mixin/]: Reference map 'trashslot.refmap.json' for trashslot.mixins.json could not be read. If this is a development environment you can ignore this message
[20Apr2026 18:10:06.225] [main/WARN] [mixin/]: Reference map 'waystones.refmap.json' for waystones.mixins.json could not be read. If this is a development environment you can ignore this message
[20Apr2026 18:10:06.225] [main/WARN] [mixin/]: Reference map 'fastsuite.refmap.json' for fastsuite.mixins.json could not be read. If this is a development environment you can ignore this message
[20Apr2026 18:10:06.226] [main/WARN] [mixin/]: Reference map 'comforts.refmap.json' for comforts.mixins.json could not be read. If this is a development environment you can ignore this message
[20Apr2026 18:10:06.226] [main/WARN] [mixin/]: Reference map 'knightlib.refmap.json' for knightlib.mixins.json could not be read. If this is a development environment you can ignore this message
[20Apr2026 18:10:06.228] [main/WARN] [mixin/]: Reference map 'particular.refmap.json' for particular.mixins.json could not be read. If this is a development environment you can ignore this message
[20Apr2026 18:10:06.229] [main/WARN] [mixin/]: Reference map 'farsight.refmap.json' for farsight.mixins.json could not be read. If this is a development environment you can ignore this message
[20Apr2026 18:10:06.230] [main/WARN] [mixin/]: Reference map 'toofast.refmap.json' for toofast.mixins.json could not be read. If this is a development environment you can ignore this message
[20Apr2026 18:10:06.230] [main/WARN] [mixin/]: Reference map 'tfmg.refmap.json' for tfmg.mixins.json could not be read. If this is a development environment you can ignore this message
[20Apr2026 18:10:06.231] [main/WARN] [mixin/]: Reference map 'enchdesc.refmap.json' for enchdesc.mixins.json could not be read. If this is a development environment you can ignore this message
[20Apr2026 18:10:06.239] [main/WARN] [mixin/]: Reference map 'yawp.refmap.json' for yawp.mixins.json could not be read. If this is a development environment you can ignore this message
[20Apr2026 18:10:06.239] [main/WARN] [mixin/]: Reference map 'yawp.refmap.json' for yawp.neoforge.mixins.json could not be read. If this is a development environment you can ignore this message
[20Apr2026 18:10:06.244] [main/WARN] [mixin/]: Reference map 'immersive_paintings.refmap.json' for immersive_paintings.mixins.json could not be read. If this is a development environment you can ignore this message
[20Apr2026 18:10:06.251] [main/WARN] [mixin/]: Reference map 'ponder.refmap.json' for ponder-common.mixins.json could not be read. If this is a development environment you can ignore this message
[20Apr2026 18:10:06.253] [main/WARN] [mixin/]: Reference map 'dndecor.refmap.json' for dndecor.mixins.json could not be read. If this is a development environment you can ignore this message
[20Apr2026 18:10:06.255] [main/WARN] [mixin/]: Reference map 'create_waystones_recipes.refmap.json' for create_waystones_recipes.mixins.json could not be read. If this is a development environment you can ignore this message
[20Apr2026 18:10:06.255] [main/WARN] [mixin/]: Reference map 'dndesires.refmap.json' for dndesires.mixins.json could not be read. If this is a development environment you can ignore this message
[20Apr2026 18:10:06.261] [main/WARN] [mixin/]: Reference map 'pipeorgans.refmap.json' for pipeorgans.mixins.json could not be read. If this is a development environment you can ignore this message
[20Apr2026 18:10:06.266] [main/WARN] [mixin/]: Reference map 'better_lib.refmap.json' for better_lib.mixins.json could not be read. If this is a development environment you can ignore this message
[20Apr2026 18:10:06.268] [main/WARN] [mixin/]: Reference map 'skinrestorer.refmap.json' for skinrestorer.mixins.json could not be read. If this is a development environment you can ignore this message
[20Apr2026 18:10:06.270] [main/WARN] [mixin/]: Reference map 'trade_cycling.refmap.json' for trade_cycling.mixins.json could not be read. If this is a development environment you can ignore this message
[20Apr2026 18:10:06.272] [main/WARN] [mixin/]: Reference map 'sound_physics_remastered.refmap.json' for sound_physics_remastered.mixins.json could not be read. If this is a development environment you can ignore this message
[20Apr2026 18:10:06.554] [main/WARN] [mixin/]: Error loading class: com/refinedmods/refinedstorage/block/shape/ShapeCache (java.lang.ClassNotFoundException: com.refinedmods.refinedstorage.block.shape.ShapeCache)
[20Apr2026 18:10:06.878] [main/WARN] [mixin/]: Error loading class: com/portingdeadmods/cable_facades/events/GameClientEvents$2 (java.lang.ClassNotFoundException: com.portingdeadmods.cable_facades.events.GameClientEvents$2)
[20Apr2026 18:10:06.880] [main/WARN] [mixin/]: Error loading class: com/direwolf20/justdirethings/client/renderers/OurRenderTypes (java.lang.ClassNotFoundException: com.direwolf20.justdirethings.client.renderers.OurRenderTypes)
[20Apr2026 18:10:07.209] [main/INFO] [net.neoforged.coremod.CoreMod.apothic_enchanting/COREMODLOG[ COREMOD ]]: Replaced 2 calls to Enchantment#getMaxLevel() in net/minecraft/world/inventory/AnvilMenu
[20Apr2026 18:10:07.238] [main/WARN] [mixin/]: Error loading class: fuzs/easyanvils/world/inventory/ModAnvilMenu (java.lang.ClassNotFoundException: fuzs.easyanvils.world.inventory.ModAnvilMenu)
[20Apr2026 18:10:07.238] [main/WARN] [mixin/]: @Mixin target fuzs.easyanvils.world.inventory.ModAnvilMenu was not found exposure-common.mixins.json:compat.easy_anvils.ModAnvilMenuMixin from mod exposure
[20Apr2026 18:10:07.261] [main/WARN] [mixin/]: Error loading class: fuzs/easyanvils/client/gui/screens/inventory/ModAnvilScreen (java.lang.ClassNotFoundException: fuzs.easyanvils.client.gui.screens.inventory.ModAnvilScreen)
[20Apr2026 18:10:07.261] [main/WARN] [mixin/]: @Mixin target fuzs.easyanvils.client.gui.screens.inventory.ModAnvilScreen was not found exposure-common.mixins.json:compat.easy_anvils.ModAnvilScreenMixin from mod exposure
[20Apr2026 18:10:07.268] [main/WARN] [mixin/]: Error loading class: dev/latvian/mods/kubejs/client/KubeJSGameClientEventHandler (java.lang.ClassNotFoundException: dev.latvian.mods.kubejs.client.KubeJSGameClientEventHandler)
[20Apr2026 18:10:07.268] [main/WARN] [mixin/]: @Mixin target dev.latvian.mods.kubejs.client.KubeJSGameClientEventHandler was not found exposure-neoforge.mixins.json:KubeJSGameClientEventHandlerMixin from mod exposure
[20Apr2026 18:10:07.298] [main/WARN] [mixin/]: Error loading class: org/embeddedt/embeddium/impl/render/chunk/compile/pipeline/FluidRenderer (java.lang.ClassNotFoundException: org.embeddedt.embeddium.impl.render.chunk.compile.pipeline.FluidRenderer)
[20Apr2026 18:10:07.390] [main/WARN] [mixin/]: Error loading class: traben/entity_model_features/models/parts/EMFModelPartCustom (java.lang.ClassNotFoundException: traben.entity_model_features.models.parts.EMFModelPartCustom)
[20Apr2026 18:10:07.487] [main/INFO] [net.neoforged.coremod.CoreMod.apothic_enchanting/COREMODLOG[ COREMOD ]]: Replaced 1 calls to Enchantment#getMaxLevel() in net/minecraft/world/item/enchantment/Enchantment
[20Apr2026 18:10:07.546] [main/INFO] [net.neoforged.coremod.CoreMod.apothic_enchanting/COREMODLOG[ COREMOD ]]: Replaced 1 calls to Enchantment#getMaxLevel() in net/minecraft/world/entity/npc/VillagerTrades$EnchantBookForEmeralds
[20Apr2026 18:10:07.606] [main/INFO] [net.neoforged.coremod.CoreMod.apothic_enchanting/COREMODLOG[ COREMOD ]]: Replaced 1 calls to Enchantment#getMaxLevel() in net/minecraft/world/item/enchantment/EnchantmentHelper
[20Apr2026 18:10:07.699] [main/WARN] [Sodium/]: Force-disabling mixin 'features.render.world.sky.FogRendererMixin' as rule 'mixin.features.render.world.sky' (added by mods [iris]) disables it and children
[20Apr2026 18:10:07.699] [main/WARN] [Sodium/]: Force-disabling mixin 'features.render.world.sky.ClientLevelMixin' as rule 'mixin.features.render.world.sky' (added by mods [iris]) disables it and children
[20Apr2026 18:10:07.700] [main/WARN] [Sodium/]: Force-disabling mixin 'features.render.world.sky.LevelRendererMixin' as rule 'mixin.features.render.world.sky' (added by mods [iris]) disables it and children
[20Apr2026 18:10:07.734] [main/WARN] [mixin/]: Error loading class: traben/entity_model_features/models/animation/EMFAnimationEntityContext (java.lang.ClassNotFoundException: traben.entity_model_features.models.animation.EMFAnimationEntityContext)
[20Apr2026 18:10:07.769] [main/INFO] [AllTheLeaks/]: Class dev.uncandango.alltheleaks.leaks.common.mods.supplementaries.UntrackedIssue002 will be loaded as it matches versions: 1.21-3.5.34 in [1.21-3.5.0,)
[20Apr2026 18:10:07.769] [main/INFO] [AllTheLeaks/]: Class dev.uncandango.alltheleaks.leaks.common.mods.supplementaries.UntrackedIssue001 will be loaded as it matches versions: 1.21-3.5.34 in [1.21-3.1.8,)
[20Apr2026 18:10:07.769] [main/INFO] [AllTheLeaks/]: Class dev.uncandango.alltheleaks.leaks.common.mods.octolib.UntrackedIssue001 will be loaded as it matches versions: 0.6.1 in [0.5.0.1,)
[20Apr2026 18:10:07.769] [main/INFO] [AllTheLeaks/]: Mixins added to allowed list: [main.OctoRenderManagerMixin]
[20Apr2026 18:10:07.769] [main/INFO] [AllTheLeaks/]: Class dev.uncandango.alltheleaks.leaks.common.mods.neoforge.Issue1487 will be loaded as it matches versions: 21.1.221 in [21.,)
[20Apr2026 18:10:07.769] [main/INFO] [AllTheLeaks/]: Mixins added to allowed list: [main.ServerPlayerMixin, main.PlayerListMixin, main.accessor.PlayerAdvancementsAccessor]
[20Apr2026 18:10:07.770] [main/INFO] [AllTheLeaks/]: Class dev.uncandango.alltheleaks.leaks.common.mods.neoforge.Issue1486 will be loaded as it matches versions: 21.1.221 in [21.,)
[20Apr2026 18:10:07.770] [main/INFO] [AllTheLeaks/]: Class dev.uncandango.alltheleaks.leaks.common.mods.minecraft.UntrackedIssue003 will be loaded as it matches versions: 1.21.1 in [1.21.1,1.21.1]
[20Apr2026 18:10:07.770] [main/INFO] [AllTheLeaks/]: Mixins added to allowed list: [main.DebugSampleSubscriptionTrackerMixin]
[20Apr2026 18:10:07.770] [main/INFO] [AllTheLeaks/]: Class dev.uncandango.alltheleaks.leaks.common.mods.minecraft.UntrackedIssue002 will be loaded as it matches versions: 1.21.1 in 1.21.1
[20Apr2026 18:10:07.770] [main/INFO] [AllTheLeaks/]: Class dev.uncandango.alltheleaks.leaks.common.mods.minecraft.UntrackedIssue001 will be loaded as it matches versions: 1.21.1 in 1.21.1
[20Apr2026 18:10:07.770] [main/INFO] [AllTheLeaks/]: Mixins added to allowed list: [main.EntityTickListMixin]
[20Apr2026 18:10:07.770] [main/INFO] [AllTheLeaks/]: Class dev.uncandango.alltheleaks.leaks.common.mods.geckolib.UntrackedIssue001 will be loaded as it matches versions: 4.8.4 in *
[20Apr2026 18:10:07.770] [main/INFO] [AllTheLeaks/]: Mixins added to allowed list: [main.SingletonGeoAnimatableMixin]
[20Apr2026 18:10:07.770] [main/INFO] [AllTheLeaks/]: Class dev.uncandango.alltheleaks.leaks.common.mods.curios.Issue22 will be loaded as it matches versions: 9.5.1+1.21.1 in [9.0.6,)
[20Apr2026 18:10:07.772] [main/INFO] [AllTheLeaks/]: Mixins added to allowed list: [main.CuriosEventHandlerMixin]
[20Apr2026 18:10:07.772] [main/INFO] [AllTheLeaks/]: Class dev.uncandango.alltheleaks.leaks.common.mods.connectivity.UntrackedIssue001 will be loaded as it matches versions: 7.6 in [5.8,)
[20Apr2026 18:10:07.772] [main/INFO] [AllTheLeaks/]: Class dev.uncandango.alltheleaks.leaks.client.mods.sophisticatedcore.UntrackedIssue001 will be loaded as it matches versions: 1.4.24 in [0.6.23,)
[20Apr2026 18:10:07.773] [main/INFO] [AllTheLeaks/]: Class dev.uncandango.alltheleaks.leaks.client.mods.neoforge.UntrackedIssue001 will be loaded as it matches versions: 21.1.221 in [21.,)
[20Apr2026 18:10:07.773] [main/INFO] [AllTheLeaks/]: Mixins added to allowed list: [main.MinecraftMixin2]
[20Apr2026 18:10:07.773] [main/INFO] [AllTheLeaks/]: Class dev.uncandango.alltheleaks.leaks.client.mods.mousetweaks.UntrackedIssue001 will be loaded as it matches versions: 2.26.1 in [2.26.1,)
[20Apr2026 18:10:07.773] [main/INFO] [AllTheLeaks/]: Class dev.uncandango.alltheleaks.leaks.client.mods.minecraft.UntrackedIssue001 will be loaded as it matches versions: 1.21.1 in 1.21.1
[20Apr2026 18:10:07.773] [main/INFO] [AllTheLeaks/]: Mixins added to allowed list: [main.MinecraftMixin]
[20Apr2026 18:10:07.773] [main/INFO] [AllTheLeaks/]: Class dev.uncandango.alltheleaks.leaks.client.mods.mekanism.UntrackedIssue002 will be loaded as it matches versions: 10.7.19 in [10.7.0.55,)
[20Apr2026 18:10:07.773] [main/INFO] [AllTheLeaks/]: Mixins added to allowed list: [main.LazyItemRendererMixin]
[20Apr2026 18:10:07.773] [main/INFO] [AllTheLeaks/]: Class dev.uncandango.alltheleaks.leaks.client.mods.mekanism.UntrackedIssue001 will be loaded as it matches versions: 10.7.19 in [10.7.8,)
[20Apr2026 18:10:07.773] [main/INFO] [AllTheLeaks/]: Class dev.uncandango.alltheleaks.leaks.client.mods.justenoughprofessions.UntrackedIssue001 will be loaded as it matches versions: 4.0.4 in [4.0.3,)
[20Apr2026 18:10:07.774] [main/INFO] [AllTheLeaks/]: Class dev.uncandango.alltheleaks.leaks.client.mods.jei.UntrackedIssue004 will be loaded as it matches versions: 19.27.0.340 in [19.22.1.316,)
[20Apr2026 18:10:07.774] [main/INFO] [AllTheLeaks/]: Class dev.uncandango.alltheleaks.leaks.client.mods.jei.UntrackedIssue003 will be loaded as it matches versions: 19.27.0.340 in [19.8.4.113,)
[20Apr2026 18:10:07.775] [main/INFO] [AllTheLeaks/]: Mixins added to allowed list: [main.RecipeTransferButtonMixin]
[20Apr2026 18:10:07.775] [main/INFO] [AllTheLeaks/]: Class dev.uncandango.alltheleaks.leaks.client.mods.jei.UntrackedIssue001 will be loaded as it matches versions: 19.27.0.340 in [19.19.5.232,)
[20Apr2026 18:10:07.775] [main/INFO] [AllTheLeaks/]: Mixins added to allowed list: [main.accessor.RecipeTransferManagerAccessor]
[20Apr2026 18:10:07.775] [main/INFO] [AllTheLeaks/]: Class dev.uncandango.alltheleaks.leaks.client.mods.jade.UntrackedIssue001 will be loaded as it matches versions: 15.10.5+neoforge in [15.1.8,)
[20Apr2026 18:10:07.775] [main/INFO] [AllTheLeaks/]: Class dev.uncandango.alltheleaks.leaks.client.mods.irons_spellbooks.Issue556 will be loaded as it matches versions: 1.21.1-3.15.6 in [1.21-3.4.5,)
[20Apr2026 18:10:07.775] [main/INFO] [AllTheLeaks/]: Mixins added to allowed list: [main.SpellSelectionManagerMixin]
[20Apr2026 18:10:07.775] [main/INFO] [AllTheLeaks/]: Class dev.uncandango.alltheleaks.leaks.client.mods.immersiveengineering.UntrackedIssue001 will be loaded as it matches versions: 12.4.2-194 in [12.2.0-187,)
[20Apr2026 18:10:07.775] [main/INFO] [AllTheLeaks/]: Mixins added to allowed list: [main.ManualElementMultiblockMixin]
[20Apr2026 18:10:07.776] [main/INFO] [AllTheLeaks/]: Class dev.uncandango.alltheleaks.leaks.client.mods.iceberg.UntrackedIssue001 will be loaded as it matches versions: 1.3.2 in [1.2.8,)
[20Apr2026 18:10:07.776] [main/INFO] [AllTheLeaks/]: Mixins added to allowed list: [main.accessor.CustomItemRendererAccessor]
[20Apr2026 18:10:07.776] [main/INFO] [AllTheLeaks/]: Class dev.uncandango.alltheleaks.leaks.client.mods.iceberg.Issue76 will be loaded as it matches versions: 1.3.2 in [1.2.8,)
[20Apr2026 18:10:07.777] [main/INFO] [AllTheLeaks/]: Class dev.uncandango.alltheleaks.leaks.client.mods.ftblibrary.UntrackedIssue001 will be loaded as it matches versions: 2101.1.31 in [2101.1.1,)
[20Apr2026 18:10:07.777] [main/INFO] [AllTheLeaks/]: Mixins added to allowed list: [main.accessor.BaseScreenAccessor]
[20Apr2026 18:10:07.777] [main/INFO] [AllTheLeaks/]: Class dev.uncandango.alltheleaks.leaks.client.mods.ftbchunks.UntrackedIssue001 will be loaded as it matches versions: 2101.1.14 in *
[20Apr2026 18:10:07.777] [main/INFO] [AllTheLeaks/]: Class dev.uncandango.alltheleaks.leaks.client.mods.create.Issue9858 will be loaded as it matches versions: 6.0.9 in [6.0.0,6.0.9]
[20Apr2026 18:10:07.777] [main/INFO] [AllTheLeaks/]: Mixins added to allowed list: [main.VirtualRenderWorldMixin, main.WrappedClientLevelMixin]
[20Apr2026 18:10:07.778] [main/INFO] [AllTheLeaks/]: Class dev.uncandango.alltheleaks.leaks.client.mods.buildinggadgets2.UntrackedIssue001 will be loaded as it matches versions: 1.3.9 in [1.3.7,)
[20Apr2026 18:10:07.778] [main/INFO] [AllTheLeaks/]: Class dev.uncandango.alltheleaks.leaks.client.mods.athena.UntrackedIssue001 will be loaded as it matches versions: 4.0.2 in [4.0.0,)
[20Apr2026 18:10:07.778] [main/INFO] [AllTheLeaks/]: Mixins added to allowed list: [main.AthenaResourceLoaderMixin]
[20Apr2026 18:10:07.778] [main/INFO] [AllTheLeaks/]: Class dev.uncandango.alltheleaks.leaks.client.mods.ars_nouveau.UntrackedIssue002 will be loaded as it matches versions: 5.11.3 in [5.8.2,)
[20Apr2026 18:10:07.778] [main/INFO] [AllTheLeaks/]: Class dev.uncandango.alltheleaks.leaks.client.mods.ars_nouveau.UntrackedIssue001 will be loaded as it matches versions: 5.11.3 in [5.0.12,)
[20Apr2026 18:10:07.794] [main/INFO] [AllTheLeaks/]: Extra dependecy Mod jei matches versions: 19.27.0.340 in *
[20Apr2026 18:10:07.794] [main/INFO] [AllTheLeaks/]: Class dev.uncandango.alltheleaks.fix.client.mods.twilightforest.FixItemstack will be loaded as it matches versions: 4.8.3345 in [4.8,)
[20Apr2026 18:10:07.795] [main/INFO] [AllTheLeaks/]: Mixins added to allowed list: [main.ExanimateEssenceRepairExtensionMixin]
[20Apr2026 18:10:07.795] [main/INFO] [AllTheLeaks/]: Class dev.uncandango.alltheleaks.fix.client.mods.patchouli.FixModifyItemStack will be loaded as it matches versions: 1.21.1-93-NEOFORGE in *
[20Apr2026 18:10:07.795] [main/INFO] [AllTheLeaks/]: Mixins added to allowed list: [main.GuiBookEntryMixin]
[20Apr2026 18:10:07.795] [main/INFO] [AllTheLeaks/]: Class dev.uncandango.alltheleaks.fix.client.mods.jei.FixCopyItemStack will be loaded as it matches versions: 19.27.0.340 in [19.19.6.235,)
[20Apr2026 18:10:07.795] [main/INFO] [AllTheLeaks/]: Mixins added to allowed list: [main.SmithingCategoryExtensionMixin]
[20Apr2026 18:10:07.795] [main/INFO] [AllTheLeaks/]: Class dev.uncandango.alltheleaks.fix.client.mods.betterf3.FixDebugScreen will be loaded as it matches versions: 11.0.3 in *
[20Apr2026 18:10:07.795] [main/INFO] [AllTheLeaks/]: Mixins added to allowed list: [main.DebugScreenOverlayMixin]
[20Apr2026 18:10:07.795] [main/INFO] [AllTheLeaks/]: Class dev.uncandango.alltheleaks.feature.common.mods.minecraft.SaveWithLoadedChunks will be loaded as it matches versions: 1.21.1 in 1.21.1
[20Apr2026 18:10:07.795] [main/INFO] [AllTheLeaks/]: Class dev.uncandango.alltheleaks.feature.common.mods.minecraft.MemoryMonitor will be loaded as it matches versions: 1.21.1 in 1.21.1
[20Apr2026 18:10:07.795] [main/INFO] [AllTheLeaks/]: Mixins added to allowed list: [main.PlayerMixin, main.ChunkAccessMixin, main.LevelMixin, main.MinecraftServerMixin]
[20Apr2026 18:10:07.796] [main/INFO] [AllTheLeaks/]: Class dev.uncandango.alltheleaks.diag.common.mods.minecraft.LogSavedData will be loaded as it matches versions: 21.1.221 in [21.1,)
[20Apr2026 18:10:07.796] [main/INFO] [AllTheLeaks/]: Mixins added to allowed list: [main.SavedDataMixin]
[20Apr2026 18:10:07.815] [main/WARN] [mixin/]: Error loading class: it/hurts/octostudios/octolib/modules/particles/OctoRenderManager (java.lang.ClassNotFoundException: it.hurts.octostudios.octolib.modules.particles.OctoRenderManager)
[20Apr2026 18:10:07.816] [main/WARN] [mixin/]: @Mixin target it.hurts.octostudios.octolib.modules.particles.OctoRenderManager was not found alltheleaks.mixins.json:main.OctoRenderManagerMixin from mod alltheleaks
[20Apr2026 18:10:07.830] [main/WARN] [mixin/]: Error loading class: mezz/jei/gui/recipes/RecipeTransferButton (java.lang.ClassNotFoundException: mezz.jei.gui.recipes.RecipeTransferButton)
[20Apr2026 18:10:07.830] [main/WARN] [mixin/]: @Mixin target mezz.jei.gui.recipes.RecipeTransferButton was not found alltheleaks.mixins.json:main.RecipeTransferButtonMixin from mod alltheleaks
[20Apr2026 18:10:07.859] [main/INFO] [com.cupboard.Cupboard/]: Loaded config for: betterfpsdist.json
[20Apr2026 18:10:07.962] [main/INFO] [net.neoforged.coremod.CoreMod.apothic_enchanting/COREMODLOG[ COREMOD ]]: Replaced 2 calls to Enchantment#getMaxLevel() in net/minecraft/server/commands/EnchantCommand
[20Apr2026 18:10:07.968] [main/INFO] [net.neoforged.coremod.CoreMod.apothic_enchanting/COREMODLOG[ COREMOD ]]: Replaced 1 calls to Enchantment#getMaxLevel() in net/minecraft/world/level/storage/loot/functions/EnchantRandomlyFunction
[20Apr2026 18:10:07.980] [main/INFO] [com.cupboard.Cupboard/]: Loaded config for: structureessentials.json
[20Apr2026 18:10:08.215] [main/WARN] [mixin/]: Error loading class: me/jellysquid/mods/lithium/common/ai/pathing/PathNodeDefaults (java.lang.ClassNotFoundException: me.jellysquid.mods.lithium.common.ai.pathing.PathNodeDefaults)
[20Apr2026 18:10:08.276] [main/INFO] [net.neoforged.coremod.CoreMod.apothic_enchanting/COREMODLOG[ COREMOD ]]: Replaced 2 calls to Enchantment#getMaxLevel() in net/minecraft/world/item/CreativeModeTabs
[20Apr2026 18:10:08.300] [main/WARN] [mixin/]: Error loading class: com/illusivesoulworks/colytra/client/ColytraLayer (java.lang.ClassNotFoundException: com.illusivesoulworks.colytra.client.ColytraLayer)
[20Apr2026 18:10:08.405] [main/WARN] [mixin/]: Error loading class: vazkii/quark/addons/oddities/inventory/BackpackMenu (java.lang.ClassNotFoundException: vazkii.quark.addons.oddities.inventory.BackpackMenu)
[20Apr2026 18:10:08.478] [main/WARN] [mixin/]: Error loading class: com/hrznstudio/emojiful/render/EmojiFontRenderer$EmojiCharacterRenderer (java.lang.ClassNotFoundException: com.hrznstudio.emojiful.render.EmojiFontRenderer$EmojiCharacterRenderer)
[20Apr2026 18:10:08.478] [main/WARN] [mixin/]: @Mixin target com/hrznstudio/emojiful/render/EmojiFontRenderer$EmojiCharacterRenderer was not found chat_heads.mixins.json:compat.EmojifulMixin from mod chat_heads
[20Apr2026 18:10:08.501] [main/WARN] [mixin/]: Error loading class: dynamic_fps/impl/DynamicFPSMod (java.lang.ClassNotFoundException: dynamic_fps.impl.DynamicFPSMod)
[20Apr2026 18:10:08.501] [main/WARN] [mixin/]: @Mixin target dynamic_fps.impl.DynamicFPSMod was not found mixins.sodiumoptionsmodcompat.json:DynamicFPSConfigAccessor from mod sodiumoptionsmodcompat
[20Apr2026 18:10:08.505] [main/WARN] [mixin/]: Error loading class: org/violetmoon/quark/content/tweaks/module/GoldToolsHaveFortuneModule (java.lang.ClassNotFoundException: org.violetmoon.quark.content.tweaks.module.GoldToolsHaveFortuneModule)
[20Apr2026 18:10:08.515] [main/WARN] [mixin/]: Error loading class: org/violetmoon/quark/content/tweaks/module/GoldToolsHaveFortuneModule (java.lang.ClassNotFoundException: org.violetmoon.quark.content.tweaks.module.GoldToolsHaveFortuneModule)
[20Apr2026 18:10:08.555] [main/WARN] [mixin/]: Error loading class: com/mrcrayfish/controllable/client/binding/ButtonBinding (java.lang.ClassNotFoundException: com.mrcrayfish.controllable.client.binding.ButtonBinding)
[20Apr2026 18:10:08.555] [main/WARN] [mixin/]: @Mixin target com.mrcrayfish.controllable.client.binding.ButtonBinding was not found revive_me.mixins.json:compatibility.ControllableButtonBindingMixin from mod revive_me
[20Apr2026 18:10:08.555] [main/WARN] [mixin/]: Error loading class: com/mrcrayfish/controllable/client/binding/BindingRegistry (java.lang.ClassNotFoundException: com.mrcrayfish.controllable.client.binding.BindingRegistry)
[20Apr2026 18:10:08.557] [main/WARN] [mixin/]: @Mixin target com.mrcrayfish.controllable.client.binding.BindingRegistry was not found revive_me.mixins.json:compatibility.ControllableBindingRegistryMixin from mod revive_me
[20Apr2026 18:10:08.623] [main/INFO] [net.neoforged.coremod.CoreMod.apothic_enchanting/COREMODLOG[ COREMOD ]]: Patching FishingHook#catchingFish
[20Apr2026 18:10:08.742] [main/WARN] [mixin/]: Error loading class: com/sk89q/worldedit/internal/util/RecursiveDirectoryWatcher (java.lang.ClassNotFoundException: com.sk89q.worldedit.internal.util.RecursiveDirectoryWatcher)
[20Apr2026 18:10:08.790] [main/WARN] [com.recipeessentials.RecipeEssentials/]: Disabling fastItemComparison feature, due to the Owo mod's faulty implementation breaking it
[20Apr2026 18:10:08.790] [main/INFO] [com.cupboard.Cupboard/]: Loaded config for: recipeessentials.json
[20Apr2026 18:10:08.790] [main/WARN] [com.recipeessentials.RecipeEssentials/]: Disabling fastItemComparison feature, due to the Owo mod's faulty implementation breaking it
[20Apr2026 18:10:08.792] [main/WARN] [com.recipeessentials.RecipeEssentials/]: Disabling fastItemComparison feature, due to the Owo mod's faulty implementation breaking it
[20Apr2026 18:10:08.792] [main/WARN] [com.recipeessentials.RecipeEssentials/]: Disabling fastItemComparison feature, due to the Owo mod's faulty implementation breaking it
[20Apr2026 18:10:08.792] [main/WARN] [com.recipeessentials.RecipeEssentials/]: Disabling fastItemComparison feature, due to the Owo mod's faulty implementation breaking it
[20Apr2026 18:10:08.842] [main/INFO] [Colorful Hearts/]: Applying mixin HUDOverlayHandlerAccessor as mod appleskin is present.
[20Apr2026 18:10:08.842] [main/INFO] [Colorful Hearts/]: Applying mixin HUDOverlaysMixin as mod farmersdelight is present.
[20Apr2026 18:10:09.131] [main/WARN] [mixin/]: Error loading class: xaero/map/gui/GuiMap (java.lang.ClassNotFoundException: xaero.map.gui.GuiMap)
[20Apr2026 18:10:09.131] [main/WARN] [mixin/]: @Mixin target xaero.map.gui.GuiMap was not found create.mixins.json:compat.xaeros.XaeroFullscreenMapAccessor from mod create
[20Apr2026 18:10:09.133] [main/WARN] [mixin/]: Error loading class: xaero/map/gui/GuiMap (java.lang.ClassNotFoundException: xaero.map.gui.GuiMap)
[20Apr2026 18:10:09.133] [main/WARN] [mixin/]: @Mixin target xaero.map.gui.GuiMap was not found create.mixins.json:compat.xaeros.XaeroFullscreenMapMixin from mod create
[20Apr2026 18:10:09.305] [main/WARN] [mixin/]: Error loading class: it/hurts/octostudios/octolib/modules/particles/OctoRenderManager (java.lang.ClassNotFoundException: it.hurts.octostudios.octolib.modules.particles.OctoRenderManager)
[20Apr2026 18:10:09.307] [main/WARN] [mixin/]: Error loading class: it/hurts/octostudios/octolib/modules/particles/OctoRenderManager (java.lang.ClassNotFoundException: it.hurts.octostudios.octolib.modules.particles.OctoRenderManager)
[20Apr2026 18:10:09.399] [main/WARN] [mixin/]: Error loading class: com/hrznstudio/emojiful/render/EmojiFontRenderer$EmojiCharacterRenderer (java.lang.ClassNotFoundException: com.hrznstudio.emojiful.render.EmojiFontRenderer$EmojiCharacterRenderer)
[20Apr2026 18:10:09.399] [main/WARN] [mixin/]: Error loading class: com/hrznstudio/emojiful/render/EmojiFontRenderer$EmojiCharacterRenderer (java.lang.ClassNotFoundException: com.hrznstudio.emojiful.render.EmojiFontRenderer$EmojiCharacterRenderer)
[20Apr2026 18:10:09.495] [main/WARN] [mixin/]: Error loading class: org/jetbrains/annotations/ApiStatus$Internal (java.lang.ClassNotFoundException: org.jetbrains.annotations.ApiStatus$Internal)
[20Apr2026 18:10:09.541] [main/WARN] [mixin/]: Error loading class: org/jetbrains/annotations/ApiStatus$ScheduledForRemoval (java.lang.ClassNotFoundException: org.jetbrains.annotations.ApiStatus$ScheduledForRemoval)
[20Apr2026 18:10:09.555] [main/INFO] [MixinExtras|Service/]: Initializing MixinExtras via com.llamalad7.mixinextras.service.MixinExtrasServiceImpl(version=0.5.3).
[20Apr2026 18:10:10.701] [main/INFO] [STDOUT/]: [net.minecraft.client.main.Main:handler$iip000$screenshotclipboard$awtHack:1023]: [Screenshot to Clipboard] Setting java.awt.headless to false
[20Apr2026 18:10:10.801] [main/WARN] [mixin/]: Static binding violation: PRIVATE @Overwrite method decoratedId in modernfix-modernfix.mixins.json:perf.tag_id_caching.TagOrElementLocationMixin from mod modernfix cannot reduce visibiliy of PUBLIC target method, visibility will be upgraded.
[20Apr2026 18:10:12.896] [Datafixer Bootstrap/INFO] [com.mojang.datafixers.DataFixerBuilder/]: 229 Datafixer optimizations took 421 milliseconds
[20Apr2026 18:10:13.699] [pool-19-thread-1/INFO] [net.minecraft.server.Bootstrap/]: ModernFix reached bootstrap stage (38.63 s after launch)
[20Apr2026 18:10:13.847] [pool-19-thread-1/INFO] [net.neoforged.coremod.CoreMod.apothic_enchanting/COREMODLOG]: Replaced 2 calls to Enchantment#getMaxLevel() in net/minecraft/world/item/CreativeModeTabs
[20Apr2026 18:10:15.659] [pool-19-thread-1/WARN] [mixin/]: Static binding violation: PRIVATE @Overwrite method getTemperature in modernfix-modernfix.mixins.json:perf.remove_biome_temperature_cache.BiomeMixin from mod modernfix cannot reduce visibiliy of PUBLIC target method, visibility will be upgraded.
[20Apr2026 18:10:15.752] [pool-19-thread-1/INFO] [net.neoforged.coremod.CoreMod.apothic_enchanting/COREMODLOG]: Replaced 2 calls to Enchantment#getMaxLevel() in net/minecraft/world/inventory/AnvilMenu
[20Apr2026 18:10:15.995] [pool-19-thread-1/WARN] [mixin/]: Method overwrite conflict for setChanged in amendments-common.mixins.json:LecternBlockEntityMixin from mod amendments, previously written by io.redspace.ironsspellbooks.mixin.LecternBlockEntityMixin. Skipping method.
[20Apr2026 18:10:15.997] [pool-19-thread-1/WARN] [mixin/]: Method overwrite conflict for getUpdateTag in amendments-common.mixins.json:LecternBlockEntityUpdateMixin from mod amendments, previously written by io.redspace.ironsspellbooks.mixin.LecternBlockEntityMixin. Skipping method.
[20Apr2026 18:10:15.997] [pool-19-thread-1/WARN] [mixin/]: Method overwrite conflict for getUpdatePacket in amendments-common.mixins.json:LecternBlockEntityUpdateMixin from mod amendments, previously written by io.redspace.ironsspellbooks.mixin.LecternBlockEntityMixin. Skipping method.
[20Apr2026 18:10:16.539] [pool-19-thread-1/INFO] [net.neoforged.coremod.CoreMod.apothic_enchanting/COREMODLOG]: Replaced 1 calls to Enchantment#getMaxLevel() in net/minecraft/world/item/enchantment/Enchantment
[20Apr2026 18:10:17.600] [pool-19-thread-1/INFO] [net.neoforged.coremod.CoreMod.apothic_enchanting/COREMODLOG]: Patching FishingHook#catchingFish
[20Apr2026 18:10:18.518] [pool-19-thread-1/INFO] [net.neoforged.coremod.CoreMod.apothic_enchanting/COREMODLOG]: Replaced 1 calls to Enchantment#getMaxLevel() in net/minecraft/world/level/storage/loot/functions/EnchantRandomlyFunction
[20Apr2026 18:10:19.397] [pool-19-thread-1/INFO] [net.neoforged.coremod.CoreMod.apothic_enchanting/COREMODLOG]: Replaced 1 calls to Enchantment#getMaxLevel() in net/minecraft/world/item/enchantment/providers/SingleEnchantment
[20Apr2026 18:10:19.480] [pool-19-thread-1/INFO] [net.minecraft.server.Bootstrap/]: Vanilla bootstrap took 5756 milliseconds
[20Apr2026 18:10:19.709] [main/WARN] [mixin/]: Static binding violation: PRIVATE @Overwrite method renderSectionLayer in sodium-common.mixins.json:core.render.world.LevelRendererMixin from mod sodium cannot reduce visibiliy of PUBLIC target method, visibility will be upgraded.
[20Apr2026 18:10:19.984] [Render thread/WARN] [net.minecraft.server.packs.VanillaPackResourcesBuilder/]: Assets URL 'union:/C:/Users/Jimmy/curseforge/minecraft/Install/libraries/net/minecraft/client/1.21.1-20240808.144430/client-1.21.1-20240808.144430-srg.jar%23631!/assets/.mcassetsroot' uses unexpected schema
[20Apr2026 18:10:19.984] [Render thread/WARN] [net.minecraft.server.packs.VanillaPackResourcesBuilder/]: Assets URL 'union:/C:/Users/Jimmy/curseforge/minecraft/Install/libraries/net/minecraft/client/1.21.1-20240808.144430/client-1.21.1-20240808.144430-srg.jar%23631!/data/.mcassetsroot' uses unexpected schema
[20Apr2026 18:10:20.049] [Render thread/INFO] [com.mojang.authlib.yggdrasil.YggdrasilAuthenticationService/]: Environment: Environment[sessionHost=https://sessionserver.mojang.com, servicesHost=https://api.minecraftservices.com, name=PROD]
[20Apr2026 18:10:20.061] [Render thread/INFO] [net.minecraft.client.Minecraft/]: Setting user: vyrriox
[20Apr2026 18:10:20.073] [Render thread/WARN] [mixin/]: Method overwrite conflict for getKey in kuma_api.mixins.json:KeyMappingAccessor from mod kuma_api, previously written by invoker54.reviveme.mixin.KeyMappingMixin. Skipping method.
[20Apr2026 18:10:20.073] [Render thread/WARN] [mixin/]: Method overwrite conflict for getKey in balm.neoforge.mixins.json:KeyMappingAccessor from mod balm, previously written by invoker54.reviveme.mixin.KeyMappingMixin. Skipping method.
[20Apr2026 18:10:20.073] [Render thread/WARN] [mixin/]: Method overwrite conflict for getKey in immersive_aircraft.mixins.json:client.KeyMappingAccessorMixin from mod immersive_aircraft, previously written by invoker54.reviveme.mixin.KeyMappingMixin. Skipping method.
[20Apr2026 18:10:20.074] [Render thread/WARN] [mixin/]: Method overwrite conflict for getKey in nuggets.mixins.json:KeyMappingAccessor from mod nuggets, previously written by invoker54.reviveme.mixin.KeyMappingMixin. Skipping method.
[20Apr2026 18:10:20.216] [Render thread/INFO] [mixin/]: BeforeConstant is searching for constants in method with descriptor (Lnet/minecraft/client/GuiMessage;)V
[20Apr2026 18:10:20.217] [Render thread/INFO] [mixin/]:   BeforeConstant found STRING constant: value = , stringValue = null
[20Apr2026 18:10:20.217] [Render thread/INFO] [mixin/]:     BeforeConstant found a matching constant TYPE at ordinal 0
[20Apr2026 18:10:20.218] [Render thread/INFO] [mixin/]:       BeforeConstant found LdcInsn 
[20Apr2026 18:10:20.218] [Render thread/INFO] [mixin/]:   BeforeConstant found STRING constant: value = \\r, stringValue = null
[20Apr2026 18:10:20.218] [Render thread/INFO] [mixin/]:     BeforeConstant found a matching constant TYPE at ordinal 1
[20Apr2026 18:10:20.218] [Render thread/INFO] [mixin/]:       BeforeConstant found LdcInsn \\r
[20Apr2026 18:10:20.218] [Render thread/INFO] [mixin/]:   BeforeConstant found STRING constant: value = 
, stringValue = null
[20Apr2026 18:10:20.218] [Render thread/INFO] [mixin/]:     BeforeConstant found a matching constant TYPE at ordinal 2
[20Apr2026 18:10:20.218] [Render thread/INFO] [mixin/]:       BeforeConstant found LdcInsn 

[20Apr2026 18:10:20.218] [Render thread/INFO] [mixin/]:   BeforeConstant found STRING constant: value = \\n, stringValue = null
[20Apr2026 18:10:20.218] [Render thread/INFO] [mixin/]:     BeforeConstant found a matching constant TYPE at ordinal 3
[20Apr2026 18:10:20.218] [Render thread/INFO] [mixin/]:       BeforeConstant found LdcInsn \\n
[20Apr2026 18:10:20.218] [Render thread/INFO] [mixin/]:   BeforeConstant found CLASS constant: value = Ljava/lang/String;, typeValue = null
[20Apr2026 18:10:20.218] [Render thread/INFO] [mixin/]:   BeforeConstant found STRING constant: value = [{}] [CHAT] {}, stringValue = null
[20Apr2026 18:10:20.220] [Render thread/INFO] [mixin/]:     BeforeConstant found a matching constant TYPE at ordinal 4
[20Apr2026 18:10:20.220] [Render thread/INFO] [mixin/]:       BeforeConstant found LdcInsn [{}] [CHAT] {}
[20Apr2026 18:10:20.220] [Render thread/INFO] [mixin/]:   BeforeConstant found STRING constant: value = [CHAT] {}, stringValue = null
[20Apr2026 18:10:20.220] [Render thread/INFO] [mixin/]:     BeforeConstant found a matching constant TYPE at ordinal 5
[20Apr2026 18:10:20.220] [Render thread/INFO] [mixin/]:       BeforeConstant found LdcInsn [CHAT] {}
[20Apr2026 18:10:20.263] [Render thread/INFO] [defaultoptions/]: options.txt already exists - last modified 1776637121933
[20Apr2026 18:10:20.281] [Render thread/INFO] [defaultoptions/]: Loaded default options for extra-folder
[20Apr2026 18:10:20.301] [Render thread/INFO] [com.cupboard.Cupboard/]: Loaded config for: farsight.json
[20Apr2026 18:10:20.534] [Render thread/INFO] [net.minecraft.client.Minecraft/]: Backend library: LWJGL version 3.3.3+5
[20Apr2026 18:10:20.645] [Render thread/INFO] [com.mojang.blaze3d.platform.Window/]: OpenGL Vendor: NVIDIA Corporation
[20Apr2026 18:10:20.645] [Render thread/INFO] [com.mojang.blaze3d.platform.Window/]: OpenGL Renderer: NVIDIA GeForce RTX 4060 Ti/PCIe/SSE2
[20Apr2026 18:10:20.645] [Render thread/INFO] [com.mojang.blaze3d.platform.Window/]: OpenGL Version: 4.6.0 NVIDIA 596.21
[20Apr2026 18:10:20.648] [Render thread/INFO] [Sodium-NvidiaWorkarounds/]: Modifying OpenGL context to apply workarounds for the NVIDIA graphics driver...
[20Apr2026 18:10:20.735] [Render thread/INFO] [ImmediatelyFast/]: Initializing ImmediatelyFast 1.6.10+1.21.1 on NVIDIA GeForce RTX 4060 Ti/PCIe/SSE2 (NVIDIA Corporation) with OpenGL 4.6.0 NVIDIA 596.21
[20Apr2026 18:10:20.735] [Render thread/INFO] [ImmediatelyFast/]: Found Iris 1.8.12-snapshot+mc1.21.1-local. Enabling compatibility.
[20Apr2026 18:10:20.903] [Render thread/INFO] [Iris/]: Debug functionality is disabled.
[20Apr2026 18:10:20.904] [Render thread/INFO] [Iris/]: OpenGL 4.5 detected, enabling DSA.
[20Apr2026 18:10:20.915] [Render thread/INFO] [Iris/]: Shaders are disabled because enableShaders is set to false in iris.properties
[20Apr2026 18:10:20.915] [Render thread/INFO] [colorwheel/]: Is OIT supported: true
[20Apr2026 18:10:21.394] [modloading-worker-0/INFO] [net.neoforged.neoforge.common.NeoForgeMod/NEOFORGE-MOD]: NeoForge mod loading, version 21.1.221, for MC 1.21.1
[20Apr2026 18:10:21.416] [modloading-worker-0/INFO] [com.autovw.advancednetherite.AdvancedNetherite/]: Initializing platform helper for Advanced Netherite!
[20Apr2026 18:10:21.426] [modloading-worker-0/INFO] [Simple Voice Chat Broadcast/]: BroadcastVoice initialized on NeoForge!
[20Apr2026 18:10:21.621] [modloading-worker-0/INFO] [Puzzles Lib/]: Constructing common components for pickupnotifier:main
[20Apr2026 18:10:21.952] [modloading-worker-0/INFO] [STDOUT/]: [net.dnlayu.fastboot.FastBoot:<init>:9]: === FASTBOOT MOD LOADED SUCCESSFULLY ===
[20Apr2026 18:10:21.954] [modloading-worker-0/INFO] [STDOUT/]: [net.dnlayu.fastboot.FastBoot:<init>:10]: FastBoot mod is now active!
[20Apr2026 18:10:21.990] [modloading-worker-0/INFO] [Puzzles Lib/]: Constructing common components for mutantmonsters:main
[20Apr2026 18:10:22.001] [modloading-worker-0/INFO] [de.keksuccino.fancymenu.FancyMenu/]: [FANCYMENU] Loading v3.8.1 in client-side mode on NEOFORGE!
[20Apr2026 18:10:22.004] [modloading-worker-0/INFO] [Create: Trading Floor/]: Registering all Create: Trading Floor entries
[20Apr2026 18:10:22.013] [modloading-worker-0/INFO] [Create: Trading Floor/]: Registering Particle Emitters for: Create: Trading Floor
[20Apr2026 18:10:22.017] [modloading-worker-0/INFO] [watermedia/Bootstrap]: Preparing 'WATERMeDIA' on 'NeoForge'
[20Apr2026 18:10:22.017] [modloading-worker-0/INFO] [watermedia/Bootstrap]: WaterMedia version '2.1.37'
[20Apr2026 18:10:22.017] [modloading-worker-0/INFO] [watermedia/Bootstrap]: OS Detected: Windows 11 (x86-64)
[20Apr2026 18:10:22.017] [modloading-worker-0/INFO] [watermedia/Bootstrap]: Runtime memory Usage: 997MB/12256MB
[20Apr2026 18:10:22.017] [modloading-worker-0/INFO] [Create: Trading Floor/]: Registering Particle Emitters for: Create: Trading Floor
[20Apr2026 18:10:22.031] [modloading-worker-0/INFO] [Create: Trading Floor/]: Finished Initialisation For Mod: trading_floor
[20Apr2026 18:10:22.066] [modloading-worker-0/INFO] [Puzzles Lib/]: Constructing common components for visualworkbench:main
[20Apr2026 18:10:22.080] [modloading-worker-0/INFO] [Puzzles Lib/]: Constructing client components for pickupnotifier:main
[20Apr2026 18:10:22.139] [modloading-worker-0/INFO] [watermedia/Bootstrap]: Starting CacheAPI
[20Apr2026 18:10:22.139] [modloading-worker-0/INFO] [watermedia/CacheAPI]: Mounted on path 'C:\Users\Jimmy\AppData\Local\Temp\watermedia\cache\pictures'
[20Apr2026 18:10:22.140] [modloading-worker-0/INFO] [watermedia/Bootstrap]: Module CacheAPI loaded successfully
[20Apr2026 18:10:22.140] [modloading-worker-0/INFO] [watermedia/Bootstrap]: Starting PlayerAPI
[20Apr2026 18:10:22.140] [modloading-worker-0/INFO] [watermedia/PlayerAPI]: Binaries are wrapped
[20Apr2026 18:10:22.150] [modloading-worker-0/WARN] [watermedia/PlayerAPI]: VLC binaries extraction skipped. Extracted version match with wrapped version
[20Apr2026 18:10:22.223] [modloading-worker-0/INFO] [VideoLan4J/NativeDiscovery]: Searching using 'WaterMedia Provider'
[20Apr2026 18:10:22.224] [modloading-worker-0/INFO] [VideoLan4J/NativeDiscovery]: Searching on 'C:\Users\Jimmy\AppData\Local\Temp\watermedia\videolan'
[20Apr2026 18:10:22.227] [modloading-worker-0/INFO] [VideoLan4J/NativeDiscovery]: Setting plugins path to 'C:\Users\Jimmy\AppData\Local\Temp\watermedia\videolan\plugins'
[20Apr2026 18:10:22.236] [modloading-worker-0/INFO] [VideoLan4J/NativeDiscovery]: Founded VLC binaries in 'C:\Users\Jimmy\AppData\Local\Temp\watermedia\videolan' using 'WaterMedia Provider', running test...
[20Apr2026 18:10:22.257] [modloading-worker-0/INFO] [STDOUT/]: [aquariusplayz.animalgarden.fennecfox.config.ModConfigs:assignConfigs:55]: All 9 have been set properly
[20Apr2026 18:10:22.384] [modloading-worker-0/INFO] [Puzzles Lib/]: Constructing client components for visualworkbench:main
[20Apr2026 18:10:22.421] [modloading-worker-0/INFO] [com.leclowndu93150.corpsecurioscompat.Main/]: Hello from Corpse Curios Compat!
[20Apr2026 18:10:22.473] [modloading-worker-0/INFO] [Some More Blocks/]: Loaded service: net.seface.somemoreblocks.platform.NeoForgePlatformHelper@4a94685d
[20Apr2026 18:10:22.481] [modloading-worker-0/INFO] [Some More Blocks/]: *****************************************************
[20Apr2026 18:10:22.481] [modloading-worker-0/INFO] [Some More Blocks/]: *           Some More Blocks initialized!           *
[20Apr2026 18:10:22.482] [modloading-worker-0/INFO] [Some More Blocks/]: *          https://sefacestudios.net/links          *
[20Apr2026 18:10:22.482] [modloading-worker-0/INFO] [Some More Blocks/]: *****************************************************
[20Apr2026 18:10:22.487] [modloading-worker-0/INFO] [Some More Blocks/]:   > Platform: NeoForge
[20Apr2026 18:10:22.492] [modloading-worker-0/INFO] [Some More Blocks/]:   > Environment: Production
[20Apr2026 18:10:22.492] [modloading-worker-0/INFO] [Some More Blocks/]:   > Version: 1.21.1-1.1.5-HF
[20Apr2026 18:10:22.492] [modloading-worker-0/INFO] [Some More Blocks/]: *****************************************************
[20Apr2026 18:10:22.597] [modloading-worker-0/INFO] [Puzzles Lib/]: Constructing client components for mutantmonsters:main
[20Apr2026 18:10:22.602] [modloading-worker-0/INFO] [necronomicon/]: Necronomicon Initialized
[20Apr2026 18:10:22.627] [modloading-worker-0/INFO] [necronomicon/]: File exists, reading config for elocindev.necronomicon.NecronomiconConfig.
[20Apr2026 18:10:22.628] [modloading-worker-0/INFO] [necronomicon/]: Config for elocindev.necronomicon.NecronomiconConfig read successfully.
[20Apr2026 18:10:22.727] [modloading-worker-0/INFO] [VideoLan4J/NativeDiscovery]: VLC test instance created successfully
[20Apr2026 18:10:22.727] [modloading-worker-0/INFO] [VideoLan4J/NativeDiscovery]: Successfully loaded VLC 3.0.18 Vetinari in 'C:\Users\Jimmy\AppData\Local\Temp\watermedia\videolan' using 'WaterMedia Provider'
[20Apr2026 18:10:22.785] [modloading-worker-0/INFO] [STDOUT/]: [aquariusplayz.animalgarden.prairiedog.config.ModConfigs:assignConfigs:66]: All 11 have been set properly
[20Apr2026 18:10:22.808] [modloading-worker-0/INFO] [de.keksuccino.spiffyhud.SpiffyHud/]: [SPIFFY HUD] Loading v3.1.0 in client-side mode on NEOFORGE!
[20Apr2026 18:10:23.130] [modloading-worker-0/INFO] [mixin/]: fancymenu.mixins.json:client.IMixinRealmsNotificationsScreen from mod fancymenu->@Accessor[FIELD_GETTER]::get_trialAvailable_FancyMenu()Z should be static as its target is
[20Apr2026 18:10:23.130] [modloading-worker-0/INFO] [mixin/]: fancymenu.mixins.json:client.IMixinRealmsNotificationsScreen from mod fancymenu->@Accessor[FIELD_GETTER]::get_hasUnreadNews_FancyMenu()Z should be static as its target is
[20Apr2026 18:10:23.130] [modloading-worker-0/INFO] [mixin/]: fancymenu.mixins.json:client.IMixinRealmsNotificationsScreen from mod fancymenu->@Accessor[FIELD_GETTER]::get_hasUnseenNotifications()Z should be static as its target is
[20Apr2026 18:10:23.245] [modloading-worker-0/INFO] [Advanced Peripherals/]: AdvancedPeripherals says hello!
[20Apr2026 18:10:23.382] [modloading-worker-0/INFO] [watermedia/PlayerAPI]: Created new VLC instance with ID 'watermedia:default' with args: '[--no-quiet, --cr-average=5000, --swscale-mode=0, --network-synchronisation, --network-caching=1000, --live-caching=1000, --file-caching=1000, --aout, directsound,waveout,mmdevice, --vout, direct3d11,glwin32,gl,any, --avcodec-skip-idct=4, --avcodec-fast, --avcodec-hw, d3d11va,dxva2,any, --no-metadata-network-access, --no-file-logging, --http-reconnect]'
[20Apr2026 18:10:23.393] [modloading-worker-0/INFO] [watermedia/PlayerAPI]: Created new VLC instance with ID 'watermedia:sound_only' with args: '[--no-quiet, --cr-average=5000, --swscale-mode=0, --network-synchronisation, --network-caching=1000, --live-caching=1000, --file-caching=1000, --aout, directsound,waveout,mmdevice, --vout, direct3d11,glwin32,gl,any, --avcodec-skip-idct=4, --avcodec-fast, --avcodec-hw, d3d11va,dxva2,any, --no-metadata-network-access, --no-file-logging, --http-reconnect, --vout=none]'
[20Apr2026 18:10:23.395] [modloading-worker-0/INFO] [watermedia/Bootstrap]: Module PlayerAPI loaded successfully
[20Apr2026 18:10:23.395] [modloading-worker-0/INFO] [watermedia/Bootstrap]: Starting ImageAPI
[20Apr2026 18:10:23.397] [modloading-worker-0/INFO] [watermedia/ImageAPI]: Loading image resources in a ImageRenderer instance
[20Apr2026 18:10:24.017] [modloading-worker-0/INFO] [watermedia/Bootstrap]: Module ImageAPI loaded successfully
[20Apr2026 18:10:24.018] [modloading-worker-0/INFO] [watermedia/Bootstrap]: Starting RenderAPI
[20Apr2026 18:10:24.031] [modloading-worker-0/INFO] [watermedia/Bootstrap]: Module RenderAPI loaded successfully
[20Apr2026 18:10:24.031] [modloading-worker-0/INFO] [watermedia/Bootstrap]: Starting NetworkAPI
[20Apr2026 18:10:24.046] [modloading-worker-0/INFO] [watermedia/Bootstrap]: Module NetworkAPI loaded successfully
[20Apr2026 18:10:24.046] [modloading-worker-0/INFO] [watermedia/Bootstrap]: Setting up shutdown hook
[20Apr2026 18:10:24.049] [modloading-worker-0/INFO] [watermedia/Bootstrap]: Startup finished
[20Apr2026 18:10:24.049] [modloading-worker-0/INFO] [watermedia/Bootstrap]: Are you ready for trouble?
[20Apr2026 18:10:24.073] [modloading-worker-0/INFO] [Advanced Peripherals/]: Successfully loaded integration for mekanism
[20Apr2026 18:10:24.145] [modloading-worker-0/INFO] [Advanced Peripherals/]: powah not loaded, skip integration loading
[20Apr2026 18:10:24.145] [modloading-worker-0/WARN] [Advanced Peripherals/]: Failed to load integration for powah
[20Apr2026 18:10:24.201] [modloading-worker-0/INFO] [de.keksuccino.melody.Melody/]: [MELODY] Loading v1.0.10 on NEOFORGE...
[20Apr2026 18:10:24.250] [modloading-worker-0/INFO] [de.keksuccino.konkrete.Konkrete/]: [KONKRETE] Loading v1.9.9 in client-side mode on NEOFORGE!
[20Apr2026 18:10:24.250] [modloading-worker-0/INFO] [de.keksuccino.konkrete.Konkrete/]: ---------------------------
[20Apr2026 18:10:24.250] [modloading-worker-0/INFO] [de.keksuccino.konkrete.Konkrete/]: KONKRETE SHIPS AND USES THE FOLLOWING LIBRARIES:
[20Apr2026 18:10:24.250] [modloading-worker-0/INFO] [de.keksuccino.konkrete.Konkrete/]:  
[20Apr2026 18:10:24.250] [modloading-worker-0/INFO] [de.keksuccino.konkrete.Konkrete/]: Open Imaging Copyright © 2014 Dhyan Blum.
[20Apr2026 18:10:24.250] [modloading-worker-0/INFO] [de.keksuccino.konkrete.Konkrete/]: Open Imaging is licensed under Apache-2.0.
[20Apr2026 18:10:24.250] [modloading-worker-0/INFO] [de.keksuccino.konkrete.Konkrete/]:  
[20Apr2026 18:10:24.250] [modloading-worker-0/INFO] [de.keksuccino.konkrete.Konkrete/]: JsonPath Copyright © 2017 Jayway.
[20Apr2026 18:10:24.252] [modloading-worker-0/INFO] [de.keksuccino.konkrete.Konkrete/]: JsonPath is licensed under Apache-2.0.
[20Apr2026 18:10:24.252] [modloading-worker-0/INFO] [de.keksuccino.konkrete.Konkrete/]:  
[20Apr2026 18:10:24.252] [modloading-worker-0/INFO] [de.keksuccino.konkrete.Konkrete/]: Json-smart Copyright © netplex.
[20Apr2026 18:10:24.252] [modloading-worker-0/INFO] [de.keksuccino.konkrete.Konkrete/]: Json-smart is licensed under Apache-2.0.
[20Apr2026 18:10:24.252] [modloading-worker-0/INFO] [de.keksuccino.konkrete.Konkrete/]:  
[20Apr2026 18:10:24.252] [modloading-worker-0/INFO] [de.keksuccino.konkrete.Konkrete/]: Exp4j Copyright © Frank Asseg.
[20Apr2026 18:10:24.252] [modloading-worker-0/INFO] [de.keksuccino.konkrete.Konkrete/]: Exp4j is licensed under Apache-2.0. https://github.com/fasseg/exp4j
[20Apr2026 18:10:24.252] [modloading-worker-0/INFO] [de.keksuccino.konkrete.Konkrete/]: ---------------------------
[20Apr2026 18:10:24.252] [modloading-worker-0/INFO] [de.keksuccino.konkrete.Konkrete/]: [KONKRETE] Server-side modules initialized and ready to use!
[20Apr2026 18:10:24.433] [modloading-worker-0/INFO] [fr.samlegamer.mcwbiomesoplenty.McwBOP/]: Macaw's Biomes O' Plenty Loading...
[20Apr2026 18:10:24.562] [modloading-worker-0/INFO] [fr.samlegamer.mcwbiomesoplenty.McwBOP/]: Start convert blocks
[20Apr2026 18:10:24.567] [modloading-worker-0/INFO] [fr.samlegamer.mcwbiomesoplenty.McwBOP/]: Finish convert blocks
[20Apr2026 18:10:24.567] [modloading-worker-0/INFO] [fr.samlegamer.mcwbiomesoplenty.McwBOP/]: Start convert items
[20Apr2026 18:10:24.570] [modloading-worker-0/INFO] [fr.samlegamer.mcwbiomesoplenty.McwBOP/]: Finish convert items
[20Apr2026 18:10:24.576] [modloading-worker-0/INFO] [fr.samlegamer.mcwbiomesoplenty.McwBOP/]: Macaw's Biomes O' Plenty Is Charged !
[20Apr2026 18:10:24.609] [modloading-worker-0/WARN] [mixin/]: @Redirect conflict. Skipping recipeessentials.mixins.json:RecipeManagerMixin from mod recipeessentials->@Redirect::logErrorOnce(Lorg/slf4j/Logger;Ljava/lang/String;Ljava/lang/Object;Ljava/lang/Object;)V with priority 200, already redirected by modernfix-modernfix.mixins.json:perf.datapack_reload_exceptions.RecipeManagerMixin from mod modernfix->@Redirect::silenceException(Lorg/slf4j/Logger;Ljava/lang/String;Ljava/lang/Object;Ljava/lang/Object;)V with priority 2000
[20Apr2026 18:10:24.663] [modloading-worker-0/INFO] [addonslib/]: AddonsLib Neoforge !
[20Apr2026 18:10:24.672] [modloading-worker-0/INFO] [me.juancarloscp52.spyglass_improvements.client.SpyglassImprovementsClient/]: Spyglass Improvements Client Initialized
[20Apr2026 18:10:24.718] [modloading-worker-0/INFO] [com.cupboard.Cupboard/]: Loaded config for: cupboard.json
[20Apr2026 18:10:24.722] [modloading-worker-0/INFO] [net.blay09.mods.balm.neoforge.config.NeoForgeBalmConfig/]: Registering config for defaultoptions:common (COMMON) with 2 properties.
[20Apr2026 18:10:24.770] [modloading-worker-0/WARN] [mixin/]: Discarding @Unique public method rotate in copycats-neoforge.mixins.json:foundation.copycat.CopycatBlockMixin from mod copycats because it already exists in com.copycatsplus.copycats.content.copycat.fluid_pipe.CopycatGlassFluidPipeBlock
[20Apr2026 18:10:24.770] [modloading-worker-0/WARN] [mixin/]: Discarding @Unique public method mirror in copycats-neoforge.mixins.json:foundation.copycat.CopycatBlockMixin from mod copycats because it already exists in com.copycatsplus.copycats.content.copycat.fluid_pipe.CopycatGlassFluidPipeBlock
[20Apr2026 18:10:24.770] [modloading-worker-0/WARN] [mixin/]: Discarding @Unique public method useItemOn in copycats-neoforge.mixins.json:foundation.copycat.CopycatBlockMixin from mod copycats because it already exists in com.copycatsplus.copycats.content.copycat.fluid_pipe.CopycatGlassFluidPipeBlock
[20Apr2026 18:10:24.770] [modloading-worker-0/WARN] [mixin/]: Discarding @Unique public method useWithoutItem in copycats-neoforge.mixins.json:foundation.copycat.CopycatBlockMixin from mod copycats because it already exists in com.copycatsplus.copycats.content.copycat.fluid_pipe.CopycatGlassFluidPipeBlock
[20Apr2026 18:10:24.790] [modloading-worker-0/WARN] [mixin/]: Discarding @Unique public method rotate in copycats-neoforge.mixins.json:foundation.copycat.CopycatBlockMixin from mod copycats because it already exists in com.copycatsplus.copycats.content.copycat.door.CopycatDoorBlock
[20Apr2026 18:10:24.790] [modloading-worker-0/WARN] [mixin/]: Discarding @Unique public method mirror in copycats-neoforge.mixins.json:foundation.copycat.CopycatBlockMixin from mod copycats because it already exists in com.copycatsplus.copycats.content.copycat.door.CopycatDoorBlock
[20Apr2026 18:10:24.790] [modloading-worker-0/WARN] [mixin/]: Discarding @Unique public method useItemOn in copycats-neoforge.mixins.json:foundation.copycat.CopycatBlockMixin from mod copycats because it already exists in com.copycatsplus.copycats.content.copycat.door.CopycatDoorBlock
[20Apr2026 18:10:24.791] [modloading-worker-0/WARN] [mixin/]: Discarding @Unique public method useWithoutItem in copycats-neoforge.mixins.json:foundation.copycat.CopycatBlockMixin from mod copycats because it already exists in com.copycatsplus.copycats.content.copycat.door.CopycatDoorBlock
[20Apr2026 18:10:24.801] [modloading-worker-0/WARN] [mixin/]: Discarding @Unique public method rotate in copycats-neoforge.mixins.json:foundation.copycat.multistate.MultiStateCopycatBlockMixin from mod copycats because it already exists in com.copycatsplus.copycats.foundation.copycat.multistate.MultiStateCopycatBlock
[20Apr2026 18:10:24.801] [modloading-worker-0/WARN] [mixin/]: Discarding @Unique public method mirror in copycats-neoforge.mixins.json:foundation.copycat.multistate.MultiStateCopycatBlockMixin from mod copycats because it already exists in com.copycatsplus.copycats.foundation.copycat.multistate.MultiStateCopycatBlock
[20Apr2026 18:10:24.803] [modloading-worker-0/WARN] [mixin/]: Discarding @Unique public method useItemOn in copycats-neoforge.mixins.json:foundation.copycat.multistate.MultiStateCopycatBlockMixin from mod copycats because it already exists in com.copycatsplus.copycats.foundation.copycat.multistate.MultiStateCopycatBlock
[20Apr2026 18:10:24.804] [modloading-worker-0/WARN] [mixin/]: Discarding @Unique public method useWithoutItem in copycats-neoforge.mixins.json:foundation.copycat.multistate.MultiStateCopycatBlockMixin from mod copycats because it already exists in com.copycatsplus.copycats.foundation.copycat.multistate.MultiStateCopycatBlock
[20Apr2026 18:10:24.902] [modloading-worker-0/WARN] [mixin/]: Discarding @Unique public method rotate in copycats-neoforge.mixins.json:foundation.copycat.CopycatBlockMixin from mod copycats because it already exists in com.copycatsplus.copycats.content.copycat.sliding_door.CopycatSlidingDoorBlock
[20Apr2026 18:10:24.902] [modloading-worker-0/WARN] [mixin/]: Discarding @Unique public method mirror in copycats-neoforge.mixins.json:foundation.copycat.CopycatBlockMixin from mod copycats because it already exists in com.copycatsplus.copycats.content.copycat.sliding_door.CopycatSlidingDoorBlock
[20Apr2026 18:10:24.902] [modloading-worker-0/WARN] [mixin/]: Discarding @Unique public method useItemOn in copycats-neoforge.mixins.json:foundation.copycat.CopycatBlockMixin from mod copycats because it already exists in com.copycatsplus.copycats.content.copycat.sliding_door.CopycatSlidingDoorBlock
[20Apr2026 18:10:24.902] [modloading-worker-0/WARN] [mixin/]: Discarding @Unique public method useWithoutItem in copycats-neoforge.mixins.json:foundation.copycat.CopycatBlockMixin from mod copycats because it already exists in com.copycatsplus.copycats.content.copycat.sliding_door.CopycatSlidingDoorBlock
[20Apr2026 18:10:24.938] [modloading-worker-0/INFO] [ObservableNet/]: Registered class observable.net.C2SPacket$InitTPSProfile
[20Apr2026 18:10:24.947] [modloading-worker-0/INFO] [ObservableNet/]: Registered class observable.net.C2SPacket$RequestAvailability
[20Apr2026 18:10:24.952] [modloading-worker-0/INFO] [io.github.irishgreencitrus.occultengineering.OccultEngineering/]: Registering additional language providers
[20Apr2026 18:10:24.956] [modloading-worker-0/INFO] [ObservableNet/]: Registered class observable.net.S2CPacket$ProfilingStarted
[20Apr2026 18:10:24.960] [modloading-worker-0/WARN] [mixin/]: Discarding @Unique public method rotate in copycats-neoforge.mixins.json:foundation.copycat.CopycatBlockMixin from mod copycats because it already exists in com.copycatsplus.copycats.foundation.copycat.CCCopycatBlock
[20Apr2026 18:10:24.960] [modloading-worker-0/WARN] [mixin/]: Discarding @Unique public method mirror in copycats-neoforge.mixins.json:foundation.copycat.CopycatBlockMixin from mod copycats because it already exists in com.copycatsplus.copycats.foundation.copycat.CCCopycatBlock
[20Apr2026 18:10:24.960] [modloading-worker-0/WARN] [mixin/]: Discarding @Unique public method useItemOn in copycats-neoforge.mixins.json:foundation.copycat.CopycatBlockMixin from mod copycats because it already exists in com.copycatsplus.copycats.foundation.copycat.CCCopycatBlock
[20Apr2026 18:10:24.963] [modloading-worker-0/WARN] [mixin/]: Discarding @Unique public method useWithoutItem in copycats-neoforge.mixins.json:foundation.copycat.CopycatBlockMixin from mod copycats because it already exists in com.copycatsplus.copycats.foundation.copycat.CCCopycatBlock
[20Apr2026 18:10:24.972] [modloading-worker-0/INFO] [ObservableNet/]: Registered class observable.net.S2CPacket$ProfilingCompleted
[20Apr2026 18:10:24.981] [modloading-worker-0/INFO] [ObservableNet/]: Registered class observable.net.S2CPacket$ProfilerInactive
[20Apr2026 18:10:24.992] [modloading-worker-0/INFO] [ObservableNet/]: Registered class observable.net.S2CPacket$ProfilingResult
[20Apr2026 18:10:25.000] [modloading-worker-0/INFO] [ObservableNet/]: Registered class observable.net.S2CPacket$Availability
[20Apr2026 18:10:25.104] [modloading-worker-0/INFO] [de.markusbordihn.easynpc.bundle.EasyNPCBundleMod/]: Loading Easy NPC Bundle
[20Apr2026 18:10:25.104] [modloading-worker-0/INFO] [de.markusbordihn.easynpc.bundle.EasyNPCBundleMod/]: This bundle includes Easy NPC Core and Easy NPC Config UI
[20Apr2026 18:10:25.167] [modloading-worker-0/WARN] [mixin/]: Discarding @Unique public method rotate in copycats-neoforge.mixins.json:foundation.copycat.CopycatBlockMixin from mod copycats because it already exists in com.copycatsplus.copycats.content.copycat.button.CopycatButtonBlock
[20Apr2026 18:10:25.167] [modloading-worker-0/WARN] [mixin/]: Discarding @Unique public method mirror in copycats-neoforge.mixins.json:foundation.copycat.CopycatBlockMixin from mod copycats because it already exists in com.copycatsplus.copycats.content.copycat.button.CopycatButtonBlock
[20Apr2026 18:10:25.167] [modloading-worker-0/WARN] [mixin/]: Discarding @Unique public method useItemOn in copycats-neoforge.mixins.json:foundation.copycat.CopycatBlockMixin from mod copycats because it already exists in com.copycatsplus.copycats.content.copycat.button.CopycatButtonBlock
[20Apr2026 18:10:25.168] [modloading-worker-0/WARN] [mixin/]: Discarding @Unique public method useWithoutItem in copycats-neoforge.mixins.json:foundation.copycat.CopycatBlockMixin from mod copycats because it already exists in com.copycatsplus.copycats.content.copycat.button.CopycatButtonBlock
[20Apr2026 18:10:25.251] [modloading-worker-0/WARN] [mixin/]: Discarding @Unique public method rotate in copycats-neoforge.mixins.json:foundation.copycat.CopycatBlockMixin from mod copycats because it already exists in com.copycatsplus.copycats.content.copycat.fence.CopycatFenceBlock
[20Apr2026 18:10:25.251] [modloading-worker-0/WARN] [mixin/]: Discarding @Unique public method mirror in copycats-neoforge.mixins.json:foundation.copycat.CopycatBlockMixin from mod copycats because it already exists in com.copycatsplus.copycats.content.copycat.fence.CopycatFenceBlock
[20Apr2026 18:10:25.251] [modloading-worker-0/WARN] [mixin/]: Discarding @Unique public method useItemOn in copycats-neoforge.mixins.json:foundation.copycat.CopycatBlockMixin from mod copycats because it already exists in com.copycatsplus.copycats.content.copycat.fence.CopycatFenceBlock
[20Apr2026 18:10:25.251] [modloading-worker-0/WARN] [mixin/]: Discarding @Unique public method useWithoutItem in copycats-neoforge.mixins.json:foundation.copycat.CopycatBlockMixin from mod copycats because it already exists in com.copycatsplus.copycats.content.copycat.fence.CopycatFenceBlock
[20Apr2026 18:10:25.294] [modloading-worker-0/WARN] [mixin/]: Discarding @Unique public method rotate in copycats-neoforge.mixins.json:foundation.copycat.CopycatBlockMixin from mod copycats because it already exists in com.copycatsplus.copycats.content.copycat.fence_gate.CopycatFenceGateBlock
[20Apr2026 18:10:25.296] [modloading-worker-0/WARN] [mixin/]: Discarding @Unique public method mirror in copycats-neoforge.mixins.json:foundation.copycat.CopycatBlockMixin from mod copycats because it already exists in com.copycatsplus.copycats.content.copycat.fence_gate.CopycatFenceGateBlock
[20Apr2026 18:10:25.296] [modloading-worker-0/WARN] [mixin/]: Discarding @Unique public method useItemOn in copycats-neoforge.mixins.json:foundation.copycat.CopycatBlockMixin from mod copycats because it already exists in com.copycatsplus.copycats.content.copycat.fence_gate.CopycatFenceGateBlock
[20Apr2026 18:10:25.296] [modloading-worker-0/WARN] [mixin/]: Discarding @Unique public method useWithoutItem in copycats-neoforge.mixins.json:foundation.copycat.CopycatBlockMixin from mod copycats because it already exists in com.copycatsplus.copycats.content.copycat.fence_gate.CopycatFenceGateBlock
[20Apr2026 18:10:25.398] [modloading-worker-0/INFO] [de.keksuccino.justzoom.JustZoom/]: [JUST ZOOM] Starting version 2.1.0 on NeoForge..
[20Apr2026 18:10:25.401] [modloading-worker-0/INFO] [me.treyruffy.betterf3.BetterF3NeoForge/]: [BetterF3] Starting...
[20Apr2026 18:10:25.405] [modloading-worker-0/INFO] [me.treyruffy.betterf3.BetterF3NeoForge/]: [BetterF3] Loading...
[20Apr2026 18:10:25.430] [modloading-worker-0/WARN] [mixin/]: Discarding @Unique public method rotate in copycats-neoforge.mixins.json:foundation.copycat.CopycatBlockMixin from mod copycats because it already exists in com.copycatsplus.copycats.content.copycat.ladder.CopycatLadderBlock
[20Apr2026 18:10:25.430] [modloading-worker-0/WARN] [mixin/]: Discarding @Unique public method mirror in copycats-neoforge.mixins.json:foundation.copycat.CopycatBlockMixin from mod copycats because it already exists in com.copycatsplus.copycats.content.copycat.ladder.CopycatLadderBlock
[20Apr2026 18:10:25.430] [modloading-worker-0/WARN] [mixin/]: Discarding @Unique public method useItemOn in copycats-neoforge.mixins.json:foundation.copycat.CopycatBlockMixin from mod copycats because it already exists in com.copycatsplus.copycats.content.copycat.ladder.CopycatLadderBlock
[20Apr2026 18:10:25.430] [modloading-worker-0/WARN] [mixin/]: Discarding @Unique public method useWithoutItem in copycats-neoforge.mixins.json:foundation.copycat.CopycatBlockMixin from mod copycats because it already exists in com.copycatsplus.copycats.content.copycat.ladder.CopycatLadderBlock
[20Apr2026 18:10:25.481] [modloading-worker-0/WARN] [mixin/]: Discarding @Unique public method rotate in copycats-neoforge.mixins.json:foundation.copycat.CopycatBlockMixin from mod copycats because it already exists in com.copycatsplus.copycats.content.copycat.pressure_plate.CopycatPressurePlateBlock
[20Apr2026 18:10:25.481] [modloading-worker-0/WARN] [mixin/]: Discarding @Unique public method mirror in copycats-neoforge.mixins.json:foundation.copycat.CopycatBlockMixin from mod copycats because it already exists in com.copycatsplus.copycats.content.copycat.pressure_plate.CopycatPressurePlateBlock
[20Apr2026 18:10:25.481] [modloading-worker-0/WARN] [mixin/]: Discarding @Unique public method useItemOn in copycats-neoforge.mixins.json:foundation.copycat.CopycatBlockMixin from mod copycats because it already exists in com.copycatsplus.copycats.content.copycat.pressure_plate.CopycatPressurePlateBlock
[20Apr2026 18:10:25.481] [modloading-worker-0/WARN] [mixin/]: Discarding @Unique public method useWithoutItem in copycats-neoforge.mixins.json:foundation.copycat.CopycatBlockMixin from mod copycats because it already exists in com.copycatsplus.copycats.content.copycat.pressure_plate.CopycatPressurePlateBlock
[20Apr2026 18:10:25.516] [modloading-worker-0/WARN] [mixin/]: Discarding @Unique public method rotate in copycats-neoforge.mixins.json:foundation.copycat.CopycatBlockMixin from mod copycats because it already exists in com.copycatsplus.copycats.content.copycat.pressure_plate.CopycatWeightedPressurePlate
[20Apr2026 18:10:25.516] [modloading-worker-0/WARN] [mixin/]: Discarding @Unique public method mirror in copycats-neoforge.mixins.json:foundation.copycat.CopycatBlockMixin from mod copycats because it already exists in com.copycatsplus.copycats.content.copycat.pressure_plate.CopycatWeightedPressurePlate
[20Apr2026 18:10:25.517] [modloading-worker-0/WARN] [mixin/]: Discarding @Unique public method useItemOn in copycats-neoforge.mixins.json:foundation.copycat.CopycatBlockMixin from mod copycats because it already exists in com.copycatsplus.copycats.content.copycat.pressure_plate.CopycatWeightedPressurePlate
[20Apr2026 18:10:25.517] [modloading-worker-0/WARN] [mixin/]: Discarding @Unique public method useWithoutItem in copycats-neoforge.mixins.json:foundation.copycat.CopycatBlockMixin from mod copycats because it already exists in com.copycatsplus.copycats.content.copycat.pressure_plate.CopycatWeightedPressurePlate
[20Apr2026 18:10:25.523] [modloading-worker-0/INFO] [me.treyruffy.betterf3.BetterF3NeoForge/]: [BetterF3] All done!
[20Apr2026 18:10:25.573] [modloading-worker-0/INFO] [io.github.irishgreencitrus.occultengineering.OccultEngineering/]: Setup is complete.
[20Apr2026 18:10:25.584] [modloading-worker-0/INFO] [io.github.irishgreencitrus.occultengineering.OccultEngineering/]: Client setup is complete.
[20Apr2026 18:10:25.681] [modloading-worker-0/WARN] [mixin/]: Discarding @Unique public method rotate in copycats-neoforge.mixins.json:foundation.copycat.CopycatBlockMixin from mod copycats because it already exists in com.copycatsplus.copycats.content.copycat.stairs.CopycatStairsBlock
[20Apr2026 18:10:25.681] [modloading-worker-0/WARN] [mixin/]: Discarding @Unique public method mirror in copycats-neoforge.mixins.json:foundation.copycat.CopycatBlockMixin from mod copycats because it already exists in com.copycatsplus.copycats.content.copycat.stairs.CopycatStairsBlock
[20Apr2026 18:10:25.681] [modloading-worker-0/WARN] [mixin/]: Discarding @Unique public method useItemOn in copycats-neoforge.mixins.json:foundation.copycat.CopycatBlockMixin from mod copycats because it already exists in com.copycatsplus.copycats.content.copycat.stairs.CopycatStairsBlock
[20Apr2026 18:10:25.681] [modloading-worker-0/WARN] [mixin/]: Discarding @Unique public method useWithoutItem in copycats-neoforge.mixins.json:foundation.copycat.CopycatBlockMixin from mod copycats because it already exists in com.copycatsplus.copycats.content.copycat.stairs.CopycatStairsBlock
[20Apr2026 18:10:25.770] [modloading-worker-0/INFO] [STDOUT/]: [aquariusplayz.animalgarden.seaotter.config.ModConfigs:assignConfigs:48]: All 7 have been set properly
[20Apr2026 18:10:25.778] [modloading-worker-0/WARN] [mixin/]: Discarding @Unique public method rotate in copycats-neoforge.mixins.json:foundation.copycat.CopycatBlockMixin from mod copycats because it already exists in com.copycatsplus.copycats.content.copycat.trapdoor.CopycatTrapdoorBlock
[20Apr2026 18:10:25.778] [modloading-worker-0/WARN] [mixin/]: Discarding @Unique public method mirror in copycats-neoforge.mixins.json:foundation.copycat.CopycatBlockMixin from mod copycats because it already exists in com.copycatsplus.copycats.content.copycat.trapdoor.CopycatTrapdoorBlock
[20Apr2026 18:10:25.779] [modloading-worker-0/WARN] [mixin/]: Discarding @Unique public method useItemOn in copycats-neoforge.mixins.json:foundation.copycat.CopycatBlockMixin from mod copycats because it already exists in com.copycatsplus.copycats.content.copycat.trapdoor.CopycatTrapdoorBlock
[20Apr2026 18:10:25.779] [modloading-worker-0/WARN] [mixin/]: Discarding @Unique public method useWithoutItem in copycats-neoforge.mixins.json:foundation.copycat.CopycatBlockMixin from mod copycats because it already exists in com.copycatsplus.copycats.content.copycat.trapdoor.CopycatTrapdoorBlock
[20Apr2026 18:10:25.818] [modloading-worker-0/INFO] [STDOUT/]: [aquariusplayz.animalgarden.westerngorilla.config.ModConfigs:assignConfigs:55]: All 9 have been set properly
[20Apr2026 18:10:25.845] [modloading-worker-0/WARN] [mixin/]: Discarding @Unique public method rotate in copycats-neoforge.mixins.json:foundation.copycat.CopycatBlockMixin from mod copycats because it already exists in com.copycatsplus.copycats.content.copycat.wall.CopycatWallBlock
[20Apr2026 18:10:25.845] [modloading-worker-0/WARN] [mixin/]: Discarding @Unique public method mirror in copycats-neoforge.mixins.json:foundation.copycat.CopycatBlockMixin from mod copycats because it already exists in com.copycatsplus.copycats.content.copycat.wall.CopycatWallBlock
[20Apr2026 18:10:25.845] [modloading-worker-0/WARN] [mixin/]: Discarding @Unique public method useItemOn in copycats-neoforge.mixins.json:foundation.copycat.CopycatBlockMixin from mod copycats because it already exists in com.copycatsplus.copycats.content.copycat.wall.CopycatWallBlock
[20Apr2026 18:10:25.845] [modloading-worker-0/WARN] [mixin/]: Discarding @Unique public method useWithoutItem in copycats-neoforge.mixins.json:foundation.copycat.CopycatBlockMixin from mod copycats because it already exists in com.copycatsplus.copycats.content.copycat.wall.CopycatWallBlock
[20Apr2026 18:10:25.865] [modloading-worker-0/WARN] [mixin/]: @Inject(@At("INVOKE")) Shift.BY=2 on create_connected.mixins.json:sequencedgearshift.SequencedGearshiftScreenMixin from mod create_connected::handler$dfp000$create_connected$updateParamsOfRow exceeds the maximum allowed value: 0. Increase the value of maxShiftBy to suppress this warning.
[20Apr2026 18:10:25.871] [modloading-worker-0/WARN] [mixin/]: Discarding @Unique public method onLoad in copycats-common.mixins.json:foundation.copycat.CopycatBlockEntityMixin from mod copycats because it already exists in com.simibubi.create.content.decoration.copycat.CopycatBlockEntity
[20Apr2026 18:10:25.939] [modloading-worker-0/WARN] [mixin/]: Discarding @Unique public method rotate in copycats-neoforge.mixins.json:foundation.copycat.CopycatBlockMixin from mod copycats because it already exists in com.copycatsplus.copycats.content.copycat.shaft.CopycatShaftBlock
[20Apr2026 18:10:25.939] [modloading-worker-0/WARN] [mixin/]: Discarding @Unique public method mirror in copycats-neoforge.mixins.json:foundation.copycat.CopycatBlockMixin from mod copycats because it already exists in com.copycatsplus.copycats.content.copycat.shaft.CopycatShaftBlock
[20Apr2026 18:10:25.941] [modloading-worker-0/WARN] [mixin/]: Discarding @Unique public method useItemOn in copycats-neoforge.mixins.json:foundation.copycat.CopycatBlockMixin from mod copycats because it already exists in com.copycatsplus.copycats.content.copycat.shaft.CopycatShaftBlock
[20Apr2026 18:10:25.941] [modloading-worker-0/WARN] [mixin/]: Discarding @Unique public method useWithoutItem in copycats-neoforge.mixins.json:foundation.copycat.CopycatBlockMixin from mod copycats because it already exists in com.copycatsplus.copycats.content.copycat.shaft.CopycatShaftBlock
[20Apr2026 18:10:25.972] [modloading-worker-0/WARN] [mixin/]: Discarding @Unique public method rotate in copycats-neoforge.mixins.json:foundation.copycat.multistate.MultiStateCopycatBlockMixin from mod copycats because it already exists in com.copycatsplus.copycats.content.copycat.cogwheel.CopycatCogWheelBlock
[20Apr2026 18:10:25.973] [modloading-worker-0/WARN] [mixin/]: Discarding @Unique public method mirror in copycats-neoforge.mixins.json:foundation.copycat.multistate.MultiStateCopycatBlockMixin from mod copycats because it already exists in com.copycatsplus.copycats.content.copycat.cogwheel.CopycatCogWheelBlock
[20Apr2026 18:10:25.973] [modloading-worker-0/WARN] [mixin/]: Discarding @Unique public method useItemOn in copycats-neoforge.mixins.json:foundation.copycat.multistate.MultiStateCopycatBlockMixin from mod copycats because it already exists in com.copycatsplus.copycats.content.copycat.cogwheel.CopycatCogWheelBlock
[20Apr2026 18:10:25.973] [modloading-worker-0/WARN] [mixin/]: Discarding @Unique public method useWithoutItem in copycats-neoforge.mixins.json:foundation.copycat.multistate.MultiStateCopycatBlockMixin from mod copycats because it already exists in com.copycatsplus.copycats.content.copycat.cogwheel.CopycatCogWheelBlock
[20Apr2026 18:10:26.049] [modloading-worker-0/WARN] [mixin/]: Discarding @Unique public method rotate in copycats-neoforge.mixins.json:foundation.copycat.CopycatBlockMixin from mod copycats because it already exists in com.copycatsplus.copycats.content.copycat.fluid_pipe.CopycatFluidPipeBlock
[20Apr2026 18:10:26.050] [modloading-worker-0/WARN] [mixin/]: Discarding @Unique public method mirror in copycats-neoforge.mixins.json:foundation.copycat.CopycatBlockMixin from mod copycats because it already exists in com.copycatsplus.copycats.content.copycat.fluid_pipe.CopycatFluidPipeBlock
[20Apr2026 18:10:26.050] [modloading-worker-0/WARN] [mixin/]: Discarding @Unique public method useItemOn in copycats-neoforge.mixins.json:foundation.copycat.CopycatBlockMixin from mod copycats because it already exists in com.copycatsplus.copycats.content.copycat.fluid_pipe.CopycatFluidPipeBlock
[20Apr2026 18:10:26.050] [modloading-worker-0/WARN] [mixin/]: Discarding @Unique public method useWithoutItem in copycats-neoforge.mixins.json:foundation.copycat.CopycatBlockMixin from mod copycats because it already exists in com.copycatsplus.copycats.content.copycat.fluid_pipe.CopycatFluidPipeBlock
[20Apr2026 18:10:26.112] [modloading-worker-0/WARN] [mixin/]: Discarding @Unique public method rotate in copycats-neoforge.mixins.json:foundation.copycat.CopycatBlockMixin from mod copycats because it already exists in com.copycatsplus.copycats.content.copycat.pane.CopycatPaneBlock
[20Apr2026 18:10:26.112] [modloading-worker-0/WARN] [mixin/]: Discarding @Unique public method mirror in copycats-neoforge.mixins.json:foundation.copycat.CopycatBlockMixin from mod copycats because it already exists in com.copycatsplus.copycats.content.copycat.pane.CopycatPaneBlock
[20Apr2026 18:10:26.113] [modloading-worker-0/WARN] [mixin/]: Discarding @Unique public method useItemOn in copycats-neoforge.mixins.json:foundation.copycat.CopycatBlockMixin from mod copycats because it already exists in com.copycatsplus.copycats.content.copycat.pane.CopycatPaneBlock
[20Apr2026 18:10:26.113] [modloading-worker-0/WARN] [mixin/]: Discarding @Unique public method useWithoutItem in copycats-neoforge.mixins.json:foundation.copycat.CopycatBlockMixin from mod copycats because it already exists in com.copycatsplus.copycats.content.copycat.pane.CopycatPaneBlock
[20Apr2026 18:10:26.245] [modloading-worker-0/WARN] [mixin/]: Discarding @Unique public method onLoad in copycats-neoforge.mixins.json:foundation.copycat.CopycatBlockEntityMixin from mod copycats because it already exists in com.copycatsplus.copycats.foundation.copycat.CCCopycatBlockEntity
[20Apr2026 18:10:26.256] [modloading-worker-0/WARN] [mixin/]: Discarding @Unique public method onLoad in copycats-neoforge.mixins.json:foundation.copycat.multistate.MultiStateCopycatBlockEntityMixin from mod copycats because it already exists in com.copycatsplus.copycats.foundation.copycat.multistate.MultiStateCopycatBlockEntity
[20Apr2026 18:10:26.278] [modloading-worker-0/WARN] [mixin/]: Discarding @Unique public method onLoad in copycats-neoforge.mixins.json:foundation.copycat.CopycatBlockEntityMixin from mod copycats because it already exists in com.copycatsplus.copycats.content.copycat.shaft.CopycatShaftBlockEntity
[20Apr2026 18:10:26.292] [modloading-worker-0/WARN] [mixin/]: Discarding @Unique public method onLoad in copycats-neoforge.mixins.json:foundation.copycat.multistate.MultiStateCopycatBlockEntityMixin from mod copycats because it already exists in com.copycatsplus.copycats.content.copycat.cogwheel.CopycatCogWheelBlockEntity
[20Apr2026 18:10:26.304] [modloading-worker-0/WARN] [mixin/]: Discarding @Unique public method onLoad in copycats-neoforge.mixins.json:foundation.copycat.CopycatBlockEntityMixin from mod copycats because it already exists in com.copycatsplus.copycats.content.copycat.fluid_pipe.CopycatFluidPipeBlockEntity
[20Apr2026 18:10:26.314] [modloading-worker-0/INFO] [Puzzles Lib/]: Constructing common components for statuemenus:main
[20Apr2026 18:10:26.315] [modloading-worker-0/WARN] [mixin/]: Discarding @Unique public method onLoad in copycats-neoforge.mixins.json:foundation.copycat.CopycatBlockEntityMixin from mod copycats because it already exists in com.copycatsplus.copycats.content.copycat.fluid_pipe.CopycatStraightPipeBlockEntity
[20Apr2026 18:10:26.319] [modloading-worker-0/INFO] [Puzzles Lib/]: Constructing client components for statuemenus:main
[20Apr2026 18:10:26.329] [modloading-worker-0/WARN] [mixin/]: Discarding @Unique public method onLoad in copycats-neoforge.mixins.json:foundation.copycat.CopycatBlockEntityMixin from mod copycats because it already exists in com.copycatsplus.copycats.content.copycat.sliding_door.CopycatSlidingDoorBlockEntity
[20Apr2026 18:10:26.384] [modloading-worker-0/INFO] [irons_spells_js/]: Initializing IronSpellsJS
[20Apr2026 18:10:26.416] [modloading-worker-0/INFO] [Torchmaster/]: Initializing Torchmaster for platform NeoForge
[20Apr2026 18:10:26.417] [modloading-worker-0/INFO] [Torchmaster/]: Debug Logging Enabled: false
[20Apr2026 18:10:26.417] [modloading-worker-0/INFO] [com.autovw.burgermod.common.BurgerMod/]: Initializing platform helper for Burger Mod!
[20Apr2026 18:10:26.455] [modloading-worker-0/WARN] [mixin/]: Static binding violation: PRIVATE @Overwrite method elementOrTag in modernfix-modernfix.mixins.json:perf.tag_id_caching.TagEntryMixin from mod modernfix cannot reduce visibiliy of PUBLIC target method, visibility will be upgraded.
[20Apr2026 18:10:26.580] [modloading-worker-0/INFO] [net.nuclearteam.createnuclear.CreateNuclear/]: createnuclear 6.0.9 initializing! Commit hash: e2de2b9a02406ec33ff6d8851ed6f0b56240b6ec
[20Apr2026 18:10:26.585] [modloading-worker-0/INFO] [net.nuclearteam.createnuclear.CreateNuclear/]: Registering mod tags for createnuclear
[20Apr2026 18:10:26.789] [modloading-worker-0/INFO] [net.nuclearteam.createnuclear.CreateNuclear/]: Registering ModBlocks for createnuclear
[20Apr2026 18:10:26.791] [UniLib/INFO] [unilib/]: Starting version check for "unilib" (MC 1.21.1) at "https://raw.githubusercontent.com/CDAGaming/VersionLibrary/master/UniLib/update.json"
[20Apr2026 18:10:26.832] [UniLib/INFO] [unilib/]: Received update status for "unilib" -> Release (Target version: "")
[20Apr2026 18:10:26.870] [modloading-worker-0/INFO] [net.fabricmc.fabric.impl.client.indigo.Indigo/]: [Indigo] Different rendering plugin detected; not applying Indigo.
[20Apr2026 18:10:26.908] [UniLib/INFO] [unilib/]: Starting version check for "craftpresence" (MC 1.21.1) at "https://raw.githubusercontent.com/CDAGaming/VersionLibrary/master/CraftPresence/update.json"
[20Apr2026 18:10:26.930] [UniLib/INFO] [unilib/]: Received update status for "craftpresence" -> Release (Target version: "")
[20Apr2026 18:10:26.935] [modloading-worker-0/INFO] [Puzzles Lib/]: Constructing common components for strawstatues:main
[20Apr2026 18:10:27.028] [modloading-worker-0/INFO] [Puzzles Lib/]: Constructing client components for strawstatues:main
[20Apr2026 18:10:27.069] [modloading-worker-0/INFO] [de.keksuccino.drippyloadingscreen.DrippyLoadingScreen/]: [DRIPPY LOADING SCREEN] Loading v3.1.0 in client-side mode on NEOFORGE!
[20Apr2026 18:10:27.109] [CraftPresence/INFO] [craftpresence/]: Configuration settings have been saved and reloaded successfully!
[20Apr2026 18:10:27.455] [CraftPresence/INFO] [craftpresence/]: Checking Discord for available assets with Client Id: 450485984333660181
[20Apr2026 18:10:27.455] [CraftPresence/INFO] [craftpresence/]: Originally coded by paulhobbel - https://github.com/paulhobbel
[20Apr2026 18:10:27.471] [modloading-worker-0/WARN] [patchouli/]: Could not locate JEI keybindings, lookups in books may not work
[20Apr2026 18:10:27.511] [modloading-worker-0/WARN] [mixin/]: Discarding @Unique public method useItemOn in copycats-common.mixins.json:copycat.step.CopycatStepBlockMixin from mod copycats because it already exists in com.simibubi.create.content.decoration.copycat.CopycatStepBlock
[20Apr2026 18:10:27.529] [modloading-worker-0/WARN] [mixin/]: Discarding @Unique public method useItemOn in copycats-common.mixins.json:copycat.panel.CopycatPanelBlockMixin from mod copycats because it already exists in com.simibubi.create.content.decoration.copycat.CopycatPanelBlock
[20Apr2026 18:10:27.529] [modloading-worker-0/WARN] [mixin/]: Discarding @Unique public method mirror in copycats-common.mixins.json:copycat.panel.CopycatPanelBlockMixin from mod copycats because it already exists in com.simibubi.create.content.decoration.copycat.CopycatPanelBlock
[20Apr2026 18:10:27.529] [modloading-worker-0/WARN] [mixin/]: Discarding @Unique public method rotate in copycats-common.mixins.json:copycat.panel.CopycatPanelBlockMixin from mod copycats because it already exists in com.simibubi.create.content.decoration.copycat.CopycatPanelBlock
[20Apr2026 18:10:27.562] [CraftPresence/INFO] [craftpresence/]: 152 total assets detected!
[20Apr2026 18:10:27.755] [modloading-worker-0/INFO] [Puzzles Lib/]: Constructing common components for puzzleslib:main
[20Apr2026 18:10:27.778] [modloading-worker-0/INFO] [Puzzles Lib/]: Constructing client components for puzzleslib:main
[20Apr2026 18:10:27.789] [modloading-worker-0/INFO] [Easy NPC: Core/]: Initializing Easy NPC (NeoForge) ...
[20Apr2026 18:10:27.789] [modloading-worker-0/INFO] [Easy NPC: Core/]: 🗣 Register Easy NPC: Core Debug Manager ...
[20Apr2026 18:10:27.799] [modloading-worker-0/WARN] [Easy NPC: Core/]: [Debug Manager] Detected debug log level for Easy NPC: Core with ALL!
[20Apr2026 18:10:27.799] [modloading-worker-0/WARN] [Easy NPC: Core/]: [Debug Manager] Adjusting log level for Easy NPC: Core from ALL to INFO, for performance reasons!
[20Apr2026 18:10:27.800] [modloading-worker-0/INFO] [Easy NPC: Core/]: [Debug Manager] Add new logger config for Easy NPC: Core with level INFO ...
[20Apr2026 18:10:27.801] [modloading-worker-0/INFO] [Easy NPC: Core/]: 🗣 Register Easy NPC: Core Constants ...
[20Apr2026 18:10:27.812] [modloading-worker-0/INFO] [Easy NPC: Core/]: 🗣 Register Easy NPC: Core Configuration ...
[20Apr2026 18:10:27.820] [modloading-worker-0/INFO] [Easy NPC: Core/]: [Config] Updated configuration path to C:\Users\Jimmy\curseforge\minecraft\Instances\Arcadia V2\config\easy_npc
[20Apr2026 18:10:27.820] [modloading-worker-0/INFO] [Easy NPC: Core/]: [Config] Registering common configuration ...
[20Apr2026 18:10:27.825] [modloading-worker-0/INFO] [Easy NPC: Core/]: [Config] NPC Base Configuration

allowBypassInvulnerability: Allows damage types like /kill command or void to bypass NPC invulnerability (default: true)

 is up to date (1 entries)
[20Apr2026 18:10:27.835] [modloading-worker-0/INFO] [Easy NPC: Core/]: Initialized 740 supported and 349 unsupported entity types from defaults.
[20Apr2026 18:10:27.840] [modloading-worker-0/INFO] [Easy NPC: Core/]: [Config] Render Entity Type Support Configuration

 Please note that this configuration file only includes confirmed entity types.
 If an entity type is not listed here, it doesn't mean it's automatically supported or unsupported!
 is up to date (1131 entries)
[20Apr2026 18:10:27.840] [modloading-worker-0/INFO] [Easy NPC: Core/]: After config parsing: 740 supported and 391 unsupported entity types.
[20Apr2026 18:10:27.844] [modloading-worker-0/INFO] [Easy NPC: Core/]: [Config] Spawner Type Configuration


 is up to date (28 entries)
[20Apr2026 18:10:27.844] [modloading-worker-0/INFO] [Easy NPC: Core/]: [Config] Registering client configuration ...
[20Apr2026 18:10:27.845] [modloading-worker-0/INFO] [Easy NPC: Core/]: 🗣 Register Easy NPC: Core Common Data Files ...
[20Apr2026 18:10:27.854] [modloading-worker-0/INFO] [Easy NPC: Core/]: 🗣 Register Easy NPC: Core Common data folders ...
[20Apr2026 18:10:27.855] [modloading-worker-0/INFO] [Easy NPC: Core/]: 🗣 Register Easy NPC: Core Entity Data Serializers ...
[20Apr2026 18:10:27.892] [modloading-worker-0/INFO] [Easy NPC: Core/]: 🗣 Register Easy NPC: Core Compatibility Handler ...
[20Apr2026 18:10:27.898] [modloading-worker-0/INFO] [Easy NPC: Core/]: 🗣 Register Easy NPC: Core Compat Handler ...
[20Apr2026 18:10:27.900] [modloading-worker-0/INFO] [Easy NPC: Core/]: [Compat Manager] Epic Fight mod with id 'epicfight' loaded: false
[20Apr2026 18:10:27.900] [modloading-worker-0/INFO] [Easy NPC: Core/]: [Compat Manager] Cobblemon mod with id 'cobblemon' loaded: false
[20Apr2026 18:10:27.900] [modloading-worker-0/INFO] [Easy NPC: Core/]: 🗣 Register Easy NPC: Core Command Argument Types ...
[20Apr2026 18:10:27.909] [modloading-worker-0/INFO] [Easy NPC: Core/]: 🗣 Register Easy NPC: Core Entity Types ...
[20Apr2026 18:10:28.006] [modloading-worker-0/WARN] [Cristel Lib/]: Mod with id: betterarcheology only has an old path for subPath: data/cristellib/structure_config. New Path for Cristel Lib >=2.0.1 is missing! Maybe contact the mod author to let them know.
[20Apr2026 18:10:28.068] [modloading-worker-0/INFO] [Create: Numismatics/]: Create: Numismatics 1.0.20+neoforge-mc1.21.1 initializing! Create version: 6.0.9 on platform: NEOFORGE
[20Apr2026 18:10:28.071] [modloading-worker-0/INFO] [Create: Numismatics/]: Registering creative tabs for Create: Numismatics
[20Apr2026 18:10:28.136] [modloading-worker-0/INFO] [Create: Numismatics/]: Registering items for Create: Numismatics
[20Apr2026 18:10:28.430] [modloading-worker-0/INFO] [twilightforest.beanification.BeanContext/]: Starting Bean Context
[20Apr2026 18:10:28.477] [modloading-worker-0/INFO] [Create: Numismatics/]: Registering block entities for Create: Numismatics
[20Apr2026 18:10:28.477] [modloading-worker-0/INFO] [Create: Numismatics/]: Registering blocks for Create: Numismatics
[20Apr2026 18:10:28.579] [modloading-worker-0/INFO] [mezz.jei.library.load.PluginCaller/]: Sending ConfigManager...
[20Apr2026 18:10:28.598] [modloading-worker-0/INFO] [Create: Numismatics/]: Registering menu types for Create: Numismatics
[20Apr2026 18:10:28.667] [modloading-worker-0/INFO] [Create: Numismatics/]: Registering block tags for Create: Numismatics
[20Apr2026 18:10:28.668] [modloading-worker-0/INFO] [Create: Numismatics/]: Registering item tags for Create: Numismatics
[20Apr2026 18:10:28.692] [modloading-worker-0/INFO] [Create: Numismatics/]: Registering data components for Create: Numismatics
[20Apr2026 18:10:28.699] [modloading-worker-0/INFO] [thedarkcolour.kotlinforforge.neoforge.test.KotlinForForge/]: Kotlin For Forge Enabled!
[20Apr2026 18:10:28.717] [modloading-worker-0/INFO] [mezz.jei.library.load.PluginCallerTimerRunnable/]: Sending ConfigManager: framedblocks:jei_plugin took 14.38 milliseconds
[20Apr2026 18:10:28.717] [modloading-worker-0/INFO] [mezz.jei.library.load.PluginCaller/]: Sending ConfigManager took 138.2 milliseconds
[20Apr2026 18:10:28.840] [modloading-worker-0/INFO] [Colorful Hearts/]: Loading compat for mod appleskin
[20Apr2026 18:10:28.888] [modloading-worker-0/INFO] [Underground Village/]: Hello NeoForge world!
[20Apr2026 18:10:28.923] [CraftPresence/INFO] [craftpresence/]: Attempting to connect to Discord (1/10)...
[20Apr2026 18:10:28.979] [modloading-worker-0/INFO] [Collective/]: Loading Collective version 8.20.
[20Apr2026 18:10:29.009] [CraftPresence/INFO] [craftpresence/]: Loaded display data with Client Id: 450485984333660181 (Logged in as Jimmy)
[20Apr2026 18:10:29.322] [modloading-worker-0/INFO] [SimpleHats/]: Loaded 293 hat entries from simplehats.json
[20Apr2026 18:10:29.501] [modloading-worker-0/INFO] [owo/]: Noaaan: I'm talking to my inner demons. Which is all of you
[20Apr2026 18:10:29.556] [modloading-worker-0/INFO] [fzzy_config/]: Loaded config fzzy_config:keybinds in 4422ms
[20Apr2026 18:10:29.568] [modloading-worker-0/INFO] [net.blay09.mods.balm.neoforge.config.NeoForgeBalmConfig/]: Registering config for trashslot:common (COMMON) with 5 properties.
[20Apr2026 18:10:29.651] [modloading-worker-0/INFO] [KubeJS/]: Loading vanilla registries...
[20Apr2026 18:10:29.711] [modloading-worker-0/INFO] [KubeJS/]: Looking for KubeJS plugins...
[20Apr2026 18:10:29.727] [modloading-worker-0/INFO] [KubeJS/]: Found plugin source kubejs
[20Apr2026 18:10:29.731] [modloading-worker-0/INFO] [Better Archeology/]: Registering Worldgen/structure Types for Better Archeology
[20Apr2026 18:10:29.734] [modloading-worker-0/INFO] [Better Archeology/]: Registering Entity Types for Better Archeology
[20Apr2026 18:10:29.736] [modloading-worker-0/INFO] [Better Archeology/]: Registering Enchantments for Better Archeology
[20Apr2026 18:10:29.741] [modloading-worker-0/INFO] [Better Archeology/]: Registering Creative Mode Tabs for Better Archeology
[20Apr2026 18:10:29.754] [modloading-worker-0/INFO] [Better Archeology/]: Registering Items for Better Archeology
[20Apr2026 18:10:29.767] [modloading-worker-0/INFO] [KubeJS/]: Found plugin source kubejs_curios
[20Apr2026 18:10:29.768] [modloading-worker-0/INFO] [KubeJS/]: Found plugin source createdieselgenerators
[20Apr2026 18:10:29.777] [modloading-worker-0/INFO] [KubeJS/]: Found plugin source exposure
[20Apr2026 18:10:29.782] [modloading-worker-0/INFO] [KubeJS/]: Found plugin source irons_spells_js
[20Apr2026 18:10:29.786] [modloading-worker-0/WARN] [KubeJS/]: Plugin com.squoshi.irons_spells_js.compat.entityjs.EntityJSPlugin does not have required mod 'entityjs' loaded, skipping
[20Apr2026 18:10:29.786] [modloading-worker-0/INFO] [KubeJS/]: Found plugin source kjsbotanypots
[20Apr2026 18:10:29.790] [modloading-worker-0/INFO] [KubeJS/]: Found plugin source kubejstweaks
[20Apr2026 18:10:29.799] [modloading-worker-0/WARN] [KubeJS/]: Plugin dev.uncandango.kubejstweaks.kubejs.kjs71.plugin.KJSTProbeJSPlugin does not have required mod 'probejs' loaded, skipping
[20Apr2026 18:10:29.799] [modloading-worker-0/WARN] [KubeJS/]: Plugin dev.uncandango.kubejstweaks.kubejs.kjs72.plugin.KJSTProbeJSPlugin does not have required mod 'probejs' loaded, skipping
[20Apr2026 18:10:29.799] [modloading-worker-0/INFO] [KubeJS/]: Found plugin source kubejsarsnouveau
[20Apr2026 18:10:29.802] [modloading-worker-0/INFO] [KubeJS/]: Found plugin source createoreexcavation
[20Apr2026 18:10:29.809] [modloading-worker-0/INFO] [KubeJS/]: Found plugin source create_aquatic_ambitions
[20Apr2026 18:10:29.810] [modloading-worker-0/ERROR] [KubeJS/]: Failed to load plugin net.davio.aquaticambitions.compat.KubeJS.KubeJSPlugin create_aquatic_ambitions from source create_aquatic_ambitions: java.lang.ClassNotFoundException: net.davio.aquaticambitions.compat.KubeJS.KubeJSPlugin
[20Apr2026 18:10:29.812] [modloading-worker-0/INFO] [STDERR/]: [java.lang.Throwable:printStackTrace:-1]: java.lang.ClassNotFoundException: net.davio.aquaticambitions.compat.KubeJS.KubeJSPlugin
[20Apr2026 18:10:29.814] [modloading-worker-0/INFO] [STDERR/]: [java.lang.Throwable:printStackTrace:-1]: 	at cpw.mods.securejarhandler/cpw.mods.cl.ModuleClassLoader.loadClass(ModuleClassLoader.java:220)
[20Apr2026 18:10:29.816] [modloading-worker-0/INFO] [STDERR/]: [java.lang.Throwable:printStackTrace:-1]: 	at java.base/java.lang.ClassLoader.loadClass(Unknown Source)
[20Apr2026 18:10:29.817] [modloading-worker-0/INFO] [STDERR/]: [java.lang.Throwable:printStackTrace:-1]: 	at java.base/java.lang.Class.forName0(Native Method)
[20Apr2026 18:10:29.818] [modloading-worker-0/INFO] [STDERR/]: [java.lang.Throwable:printStackTrace:-1]: 	at java.base/java.lang.Class.forName(Unknown Source)
[20Apr2026 18:10:29.818] [modloading-worker-0/INFO] [STDERR/]: [java.lang.Throwable:printStackTrace:-1]: 	at java.base/java.lang.Class.forName(Unknown Source)
[20Apr2026 18:10:29.820] [modloading-worker-0/INFO] [STDERR/]: [java.lang.Throwable:printStackTrace:-1]: 	at TRANSFORMER/kubejs@2101.7.2-build.348/dev.latvian.mods.kubejs.plugin.KubeJSPlugins.lambda$loadFromFile$2(KubeJSPlugins.java:80)
[20Apr2026 18:10:29.821] [modloading-worker-0/INFO] [STDERR/]: [java.lang.Throwable:printStackTrace:-1]: 	at java.base/java.util.stream.ReferencePipeline$7$1.accept(Unknown Source)
[20Apr2026 18:10:29.822] [modloading-worker-0/INFO] [STDERR/]: [java.lang.Throwable:printStackTrace:-1]: 	at java.base/java.util.stream.ReferencePipeline$2$1.accept(Unknown Source)
[20Apr2026 18:10:29.823] [modloading-worker-0/INFO] [STDERR/]: [java.lang.Throwable:printStackTrace:-1]: 	at java.base/java.util.stream.ReferencePipeline$3$1.accept(Unknown Source)
[20Apr2026 18:10:29.823] [modloading-worker-0/INFO] [Better Archeology/]: Registering Blocks for Better Archeology
[20Apr2026 18:10:29.824] [modloading-worker-0/INFO] [STDERR/]: [java.lang.Throwable:printStackTrace:-1]: 	at java.base/java.util.Iterator.forEachRemaining(Unknown Source)
[20Apr2026 18:10:29.825] [modloading-worker-0/INFO] [STDERR/]: [java.lang.Throwable:printStackTrace:-1]: 	at java.base/java.util.Spliterators$IteratorSpliterator.forEachRemaining(Unknown Source)
[20Apr2026 18:10:29.826] [modloading-worker-0/INFO] [Better Archeology/]: Registering Tags for Better Archeology
[20Apr2026 18:10:29.826] [modloading-worker-0/INFO] [STDERR/]: [java.lang.Throwable:printStackTrace:-1]: 	at java.base/java.util.stream.AbstractPipeline.copyInto(Unknown Source)
[20Apr2026 18:10:29.826] [modloading-worker-0/INFO] [STDERR/]: [java.lang.Throwable:printStackTrace:-1]: 	at java.base/java.util.stream.AbstractPipeline.wrapAndCopyInto(Unknown Source)
[20Apr2026 18:10:29.828] [modloading-worker-0/INFO] [STDERR/]: [java.lang.Throwable:printStackTrace:-1]: 	at java.base/java.util.stream.ForEachOps$ForEachOp.evaluateSequential(Unknown Source)
[20Apr2026 18:10:29.831] [modloading-worker-0/INFO] [STDERR/]: [java.lang.Throwable:printStackTrace:-1]: 	at java.base/java.util.stream.ForEachOps$ForEachOp$OfRef.evaluateSequential(Unknown Source)
[20Apr2026 18:10:29.831] [modloading-worker-0/INFO] [STDERR/]: [java.lang.Throwable:printStackTrace:-1]: 	at java.base/java.util.stream.AbstractPipeline.evaluate(Unknown Source)
[20Apr2026 18:10:29.833] [modloading-worker-0/INFO] [STDERR/]: [java.lang.Throwable:printStackTrace:-1]: 	at java.base/java.util.stream.ReferencePipeline.forEach(Unknown Source)
[20Apr2026 18:10:29.835] [modloading-worker-0/INFO] [STDERR/]: [java.lang.Throwable:printStackTrace:-1]: 	at TRANSFORMER/kubejs@2101.7.2-build.348/dev.latvian.mods.kubejs.plugin.KubeJSPlugins.loadFromFile(KubeJSPlugins.java:88)
[20Apr2026 18:10:29.835] [modloading-worker-0/INFO] [Better Archeology/]: Registering Block Entity Types for Better Archeology
[20Apr2026 18:10:29.835] [modloading-worker-0/INFO] [STDERR/]: [java.lang.Throwable:printStackTrace:-1]: 	at TRANSFORMER/kubejs@2101.7.2-build.348/dev.latvian.mods.kubejs.plugin.KubeJSPlugins.loadMod(KubeJSPlugins.java:41)
[20Apr2026 18:10:29.837] [modloading-worker-0/INFO] [STDERR/]: [java.lang.Throwable:printStackTrace:-1]: 	at TRANSFORMER/kubejs@2101.7.2-build.348/dev.latvian.mods.kubejs.plugin.KubeJSPlugins.load(KubeJSPlugins.java:29)
[20Apr2026 18:10:29.838] [modloading-worker-0/INFO] [STDERR/]: [java.lang.Throwable:printStackTrace:-1]: 	at TRANSFORMER/kubejs@2101.7.2-build.348/dev.latvian.mods.kubejs.KubeJS.<init>(KubeJS.java:122)
[20Apr2026 18:10:29.840] [modloading-worker-0/INFO] [STDERR/]: [java.lang.Throwable:printStackTrace:-1]: 	at java.base/jdk.internal.reflect.DirectConstructorHandleAccessor.newInstance(Unknown Source)
[20Apr2026 18:10:29.841] [modloading-worker-0/INFO] [STDERR/]: [java.lang.Throwable:printStackTrace:-1]: 	at java.base/java.lang.reflect.Constructor.newInstanceWithCaller(Unknown Source)
[20Apr2026 18:10:29.841] [modloading-worker-0/INFO] [STDERR/]: [java.lang.Throwable:printStackTrace:-1]: 	at java.base/java.lang.reflect.Constructor.newInstance(Unknown Source)
[20Apr2026 18:10:29.843] [modloading-worker-0/INFO] [STDERR/]: [java.lang.Throwable:printStackTrace:-1]: 	at MC-BOOTSTRAP/fml_loader@4.0.42/net.neoforged.fml.javafmlmod.FMLModContainer.constructMod(FMLModContainer.java:115)
[20Apr2026 18:10:29.844] [modloading-worker-0/INFO] [STDERR/]: [java.lang.Throwable:printStackTrace:-1]: 	at MC-BOOTSTRAP/fml_loader@4.0.42/net.neoforged.fml.ModLoader.lambda$constructMods$3(ModLoader.java:153)
[20Apr2026 18:10:29.845] [modloading-worker-0/INFO] [STDERR/]: [java.lang.Throwable:printStackTrace:-1]: 	at MC-BOOTSTRAP/fml_loader@4.0.42/net.neoforged.fml.ModLoader.lambda$dispatchParallelTask$7(ModLoader.java:231)
[20Apr2026 18:10:29.845] [modloading-worker-0/INFO] [STDERR/]: [java.lang.Throwable:printStackTrace:-1]: 	at java.base/java.util.concurrent.CompletableFuture.uniHandle(Unknown Source)
[20Apr2026 18:10:29.847] [modloading-worker-0/INFO] [STDERR/]: [java.lang.Throwable:printStackTrace:-1]: 	at java.base/java.util.concurrent.CompletableFuture$UniHandle.tryFire(Unknown Source)
[20Apr2026 18:10:29.849] [modloading-worker-0/INFO] [STDERR/]: [java.lang.Throwable:printStackTrace:-1]: 	at java.base/java.util.concurrent.CompletableFuture$Completion.exec(Unknown Source)
[20Apr2026 18:10:29.849] [modloading-worker-0/INFO] [dev.wolfieboy09.fluxnetworkcctweaked.FluxNetworkCCTweaked/]: Flux Computers when
[20Apr2026 18:10:29.850] [modloading-worker-0/INFO] [Better Archeology/]: Registering Menus for Better Archeology
[20Apr2026 18:10:29.850] [modloading-worker-0/INFO] [STDERR/]: [java.lang.Throwable:printStackTrace:-1]: 	at java.base/java.util.concurrent.ForkJoinTask.doExec(Unknown Source)
[20Apr2026 18:10:29.851] [modloading-worker-0/INFO] [STDERR/]: [java.lang.Throwable:printStackTrace:-1]: 	at java.base/java.util.concurrent.ForkJoinPool$WorkQueue.topLevelExec(Unknown Source)
[20Apr2026 18:10:29.852] [modloading-worker-0/INFO] [STDERR/]: [java.lang.Throwable:printStackTrace:-1]: 	at java.base/java.util.concurrent.ForkJoinPool.scan(Unknown Source)
[20Apr2026 18:10:29.854] [modloading-worker-0/INFO] [STDERR/]: [java.lang.Throwable:printStackTrace:-1]: 	at java.base/java.util.concurrent.ForkJoinPool.runWorker(Unknown Source)
[20Apr2026 18:10:29.854] [modloading-worker-0/INFO] [STDERR/]: [java.lang.Throwable:printStackTrace:-1]: 	at java.base/java.util.concurrent.ForkJoinWorkerThread.run(Unknown Source)
[20Apr2026 18:10:29.854] [modloading-worker-0/INFO] [KubeJS/]: Found plugin source dg_js
[20Apr2026 18:10:29.854] [modloading-worker-0/INFO] [Better Archeology/]: Registering Recipe Serializers for Better Archeology
[20Apr2026 18:10:29.854] [modloading-worker-0/INFO] [Better Archeology/]: Registering Recipe Types for Better Archeology
[20Apr2026 18:10:29.859] [modloading-worker-0/INFO] [KubeJS/]: Found plugin source lootjs
[20Apr2026 18:10:29.863] [modloading-worker-0/INFO] [KubeJS/]: Found plugin source ftbxmodcompat
[20Apr2026 18:10:29.867] [modloading-worker-0/INFO] [Better Archeology/]: Registering Villager Professions for Better Archeology
[20Apr2026 18:10:29.881] [modloading-worker-0/INFO] [Better Archeology/]: Registering Events for Better Archeology
[20Apr2026 18:10:29.881] [modloading-worker-0/INFO] [KubeJS/]: Found plugin source occultism_kubejs
[20Apr2026 18:10:29.885] [modloading-worker-0/INFO] [Better Archeology/]: Registering Sound Events for Better Archeology
[20Apr2026 18:10:29.886] [modloading-worker-0/INFO] [KubeJS/]: Found plugin source createcasing
[20Apr2026 18:10:29.892] [modloading-worker-0/INFO] [KubeJS/]: Found plugin source mechanicals
[20Apr2026 18:10:29.895] [modloading-worker-0/INFO] [KubeJS/]: Found plugin source kubejs_mekanism
[20Apr2026 18:10:29.906] [modloading-worker-0/INFO] [KubeJS/]: Found plugin source kubejsdelight
[20Apr2026 18:10:29.914] [modloading-worker-0/INFO] [KubeJS/]: Found plugin source kubejs_create
[20Apr2026 18:10:29.919] [modloading-worker-0/INFO] [KubeJS/]: Found plugin source create_mechanical_extruder
[20Apr2026 18:10:29.932] [modloading-worker-0/INFO] [KubeJS/]: Done in 211.0 ms
[20Apr2026 18:10:30.005] [modloading-worker-0/INFO] [FTB XMod Compat/]: [FTB Quests] Enabled KubeJS integration
[20Apr2026 18:10:30.025] [modloading-worker-0/INFO] [FTB XMod Compat/]: [FTB Chunks] Enabled KubeJS integration
[20Apr2026 18:10:30.196] [modloading-worker-0/INFO] [particular/]: I am quite particular about the effects I choose to add :3
[20Apr2026 18:10:30.203] [modloading-worker-0/INFO] [net.blay09.mods.balm.neoforge.config.NeoForgeBalmConfig/]: Registering config for waystones:common (COMMON) with 34 properties.
[20Apr2026 18:10:30.241] [modloading-worker-0/INFO] [fzzy_config/]: Loaded config :particle_core_config in 210ms
[20Apr2026 18:10:30.294] [modloading-worker-0/INFO] [PluginManager/]: Scanning classes for titanium
[20Apr2026 18:10:30.449] [modloading-worker-0/INFO] [twilightforest.beanification.BeanContext/]: Bean Context loaded in 2019 ms
[20Apr2026 18:10:30.751] [modloading-worker-0/INFO] [fzzy_config/]: Loaded config simplytooltips:config in 490ms
[20Apr2026 18:10:30.760] [modloading-worker-0/INFO] [simplytooltips/]: SimplyTooltips config loaded: simplytooltips:config
[20Apr2026 18:10:30.785] [modloading-worker-0/INFO] [coroutil/]: neo forge loader environment detected
[20Apr2026 18:10:30.794] [modloading-worker-0/INFO] [Better lib/]: Hello NeoForge world!
[20Apr2026 18:10:30.821] [modloading-worker-0/INFO] [be.florens.expandability.ExpandAbility/]: ExpandAbility here, who dis?
[20Apr2026 18:10:30.891] [modloading-worker-0/INFO] [fzzy_config/]: Loaded config simplyswords:general in 54ms
[20Apr2026 18:10:31.090] [modloading-worker-0/INFO] [com.simibubi.create.Create/]: Create 6.0.9 initializing! Commit hash: e2de2b9a02406ec33ff6d8851ed6f0b56240b6ec
[20Apr2026 18:10:31.100] [modloading-worker-0/WARN] [mixin/]: Error loading class: it/hurts/octostudios/octolib/modules/particles/OctoRenderManager (java.lang.ClassNotFoundException: it.hurts.octostudios.octolib.modules.particles.OctoRenderManager)
[20Apr2026 18:10:31.118] [modloading-worker-0/INFO] [JamLib/]: Initializing JamLib on NeoForge
[20Apr2026 18:10:31.169] [modloading-worker-0/INFO] [JamLib/]: Updated config file at C:\Users\Jimmy\curseforge\minecraft\Instances\Arcadia V2\config\rightclickharvest.json5
[20Apr2026 18:10:31.170] [modloading-worker-0/INFO] [Right Click Harvest/]: Initializing Right Click Harvest on NEOFORGE
[20Apr2026 18:10:31.681] [modloading-worker-0/INFO] [dev.averageanime.neoforge.CreateFood/]: Create: Food - Registering Items
[20Apr2026 18:10:31.716] [modloading-worker-0/INFO] [dev.averageanime.neoforge.CreateFood/]: Create: Food - Registering Blocks
[20Apr2026 18:10:31.772] [modloading-worker-0/INFO] [dev.averageanime.neoforge.CreateFood/]: Create: Food - Registering Display Blocks
[20Apr2026 18:10:31.797] [modloading-worker-0/INFO] [fzzy_config/]: Loaded config simplyswords:gem_powers in 665ms
[20Apr2026 18:10:31.802] [modloading-worker-0/INFO] [fzzy_config/]: Loaded config simplyswords:status_effects in 3ms
[20Apr2026 18:10:31.872] [modloading-worker-0/INFO] [fzzy_config/]: Loaded config simplyswords:weapon_attributes in 49ms
[20Apr2026 18:10:32.149] [modloading-worker-0/INFO] [mixin/]: BeforeConstant is searching for constants in method with descriptor (Lnet/minecraft/network/chat/Component;Z)V
[20Apr2026 18:10:32.149] [modloading-worker-0/INFO] [mixin/]:   BeforeConstant found INTEGER constant: value = 0, intValue = null
[20Apr2026 18:10:32.149] [modloading-worker-0/INFO] [mixin/]:     BeforeConstant found a matching constant TYPE at ordinal 0
[20Apr2026 18:10:32.149] [modloading-worker-0/INFO] [mixin/]:       BeforeConstant found Insn [ICONST_0] 
[20Apr2026 18:10:32.149] [modloading-worker-0/INFO] [mixin/]:   BeforeConstant found INTEGER constant: value = 60, intValue = null
[20Apr2026 18:10:32.149] [modloading-worker-0/INFO] [mixin/]:     BeforeConstant found a matching constant TYPE at ordinal 1
[20Apr2026 18:10:32.149] [modloading-worker-0/INFO] [mixin/]:       BeforeConstant found IntInsn 60
[20Apr2026 18:10:32.241] [modloading-worker-0/WARN] [mixin/]: Method overwrite conflict for getChildren in accessories-common.mixins.json:client.ModelPartAccessor from mod accessories, previously written by io.github.kosmx.bendylib.mixin.IModelPartMixin. Skipping method.
[20Apr2026 18:10:32.249] [modloading-worker-0/INFO] [dev.averageanime.neoforge.CreateFood/]: Create: Food - Registering Fluids
[20Apr2026 18:10:32.258] [modloading-worker-0/INFO] [dev.averageanime.neoforge.CreateFood/]: Create: Food - Registering Creative Tabs
[20Apr2026 18:10:32.263] [modloading-worker-0/INFO] [dev.averageanime.neoforge.CreateFood/]: Create: Food - Registering Creative Tabs (Display Block)
[20Apr2026 18:10:32.542] [modloading-worker-0/INFO] [fzzy_config/]: Loaded config simplyswords:unique_effects in 121ms
[20Apr2026 18:10:32.815] [modloading-worker-0/INFO] [KubeJS Startup/]: Loaded script startup_scripts:registry/armor_tiers.js in 0.148 s
[20Apr2026 18:10:32.818] [modloading-worker-0/INFO] [KubeJS Startup/]: Loaded script startup_scripts:registry/block_registry.js in 0.002 s
[20Apr2026 18:10:32.830] [modloading-worker-0/INFO] [KubeJS Startup/]: Loaded script startup_scripts:registry/item_registry.js in 0.011 s
[20Apr2026 18:10:32.832] [modloading-worker-0/INFO] [KubeJS Startup/]: Loaded script startup_scripts:registry/item_stat_tweaks_extras.js in 0.002 s
[20Apr2026 18:10:32.835] [modloading-worker-0/INFO] [KubeJS Startup/]: Loaded script startup_scripts:registry/sound_registry.js in 0.002 s
[20Apr2026 18:10:32.838] [modloading-worker-0/INFO] [KubeJS Startup/]: Loaded script startup_scripts:ui/arcadia_creative_tab.js in 0.001 s
[20Apr2026 18:10:32.843] [modloading-worker-0/INFO] [KubeJS Startup/]: Loaded script startup_scripts:ui/hide_banned_from_creative.js in 0.004 s
[20Apr2026 18:10:32.844] [modloading-worker-0/INFO] [KubeJS Startup/]: startup_scripts:ui/player_welcome_message.js#7: ==========================================================
[20Apr2026 18:10:32.844] [modloading-worker-0/INFO] [KubeJS Startup/]: startup_scripts:ui/player_welcome_message.js#8:      Arcadia: Echoes of Power V2
[20Apr2026 18:10:32.844] [modloading-worker-0/INFO] [KubeJS Startup/]: startup_scripts:ui/player_welcome_message.js#9:      Created by vyrriox
[20Apr2026 18:10:32.844] [modloading-worker-0/INFO] [KubeJS Startup/]: startup_scripts:ui/player_welcome_message.js#10:      Website: https://www.arcadia-echoes-of-power.fr/
[20Apr2026 18:10:32.844] [modloading-worker-0/INFO] [KubeJS Startup/]: startup_scripts:ui/player_welcome_message.js#11: 
[20Apr2026 18:10:32.844] [modloading-worker-0/INFO] [KubeJS Startup/]: startup_scripts:ui/player_welcome_message.js#12:      All rights reserved - Redistribution is forbidden.
[20Apr2026 18:10:32.844] [modloading-worker-0/INFO] [KubeJS Startup/]: startup_scripts:ui/player_welcome_message.js#13: ==========================================================
[20Apr2026 18:10:32.847] [modloading-worker-0/INFO] [KubeJS Startup/]: Loaded script startup_scripts:ui/player_welcome_message.js in 0.001 s
[20Apr2026 18:10:32.847] [modloading-worker-0/INFO] [KubeJS Startup/]: Loaded script startup_scripts:registry/item_stat_tweaks.js in 0.0 s
[20Apr2026 18:10:32.857] [modloading-worker-0/INFO] [KubeJS Startup/]: Loaded 9/9 KubeJS startup scripts in 2.739 s with 0 errors and 0 warnings
[20Apr2026 18:10:32.868] [modloading-worker-0/INFO] [Easy NPC: Core/]: Registering raw entity type ResourceKey[minecraft:entity_type / easy_npc:allay_raw]
[20Apr2026 18:10:32.868] [modloading-worker-0/INFO] [Easy NPC: Core/]: Registering raw entity type ResourceKey[minecraft:entity_type / easy_npc:bogged_raw]
[20Apr2026 18:10:32.868] [modloading-worker-0/INFO] [Easy NPC: Core/]: Registering raw entity type ResourceKey[minecraft:entity_type / easy_npc:cat_raw]
[20Apr2026 18:10:32.868] [modloading-worker-0/INFO] [Easy NPC: Core/]: Registering raw entity type ResourceKey[minecraft:entity_type / easy_npc:chicken_raw]
[20Apr2026 18:10:32.868] [modloading-worker-0/INFO] [Easy NPC: Core/]: Registering raw entity type ResourceKey[minecraft:entity_type / easy_npc:creeper_raw]
[20Apr2026 18:10:32.868] [modloading-worker-0/INFO] [Easy NPC: Core/]: Registering raw entity type ResourceKey[minecraft:entity_type / easy_npc:drowned_raw]
[20Apr2026 18:10:32.870] [modloading-worker-0/INFO] [Easy NPC: Core/]: Registering raw entity type ResourceKey[minecraft:entity_type / easy_npc:fox_raw]
[20Apr2026 18:10:32.870] [modloading-worker-0/INFO] [Easy NPC: Core/]: Registering raw entity type ResourceKey[minecraft:entity_type / easy_npc:ghast_raw]
[20Apr2026 18:10:32.870] [modloading-worker-0/INFO] [Easy NPC: Core/]: Registering raw entity type ResourceKey[minecraft:entity_type / easy_npc:horse_raw]
[20Apr2026 18:10:32.870] [modloading-worker-0/INFO] [Easy NPC: Core/]: Registering raw entity type ResourceKey[minecraft:entity_type / easy_npc:illusioner_raw]
[20Apr2026 18:10:32.870] [modloading-worker-0/INFO] [Easy NPC: Core/]: Registering raw entity type ResourceKey[minecraft:entity_type / easy_npc:iron_golem_raw]
[20Apr2026 18:10:32.870] [modloading-worker-0/INFO] [Easy NPC: Core/]: Registering raw entity type ResourceKey[minecraft:entity_type / easy_npc:enderman_raw]
[20Apr2026 18:10:32.870] [modloading-worker-0/INFO] [Easy NPC: Core/]: Registering raw entity type ResourceKey[minecraft:entity_type / easy_npc:piglin_raw]
[20Apr2026 18:10:32.870] [modloading-worker-0/INFO] [Easy NPC: Core/]: Registering raw entity type ResourceKey[minecraft:entity_type / easy_npc:piglin_brute_raw]
[20Apr2026 18:10:32.870] [modloading-worker-0/INFO] [Easy NPC: Core/]: Registering raw entity type ResourceKey[minecraft:entity_type / easy_npc:zombified_piglin_raw]
[20Apr2026 18:10:32.870] [modloading-worker-0/INFO] [Easy NPC: Core/]: Registering raw entity type ResourceKey[minecraft:entity_type / easy_npc:evoker_raw]
[20Apr2026 18:10:32.870] [modloading-worker-0/INFO] [Easy NPC: Core/]: Registering raw entity type ResourceKey[minecraft:entity_type / easy_npc:pig_raw]
[20Apr2026 18:10:32.870] [modloading-worker-0/INFO] [Easy NPC: Core/]: Registering raw entity type ResourceKey[minecraft:entity_type / easy_npc:pillager_raw]
[20Apr2026 18:10:32.870] [modloading-worker-0/INFO] [Easy NPC: Core/]: Registering raw entity type ResourceKey[minecraft:entity_type / easy_npc:skeleton_raw]
[20Apr2026 18:10:32.871] [modloading-worker-0/INFO] [Easy NPC: Core/]: Registering raw entity type ResourceKey[minecraft:entity_type / easy_npc:stray_raw]
[20Apr2026 18:10:32.871] [modloading-worker-0/INFO] [Easy NPC: Core/]: Registering raw entity type ResourceKey[minecraft:entity_type / easy_npc:wither_skeleton_raw]
[20Apr2026 18:10:32.871] [modloading-worker-0/INFO] [Easy NPC: Core/]: Registering raw entity type ResourceKey[minecraft:entity_type / easy_npc:spider_raw]
[20Apr2026 18:10:32.871] [modloading-worker-0/INFO] [Easy NPC: Core/]: Registering raw entity type ResourceKey[minecraft:entity_type / easy_npc:slime_raw]
[20Apr2026 18:10:32.871] [modloading-worker-0/INFO] [Easy NPC: Core/]: Registering raw entity type ResourceKey[minecraft:entity_type / easy_npc:vex_raw]
[20Apr2026 18:10:32.871] [modloading-worker-0/INFO] [Easy NPC: Core/]: Registering raw entity type ResourceKey[minecraft:entity_type / easy_npc:villager_raw]
[20Apr2026 18:10:32.871] [modloading-worker-0/INFO] [Easy NPC: Core/]: Registering raw entity type ResourceKey[minecraft:entity_type / easy_npc:vindicator_raw]
[20Apr2026 18:10:32.871] [modloading-worker-0/INFO] [Easy NPC: Core/]: Registering raw entity type ResourceKey[minecraft:entity_type / easy_npc:witch_raw]
[20Apr2026 18:10:32.871] [modloading-worker-0/INFO] [Easy NPC: Core/]: Registering raw entity type ResourceKey[minecraft:entity_type / easy_npc:wolf_raw]
[20Apr2026 18:10:32.871] [modloading-worker-0/INFO] [Easy NPC: Core/]: Registering raw entity type ResourceKey[minecraft:entity_type / easy_npc:zombie_raw]
[20Apr2026 18:10:32.871] [modloading-worker-0/INFO] [Easy NPC: Core/]: Registering raw entity type ResourceKey[minecraft:entity_type / easy_npc:husk_raw]
[20Apr2026 18:10:32.871] [modloading-worker-0/INFO] [Easy NPC: Core/]: Registering raw entity type ResourceKey[minecraft:entity_type / easy_npc:zombie_villager_raw]
[20Apr2026 18:10:32.871] [modloading-worker-0/INFO] [Easy NPC: Core/]: Registering NPC entity type ResourceKey[minecraft:entity_type / easy_npc:allay]
[20Apr2026 18:10:32.872] [modloading-worker-0/INFO] [Easy NPC: Core/]: Registering NPC entity type ResourceKey[minecraft:entity_type / easy_npc:bogged]
[20Apr2026 18:10:32.872] [modloading-worker-0/INFO] [Easy NPC: Core/]: Registering NPC entity type ResourceKey[minecraft:entity_type / easy_npc:cat]
[20Apr2026 18:10:32.873] [modloading-worker-0/INFO] [Easy NPC: Core/]: Registering NPC entity type ResourceKey[minecraft:entity_type / easy_npc:chicken]
[20Apr2026 18:10:32.873] [modloading-worker-0/INFO] [Easy NPC: Core/]: Registering NPC entity type ResourceKey[minecraft:entity_type / easy_npc:creeper]
[20Apr2026 18:10:32.873] [modloading-worker-0/INFO] [Easy NPC: Core/]: Registering NPC entity type ResourceKey[minecraft:entity_type / easy_npc:drowned]
[20Apr2026 18:10:32.873] [modloading-worker-0/INFO] [Easy NPC: Core/]: Registering NPC entity type ResourceKey[minecraft:entity_type / easy_npc:enderman]
[20Apr2026 18:10:32.873] [modloading-worker-0/INFO] [Easy NPC: Core/]: Registering NPC entity type ResourceKey[minecraft:entity_type / easy_npc:evoker]
[20Apr2026 18:10:32.873] [modloading-worker-0/INFO] [Easy NPC: Core/]: Registering NPC entity type ResourceKey[minecraft:entity_type / easy_npc:fox]
[20Apr2026 18:10:32.873] [modloading-worker-0/INFO] [Easy NPC: Core/]: Registering NPC entity type ResourceKey[minecraft:entity_type / easy_npc:ghast]
[20Apr2026 18:10:32.873] [modloading-worker-0/INFO] [Easy NPC: Core/]: Registering NPC entity type ResourceKey[minecraft:entity_type / easy_npc:horse]
[20Apr2026 18:10:32.873] [modloading-worker-0/INFO] [Easy NPC: Core/]: Registering NPC entity type ResourceKey[minecraft:entity_type / easy_npc:skeleton_horse]
[20Apr2026 18:10:32.873] [modloading-worker-0/INFO] [Easy NPC: Core/]: Registering NPC entity type ResourceKey[minecraft:entity_type / easy_npc:zombie_horse]
[20Apr2026 18:10:32.873] [modloading-worker-0/INFO] [Easy NPC: Core/]: Registering NPC entity type ResourceKey[minecraft:entity_type / easy_npc:humanoid]
[20Apr2026 18:10:32.873] [modloading-worker-0/INFO] [Easy NPC: Core/]: Registering NPC entity type ResourceKey[minecraft:entity_type / easy_npc:humanoid_slim]
[20Apr2026 18:10:32.873] [modloading-worker-0/INFO] [Easy NPC: Core/]: Registering NPC entity type ResourceKey[minecraft:entity_type / easy_npc:illusioner]
[20Apr2026 18:10:32.873] [modloading-worker-0/INFO] [Easy NPC: Core/]: Registering NPC entity type ResourceKey[minecraft:entity_type / easy_npc:iron_golem]
[20Apr2026 18:10:32.873] [modloading-worker-0/INFO] [Easy NPC: Core/]: Registering NPC entity type ResourceKey[minecraft:entity_type / easy_npc:piglin]
[20Apr2026 18:10:32.873] [modloading-worker-0/INFO] [Easy NPC: Core/]: Registering NPC entity type ResourceKey[minecraft:entity_type / easy_npc:piglin_brute]
[20Apr2026 18:10:32.873] [modloading-worker-0/INFO] [Easy NPC: Core/]: Registering NPC entity type ResourceKey[minecraft:entity_type / easy_npc:zombified_piglin]
[20Apr2026 18:10:32.873] [modloading-worker-0/INFO] [Easy NPC: Core/]: Registering NPC entity type ResourceKey[minecraft:entity_type / easy_npc:pig]
[20Apr2026 18:10:32.873] [modloading-worker-0/INFO] [Easy NPC: Core/]: Registering NPC entity type ResourceKey[minecraft:entity_type / easy_npc:pillager]
[20Apr2026 18:10:32.873] [modloading-worker-0/INFO] [Easy NPC: Core/]: Registering NPC entity type ResourceKey[minecraft:entity_type / easy_npc:skeleton]
[20Apr2026 18:10:32.873] [modloading-worker-0/INFO] [Easy NPC: Core/]: Registering NPC entity type ResourceKey[minecraft:entity_type / easy_npc:stray]
[20Apr2026 18:10:32.873] [modloading-worker-0/INFO] [Easy NPC: Core/]: Registering NPC entity type ResourceKey[minecraft:entity_type / easy_npc:wither_skeleton]
[20Apr2026 18:10:32.873] [modloading-worker-0/INFO] [Easy NPC: Core/]: Registering NPC entity type ResourceKey[minecraft:entity_type / easy_npc:slime]
[20Apr2026 18:10:32.873] [modloading-worker-0/INFO] [Easy NPC: Core/]: Registering NPC entity type ResourceKey[minecraft:entity_type / easy_npc:spider]
[20Apr2026 18:10:32.874] [modloading-worker-0/INFO] [Easy NPC: Core/]: Registering NPC entity type ResourceKey[minecraft:entity_type / easy_npc:cave_spider]
[20Apr2026 18:10:32.874] [modloading-worker-0/INFO] [Easy NPC: Core/]: Registering NPC entity type ResourceKey[minecraft:entity_type / easy_npc:villager]
[20Apr2026 18:10:32.874] [modloading-worker-0/INFO] [Easy NPC: Core/]: Registering NPC entity type ResourceKey[minecraft:entity_type / easy_npc:vex]
[20Apr2026 18:10:32.874] [modloading-worker-0/INFO] [Easy NPC: Core/]: Registering NPC entity type ResourceKey[minecraft:entity_type / easy_npc:vindicator]
[20Apr2026 18:10:32.874] [modloading-worker-0/INFO] [Easy NPC: Core/]: Registering NPC entity type ResourceKey[minecraft:entity_type / easy_npc:witch]
[20Apr2026 18:10:32.874] [modloading-worker-0/INFO] [Easy NPC: Core/]: Registering NPC entity type ResourceKey[minecraft:entity_type / easy_npc:wolf]
[20Apr2026 18:10:32.874] [modloading-worker-0/INFO] [Easy NPC: Core/]: Registering NPC entity type ResourceKey[minecraft:entity_type / easy_npc:zombie]
[20Apr2026 18:10:32.874] [modloading-worker-0/INFO] [Easy NPC: Core/]: Registering NPC entity type ResourceKey[minecraft:entity_type / easy_npc:husk]
[20Apr2026 18:10:32.875] [modloading-worker-0/INFO] [Easy NPC: Core/]: Registering NPC entity type ResourceKey[minecraft:entity_type / easy_npc:zombie_villager]
[20Apr2026 18:10:32.875] [modloading-worker-0/INFO] [Easy NPC: Core/]: Registering custom entity type ResourceKey[minecraft:entity_type / easy_npc:doppler]
[20Apr2026 18:10:32.875] [modloading-worker-0/INFO] [Easy NPC: Core/]: Registering custom entity type ResourceKey[minecraft:entity_type / easy_npc:fairy]
[20Apr2026 18:10:32.875] [modloading-worker-0/INFO] [Easy NPC: Core/]: Registering custom entity type ResourceKey[minecraft:entity_type / easy_npc:orc]
[20Apr2026 18:10:32.875] [modloading-worker-0/INFO] [Easy NPC: Core/]: Registering custom entity type ResourceKey[minecraft:entity_type / easy_npc:orc_warrior]
[20Apr2026 18:10:32.879] [modloading-worker-0/INFO] [Easy NPC: Core/]: Initializing user-defined NPC registry...
[20Apr2026 18:10:32.885] [modloading-worker-0/INFO] [KubeJS Client/]: Loaded script client_scripts:arcadia_item_tooltips.js in 0.003 s
[20Apr2026 18:10:32.887] [modloading-worker-0/INFO] [KubeJS Client/]: Loaded 1/1 KubeJS client scripts in 0.024 s with 0 errors and 0 warnings
[20Apr2026 18:10:32.892] [modloading-worker-0/INFO] [Easy NPC: Core/]: Loaded 2 user-defined NPC configurations
[20Apr2026 18:10:32.898] [modloading-worker-0/INFO] [Easy NPC: Core/]: Successfully registered 2 out of 2 user-defined NPCs
[20Apr2026 18:10:32.899] [modloading-worker-0/INFO] [Easy NPC: Core/]: Registering user-defined entity type ResourceKey[minecraft:entity_type / easy_npc_custom:example_villager]
[20Apr2026 18:10:32.899] [modloading-worker-0/INFO] [Easy NPC: Core/]: Registering user-defined entity type ResourceKey[minecraft:entity_type / easy_npc_custom:example_zombie]
[20Apr2026 18:10:32.899] [modloading-worker-0/INFO] [Easy NPC: Core/]: 🗣 Register Easy NPC: Core Blocks ...
[20Apr2026 18:10:32.909] [modloading-worker-0/INFO] [Easy NPC: Core/]: 🗣 Register Easy NPC: Core Blocks Entity Types ...
[20Apr2026 18:10:32.909] [modloading-worker-0/INFO] [Easy NPC: Core/]: 🗣 Register Easy NPC: Core Items ...
[20Apr2026 18:10:32.919] [modloading-worker-0/INFO] [Easy NPC: Core/]: Registering NPC spawn egg for DeferredHolder{ResourceKey[minecraft:entity_type / easy_npc:allay]} with id allay.
[20Apr2026 18:10:32.921] [modloading-worker-0/INFO] [Easy NPC: Core/]: Registering NPC spawn egg for DeferredHolder{ResourceKey[minecraft:entity_type / easy_npc:bogged]} with id bogged.
[20Apr2026 18:10:32.921] [modloading-worker-0/INFO] [Easy NPC: Core/]: Registering NPC spawn egg for DeferredHolder{ResourceKey[minecraft:entity_type / easy_npc:cat]} with id cat.
[20Apr2026 18:10:32.921] [modloading-worker-0/INFO] [Easy NPC: Core/]: Registering NPC spawn egg for DeferredHolder{ResourceKey[minecraft:entity_type / easy_npc:chicken]} with id chicken.
[20Apr2026 18:10:32.921] [modloading-worker-0/INFO] [Easy NPC: Core/]: Registering NPC spawn egg for DeferredHolder{ResourceKey[minecraft:entity_type / easy_npc:creeper]} with id creeper.
[20Apr2026 18:10:32.921] [modloading-worker-0/INFO] [Easy NPC: Core/]: Registering NPC spawn egg for DeferredHolder{ResourceKey[minecraft:entity_type / easy_npc:drowned]} with id drowned.
[20Apr2026 18:10:32.921] [modloading-worker-0/INFO] [Easy NPC: Core/]: Registering NPC spawn egg for DeferredHolder{ResourceKey[minecraft:entity_type / easy_npc:enderman]} with id enderman.
[20Apr2026 18:10:32.921] [modloading-worker-0/INFO] [Easy NPC: Core/]: Registering NPC spawn egg for DeferredHolder{ResourceKey[minecraft:entity_type / easy_npc:evoker]} with id evoker.
[20Apr2026 18:10:32.922] [modloading-worker-0/INFO] [Easy NPC: Core/]: Registering NPC spawn egg for DeferredHolder{ResourceKey[minecraft:entity_type / easy_npc:fox]} with id fox.
[20Apr2026 18:10:32.922] [modloading-worker-0/INFO] [Easy NPC: Core/]: Registering NPC spawn egg for DeferredHolder{ResourceKey[minecraft:entity_type / easy_npc:ghast]} with id ghast.
[20Apr2026 18:10:32.922] [modloading-worker-0/INFO] [Easy NPC: Core/]: Registering NPC spawn egg for DeferredHolder{ResourceKey[minecraft:entity_type / easy_npc:horse]} with id horse.
[20Apr2026 18:10:32.922] [modloading-worker-0/INFO] [Easy NPC: Core/]: Registering NPC spawn egg for DeferredHolder{ResourceKey[minecraft:entity_type / easy_npc:skeleton_horse]} with id skeleton_horse.
[20Apr2026 18:10:32.922] [modloading-worker-0/INFO] [Easy NPC: Core/]: Registering NPC spawn egg for DeferredHolder{ResourceKey[minecraft:entity_type / easy_npc:zombie_horse]} with id zombie_horse.
[20Apr2026 18:10:32.922] [modloading-worker-0/INFO] [Easy NPC: Core/]: Registering NPC spawn egg for DeferredHolder{ResourceKey[minecraft:entity_type / easy_npc:humanoid]} with id humanoid.
[20Apr2026 18:10:32.922] [modloading-worker-0/INFO] [Easy NPC: Core/]: Registering NPC spawn egg for DeferredHolder{ResourceKey[minecraft:entity_type / easy_npc:humanoid_slim]} with id humanoid_slim.
[20Apr2026 18:10:32.922] [modloading-worker-0/INFO] [Easy NPC: Core/]: Registering NPC spawn egg for DeferredHolder{ResourceKey[minecraft:entity_type / easy_npc:illusioner]} with id illusioner.
[20Apr2026 18:10:32.922] [modloading-worker-0/INFO] [Easy NPC: Core/]: Registering NPC spawn egg for DeferredHolder{ResourceKey[minecraft:entity_type / easy_npc:iron_golem]} with id iron_golem.
[20Apr2026 18:10:32.922] [modloading-worker-0/INFO] [Easy NPC: Core/]: Registering NPC spawn egg for DeferredHolder{ResourceKey[minecraft:entity_type / easy_npc:piglin]} with id piglin.
[20Apr2026 18:10:32.922] [modloading-worker-0/INFO] [Easy NPC: Core/]: Registering NPC spawn egg for DeferredHolder{ResourceKey[minecraft:entity_type / easy_npc:piglin_brute]} with id piglin_brute.
[20Apr2026 18:10:32.922] [modloading-worker-0/INFO] [Easy NPC: Core/]: Registering NPC spawn egg for DeferredHolder{ResourceKey[minecraft:entity_type / easy_npc:zombified_piglin]} with id zombified_piglin.
[20Apr2026 18:10:32.922] [modloading-worker-0/INFO] [Easy NPC: Core/]: Registering NPC spawn egg for DeferredHolder{ResourceKey[minecraft:entity_type / easy_npc:pig]} with id pig.
[20Apr2026 18:10:32.922] [modloading-worker-0/INFO] [Easy NPC: Core/]: Registering NPC spawn egg for DeferredHolder{ResourceKey[minecraft:entity_type / easy_npc:pillager]} with id pillager.
[20Apr2026 18:10:32.922] [modloading-worker-0/INFO] [Easy NPC: Core/]: Registering NPC spawn egg for DeferredHolder{ResourceKey[minecraft:entity_type / easy_npc:skeleton]} with id skeleton.
[20Apr2026 18:10:32.922] [modloading-worker-0/INFO] [Easy NPC: Core/]: Registering NPC spawn egg for DeferredHolder{ResourceKey[minecraft:entity_type / easy_npc:stray]} with id stray.
[20Apr2026 18:10:32.922] [modloading-worker-0/INFO] [Easy NPC: Core/]: Registering NPC spawn egg for DeferredHolder{ResourceKey[minecraft:entity_type / easy_npc:wither_skeleton]} with id wither_skeleton.
[20Apr2026 18:10:32.922] [modloading-worker-0/INFO] [Easy NPC: Core/]: Registering NPC spawn egg for DeferredHolder{ResourceKey[minecraft:entity_type / easy_npc:slime]} with id slime.
[20Apr2026 18:10:32.924] [modloading-worker-0/INFO] [Easy NPC: Core/]: Registering NPC spawn egg for DeferredHolder{ResourceKey[minecraft:entity_type / easy_npc:spider]} with id spider.
[20Apr2026 18:10:32.924] [modloading-worker-0/INFO] [Easy NPC: Core/]: Registering NPC spawn egg for DeferredHolder{ResourceKey[minecraft:entity_type / easy_npc:cave_spider]} with id cave_spider.
[20Apr2026 18:10:32.924] [modloading-worker-0/INFO] [Easy NPC: Core/]: Registering NPC spawn egg for DeferredHolder{ResourceKey[minecraft:entity_type / easy_npc:villager]} with id villager.
[20Apr2026 18:10:32.924] [modloading-worker-0/INFO] [Easy NPC: Core/]: Registering NPC spawn egg for DeferredHolder{ResourceKey[minecraft:entity_type / easy_npc:vex]} with id vex.
[20Apr2026 18:10:32.924] [modloading-worker-0/INFO] [Easy NPC: Core/]: Registering NPC spawn egg for DeferredHolder{ResourceKey[minecraft:entity_type / easy_npc:vindicator]} with id vindicator.
[20Apr2026 18:10:32.924] [modloading-worker-0/INFO] [Easy NPC: Core/]: Registering NPC spawn egg for DeferredHolder{ResourceKey[minecraft:entity_type / easy_npc:witch]} with id witch.
[20Apr2026 18:10:32.924] [modloading-worker-0/INFO] [Easy NPC: Core/]: Registering NPC spawn egg for DeferredHolder{ResourceKey[minecraft:entity_type / easy_npc:wolf]} with id wolf.
[20Apr2026 18:10:32.924] [modloading-worker-0/INFO] [Easy NPC: Core/]: Registering NPC spawn egg for DeferredHolder{ResourceKey[minecraft:entity_type / easy_npc:zombie]} with id zombie.
[20Apr2026 18:10:32.924] [modloading-worker-0/INFO] [Easy NPC: Core/]: Registering NPC spawn egg for DeferredHolder{ResourceKey[minecraft:entity_type / easy_npc:husk]} with id husk.
[20Apr2026 18:10:32.924] [modloading-worker-0/INFO] [Easy NPC: Core/]: Registering NPC spawn egg for DeferredHolder{ResourceKey[minecraft:entity_type / easy_npc:zombie_villager]} with id zombie_villager.
[20Apr2026 18:10:32.924] [modloading-worker-0/INFO] [Easy NPC: Core/]: Registering custom spawn egg for DeferredHolder{ResourceKey[minecraft:entity_type / easy_npc:doppler]} with id doppler.
[20Apr2026 18:10:32.924] [modloading-worker-0/INFO] [Easy NPC: Core/]: Registering custom spawn egg for DeferredHolder{ResourceKey[minecraft:entity_type / easy_npc:fairy]} with id fairy.
[20Apr2026 18:10:32.924] [modloading-worker-0/INFO] [Easy NPC: Core/]: Registering custom spawn egg for DeferredHolder{ResourceKey[minecraft:entity_type / easy_npc:orc]} with id orc.
[20Apr2026 18:10:32.925] [modloading-worker-0/INFO] [Easy NPC: Core/]: Registering custom spawn egg for DeferredHolder{ResourceKey[minecraft:entity_type / easy_npc:orc_warrior]} with id orc_warrior.
[20Apr2026 18:10:32.925] [modloading-worker-0/INFO] [Easy NPC: Core/]: 🗣 Register Easy NPC: Core Menu Types ...
[20Apr2026 18:10:32.929] [modloading-worker-0/INFO] [Easy NPC: Core/]: 🗣 Register Easy NPC: Core Menu Handler ...
[20Apr2026 18:10:32.933] [modloading-worker-0/INFO] [Easy NPC: Core/]: 🗣 Register Easy NPC: Core Mod Data Components ...
[20Apr2026 18:10:32.935] [modloading-worker-0/INFO] [Easy NPC: Core/]: 🗣 Register Easy NPC: Core Network Handler ...
[20Apr2026 18:10:32.937] [modloading-worker-0/INFO] [Easy NPC: Core/]: Registering server network handler for Server -> Client messages.
[20Apr2026 18:10:32.939] [modloading-worker-0/INFO] [Easy NPC: Core/]: 🗣 Register Easy NPC: Core Client Network Message Handler ...
[20Apr2026 18:10:32.940] [modloading-worker-0/INFO] [Easy NPC: Core/]: 🗣 Register Easy NPC: Core Client events ...
[20Apr2026 18:10:32.949] [modloading-worker-0/INFO] [Easy NPC: Core/]: Registering server network handler for Client -> Server messages.
[20Apr2026 18:10:32.949] [modloading-worker-0/INFO] [Easy NPC: Core/]: 🗣 Register Easy NPC: Core Server Network Message Handler ...
[20Apr2026 18:10:32.968] [modloading-worker-0/INFO] [Easy NPC: Config UI/]: Initializing Easy NPC: Config UI (NeoForge) ...
[20Apr2026 18:10:32.968] [modloading-worker-0/INFO] [Easy NPC: Config UI/]: 🗣 Register Easy NPC: Config UI Debug Manager ...
[20Apr2026 18:10:32.970] [modloading-worker-0/WARN] [Easy NPC: Config UI/]: [Debug Manager] Detected debug log level for Easy NPC: Config UI with ALL!
[20Apr2026 18:10:32.971] [modloading-worker-0/WARN] [Easy NPC: Config UI/]: [Debug Manager] Adjusting log level for Easy NPC: Config UI from ALL to INFO, for performance reasons!
[20Apr2026 18:10:32.971] [modloading-worker-0/INFO] [Easy NPC: Config UI/]: [Debug Manager] Add new logger config for Easy NPC: Config UI with level INFO ...
[20Apr2026 18:10:32.971] [modloading-worker-0/INFO] [Easy NPC: Config UI/]: 🗣 Register Easy NPC: Config UI Constants ...
[20Apr2026 18:10:32.972] [modloading-worker-0/INFO] [Easy NPC: Config UI/]: 🗣 Register Easy NPC: Config UI Items ...
[20Apr2026 18:10:32.976] [modloading-worker-0/INFO] [Easy NPC: Config UI/]: 🗣 Register Easy NPC: Config UI Menu Types ...
[20Apr2026 18:10:33.001] [modloading-worker-0/INFO] [Easy NPC: Config UI/]: 🗣 Register Easy NPC: Config UI Menu Handler ...
[20Apr2026 18:10:33.006] [modloading-worker-0/INFO] [Easy NPC: Config UI/]: 🗣 Register Easy NPC: Config UI Network Handler ...
[20Apr2026 18:10:33.008] [modloading-worker-0/INFO] [Easy NPC: Config UI/]: Registering server network handler for Server -> Client messages.
[20Apr2026 18:10:33.009] [modloading-worker-0/INFO] [Easy NPC: Config UI/]: 🗣 Register Easy NPC: Config UI Client Network Message Handler ...
[20Apr2026 18:10:33.011] [modloading-worker-0/INFO] [Easy NPC: Config UI/]: 🗣 Register Easy NPC: Config UI Client events ...
[20Apr2026 18:10:33.015] [modloading-worker-0/INFO] [Easy NPC: Config UI/]: Registering client network handler for Client -> Server messages.
[20Apr2026 18:10:33.015] [modloading-worker-0/INFO] [Easy NPC: Config UI/]: 🗣 Register Easy NPC: Config UI Server Network Message Handler ...
[20Apr2026 18:10:33.154] [modloading-worker-0/INFO] [KubeJS Startup/]: Validated 287 files in kubejs/assets/ in 244ms
[20Apr2026 18:10:33.188] [modloading-worker-0/INFO] [KubeJS Startup/]: Validated 57 files in kubejs/data/ in 33ms
[20Apr2026 18:10:33.832] [modloading-worker-0/INFO] [creategoggles/]: CreateGoggles init
[20Apr2026 18:10:33.840] [modloading-worker-0/INFO] [creategoggles/]: cgitems
[20Apr2026 18:10:33.853] [modloading-worker-0/INFO] [arcadia_patch_create/]: [ArcadiaPatchCreate] Enabled validated Create performance patches.
[20Apr2026 18:10:33.859] [modloading-worker-0/INFO] [Exposure: Expanded/]: Exposure Polaroid hook successful.
[20Apr2026 18:10:33.868] [modloading-worker-0/INFO] [creategoggles/]: cgblockentities
[20Apr2026 18:10:33.872] [modloading-worker-0/INFO] [creategoggles/]: ResourceKey[minecraft:trim_pattern / creategoggles:goggle]
[20Apr2026 18:10:33.872] [modloading-worker-0/INFO] [creategoggles/]: ResourceKey[minecraft:trim_material / creategoggles:goggle_material]
[20Apr2026 18:10:33.872] [modloading-worker-0/INFO] [creategoggles/]: ResourceKey[minecraft:root / minecraft:trim_pattern]
[20Apr2026 18:10:33.886] [modloading-worker-0/INFO] [creategoggles/]: CGItemModifiers register false
[20Apr2026 18:10:33.904] [modloading-worker-0/INFO] [creategoggles/]: CreateGogglesForge init
[20Apr2026 18:10:35.395] [modloading-sync-worker/INFO] [com.drmangotea.tfmg.TFMG/]: [TFMG Remapper] Remapped 0 fluids
[20Apr2026 18:10:38.549] [modloading-sync-worker/INFO] [com.drmangotea.tfmg.TFMG/]: [TFMG Remapper] Remapped 5 blocks
[20Apr2026 18:10:40.385] [modloading-sync-worker/INFO] [SimpleHats/]: Generated 293 hat items from hat entries.
[20Apr2026 18:10:40.445] [modloading-sync-worker/INFO] [com.drmangotea.tfmg.TFMG/]: [TFMG Remapper] Remapped 5 items
[20Apr2026 18:10:40.608] [modloading-sync-worker/INFO] [Moonlight/]: Initialized block sets in 66ms
[20Apr2026 18:10:40.721] [modloading-sync-worker/INFO] [BotanyPots/]: Loaded 1 botany pots plugins!
[20Apr2026 18:10:42.322] [modloading-sync-worker/INFO] [Create: Trading Floor/]: Registering Advancements for: Create: Trading Floor
[20Apr2026 18:10:43.757] [modloading-sync-worker/INFO] [Easy NPC: Core/]: Used vanilla attributes for user-defined entity example_villager with base type entity.minecraft.villager
[20Apr2026 18:10:43.757] [modloading-sync-worker/INFO] [Easy NPC: Core/]: Used vanilla attributes for user-defined entity example_zombie with base type entity.minecraft.zombie
[20Apr2026 18:10:44.377] [modloading-sync-worker/INFO] [Puzzles Lib/]: Dispatching loading event for config pickupnotifier\pickupnotifier-client.toml
[20Apr2026 18:10:44.391] [modloading-sync-worker/INFO] [Puzzles Lib/]: Dispatching loading event for config visualworkbench-client.toml
[20Apr2026 18:10:44.425] [modloading-sync-worker/INFO] [SodiumExtras/Config]: Updating config cache
[20Apr2026 18:10:44.425] [modloading-sync-worker/INFO] [SodiumExtras/Config]: Cache updated successfully
[20Apr2026 18:10:44.465] [modloading-sync-worker/INFO] [Colorful Hearts/]: Loading colorfulhearts.toml config file
[20Apr2026 18:10:44.541] [modloading-sync-worker/INFO] [Puzzles Lib/]: Dispatching loading event for config mutantmonsters-common.toml
[20Apr2026 18:10:44.543] [modloading-sync-worker/INFO] [Puzzles Lib/]: Dispatching loading event for config visualworkbench-common.toml
[20Apr2026 18:10:44.661] [modloading-sync-worker/INFO] [com.tom.createores.CreateOreExcavation/]: Loaded Create Ore Excavation config file createoreexcavation-common.toml
[20Apr2026 18:10:44.685] [modloading-sync-worker/INFO] [com.portingdeadmods.cable_facades.CFMain/]: Config version changed from 0 to 1. Merging changes...
[20Apr2026 18:10:44.685] [modloading-sync-worker/INFO] [com.portingdeadmods.cable_facades.CFMain/]: Merged 3 new blocks into config
[20Apr2026 18:10:44.735] [modloading-sync-worker/INFO] [com.portingdeadmods.cable_facades.CFMain/]: Downloaded 11 whitelist blocks from GitHub
[20Apr2026 18:10:44.752] [modloading-sync-worker/INFO] [com.portingdeadmods.cable_facades.CFMain/]: Downloaded 0 blacklist blocks from GitHub
[20Apr2026 18:10:44.767] [modloading-sync-worker/INFO] [com.portingdeadmods.cable_facades.CFMain/]: Downloaded 1 zfighting blocks from GitHub
[20Apr2026 18:10:44.796] [modloading-sync-worker/WARN] [net.neoforged.fml.config.ConfigTracker/CONFIG]: Configuration file C:\Users\Jimmy\curseforge\minecraft\Instances\Arcadia V2\config\knightlib.toml is not correct. Correcting
[20Apr2026 18:10:45.044] [Render thread/ERROR] [net.minecraft.server.packs.AbstractPackResources/]: Couldn't load fusion metadata
com.google.gson.JsonParseException: com.google.gson.stream.MalformedJsonException: Use JsonReader.setLenient(true) to accept malformed JSON at line 6 column 20 path $.pack.pack_format
	at TRANSFORMER/minecraft@1.21.1/net.minecraft.util.GsonHelper.fromNullableJson(GsonHelper.java:527) ~[client-1.21.1-20240808.144430-srg.jar%23631!/:?]
	at TRANSFORMER/minecraft@1.21.1/net.minecraft.util.GsonHelper.fromJson(GsonHelper.java:532) ~[client-1.21.1-20240808.144430-srg.jar%23631!/:?]
	at TRANSFORMER/minecraft@1.21.1/net.minecraft.util.GsonHelper.parse(GsonHelper.java:594) ~[client-1.21.1-20240808.144430-srg.jar%23631!/:?]
	at TRANSFORMER/minecraft@1.21.1/net.minecraft.util.GsonHelper.parse(GsonHelper.java:602) ~[client-1.21.1-20240808.144430-srg.jar%23631!/:?]
	at TRANSFORMER/minecraft@1.21.1/net.minecraft.server.packs.AbstractPackResources.getMetadataFromStream(AbstractPackResources.java:44) ~[client-1.21.1-20240808.144430-srg.jar%23631!/:?]
	at TRANSFORMER/minecraft@1.21.1/net.minecraft.server.packs.PathPackResources.handler$bod000$fusion$init(PathPackResources.java:563) ~[client-1.21.1-20240808.144430-srg.jar%23631!/:?]
	at TRANSFORMER/minecraft@1.21.1/net.minecraft.server.packs.PathPackResources.<init>(PathPackResources.java:38) ~[client-1.21.1-20240808.144430-srg.jar%23631!/:?]
	at TRANSFORMER/minecraft@1.21.1/net.minecraft.server.packs.PathPackResources$PathResourcesSupplier.openPrimary(PathPackResources.java:167) ~[client-1.21.1-20240808.144430-srg.jar%23631!/:?]
	at TRANSFORMER/neoforge@21.1.221/net.neoforged.neoforge.resource.ResourcePackLoader.readMeta(ResourcePackLoader.java:162) ~[neoforge-21.1.221-universal.jar%23632!/:?]
	at TRANSFORMER/neoforge@21.1.221/net.neoforged.neoforge.resource.ResourcePackLoader.readWithOptionalMeta(ResourcePackLoader.java:156) ~[neoforge-21.1.221-universal.jar%23632!/:?]
	at TRANSFORMER/neoforge@21.1.221/net.neoforged.neoforge.resource.ResourcePackLoader.packFinder(ResourcePackLoader.java:123) ~[neoforge-21.1.221-universal.jar%23632!/:?]
	at TRANSFORMER/neoforge@21.1.221/net.neoforged.neoforge.resource.ResourcePackLoader.lambda$buildPackFinder$6(ResourcePackLoader.java:89) ~[neoforge-21.1.221-universal.jar%23632!/:?]
	at TRANSFORMER/minecraft@1.21.1/net.minecraft.server.packs.repository.PackRepository.discoverAvailable(PackRepository.java:47) ~[client-1.21.1-20240808.144430-srg.jar%23631!/:?]
	at TRANSFORMER/minecraft@1.21.1/net.minecraft.server.packs.repository.PackRepository.reload(PackRepository.java:37) ~[client-1.21.1-20240808.144430-srg.jar%23631!/:?]
	at TRANSFORMER/minecraft@1.21.1/net.minecraft.client.Minecraft.<init>(Minecraft.java:487) ~[client-1.21.1-20240808.144430-srg.jar%23631!/:?]
	at java.base/java.lang.Thread.run(Unknown Source) [?:?]
Caused by: com.google.gson.stream.MalformedJsonException: Use JsonReader.setLenient(true) to accept malformed JSON at line 6 column 20 path $.pack.pack_format
	at MC-BOOTSTRAP/com.google.gson@2.10.1/com.google.gson.stream.JsonReader.syntaxError(JsonReader.java:1659) ~[gson-2.10.1.jar%23142!/:?]
	at MC-BOOTSTRAP/com.google.gson@2.10.1/com.google.gson.stream.JsonReader.checkLenient(JsonReader.java:1465) ~[gson-2.10.1.jar%23142!/:?]
	at MC-BOOTSTRAP/com.google.gson@2.10.1/com.google.gson.stream.JsonReader.doPeek(JsonReader.java:602) ~[gson-2.10.1.jar%23142!/:?]
	at MC-BOOTSTRAP/com.google.gson@2.10.1/com.google.gson.stream.JsonReader.peek(JsonReader.java:433) ~[gson-2.10.1.jar%23142!/:?]
	at MC-BOOTSTRAP/com.google.gson@2.10.1/com.google.gson.internal.bind.TypeAdapters$28.read(TypeAdapters.java:786) ~[gson-2.10.1.jar%23142!/:?]
	at MC-BOOTSTRAP/com.google.gson@2.10.1/com.google.gson.internal.bind.TypeAdapters$28.read(TypeAdapters.java:725) ~[gson-2.10.1.jar%23142!/:?]
	at MC-BOOTSTRAP/com.google.gson@2.10.1/com.google.gson.internal.bind.TypeAdapters$34$1.read(TypeAdapters.java:1007) ~[gson-2.10.1.jar%23142!/:?]
	at TRANSFORMER/minecraft@1.21.1/net.minecraft.util.GsonHelper.fromNullableJson(GsonHelper.java:525) ~[client-1.21.1-20240808.144430-srg.jar%23631!/:?]
	... 15 more
[20Apr2026 18:10:45.046] [Render thread/ERROR] [net.minecraft.server.packs.AbstractPackResources/]: Couldn't load pack metadata
com.google.gson.JsonParseException: com.google.gson.stream.MalformedJsonException: Use JsonReader.setLenient(true) to accept malformed JSON at line 6 column 20 path $.pack.pack_format
	at TRANSFORMER/minecraft@1.21.1/net.minecraft.util.GsonHelper.fromNullableJson(GsonHelper.java:527) ~[client-1.21.1-20240808.144430-srg.jar%23631!/:?]
	at TRANSFORMER/minecraft@1.21.1/net.minecraft.util.GsonHelper.fromJson(GsonHelper.java:532) ~[client-1.21.1-20240808.144430-srg.jar%23631!/:?]
	at TRANSFORMER/minecraft@1.21.1/net.minecraft.util.GsonHelper.parse(GsonHelper.java:594) ~[client-1.21.1-20240808.144430-srg.jar%23631!/:?]
	at TRANSFORMER/minecraft@1.21.1/net.minecraft.util.GsonHelper.parse(GsonHelper.java:602) ~[client-1.21.1-20240808.144430-srg.jar%23631!/:?]
	at TRANSFORMER/minecraft@1.21.1/net.minecraft.server.packs.AbstractPackResources.getMetadataFromStream(AbstractPackResources.java:44) ~[client-1.21.1-20240808.144430-srg.jar%23631!/:?]
	at TRANSFORMER/minecraft@1.21.1/net.minecraft.server.packs.AbstractPackResources.getMetadataSection(AbstractPackResources.java:33) ~[client-1.21.1-20240808.144430-srg.jar%23631!/:?]
	at TRANSFORMER/neoforge@21.1.221/net.neoforged.neoforge.resource.ResourcePackLoader.readMeta(ResourcePackLoader.java:163) ~[neoforge-21.1.221-universal.jar%23632!/:?]
	at TRANSFORMER/neoforge@21.1.221/net.neoforged.neoforge.resource.ResourcePackLoader.readWithOptionalMeta(ResourcePackLoader.java:156) ~[neoforge-21.1.221-universal.jar%23632!/:?]
	at TRANSFORMER/neoforge@21.1.221/net.neoforged.neoforge.resource.ResourcePackLoader.packFinder(ResourcePackLoader.java:123) ~[neoforge-21.1.221-universal.jar%23632!/:?]
	at TRANSFORMER/neoforge@21.1.221/net.neoforged.neoforge.resource.ResourcePackLoader.lambda$buildPackFinder$6(ResourcePackLoader.java:89) ~[neoforge-21.1.221-universal.jar%23632!/:?]
	at TRANSFORMER/minecraft@1.21.1/net.minecraft.server.packs.repository.PackRepository.discoverAvailable(PackRepository.java:47) ~[client-1.21.1-20240808.144430-srg.jar%23631!/:?]
	at TRANSFORMER/minecraft@1.21.1/net.minecraft.server.packs.repository.PackRepository.reload(PackRepository.java:37) ~[client-1.21.1-20240808.144430-srg.jar%23631!/:?]
	at TRANSFORMER/minecraft@1.21.1/net.minecraft.client.Minecraft.<init>(Minecraft.java:487) ~[client-1.21.1-20240808.144430-srg.jar%23631!/:?]
	at java.base/java.lang.Thread.run(Unknown Source) [?:?]
Caused by: com.google.gson.stream.MalformedJsonException: Use JsonReader.setLenient(true) to accept malformed JSON at line 6 column 20 path $.pack.pack_format
	at MC-BOOTSTRAP/com.google.gson@2.10.1/com.google.gson.stream.JsonReader.syntaxError(JsonReader.java:1659) ~[gson-2.10.1.jar%23142!/:?]
	at MC-BOOTSTRAP/com.google.gson@2.10.1/com.google.gson.stream.JsonReader.checkLenient(JsonReader.java:1465) ~[gson-2.10.1.jar%23142!/:?]
	at MC-BOOTSTRAP/com.google.gson@2.10.1/com.google.gson.stream.JsonReader.doPeek(JsonReader.java:602) ~[gson-2.10.1.jar%23142!/:?]
	at MC-BOOTSTRAP/com.google.gson@2.10.1/com.google.gson.stream.JsonReader.peek(JsonReader.java:433) ~[gson-2.10.1.jar%23142!/:?]
	at MC-BOOTSTRAP/com.google.gson@2.10.1/com.google.gson.internal.bind.TypeAdapters$28.read(TypeAdapters.java:786) ~[gson-2.10.1.jar%23142!/:?]
	at MC-BOOTSTRAP/com.google.gson@2.10.1/com.google.gson.internal.bind.TypeAdapters$28.read(TypeAdapters.java:725) ~[gson-2.10.1.jar%23142!/:?]
	at MC-BOOTSTRAP/com.google.gson@2.10.1/com.google.gson.internal.bind.TypeAdapters$34$1.read(TypeAdapters.java:1007) ~[gson-2.10.1.jar%23142!/:?]
	at TRANSFORMER/minecraft@1.21.1/net.minecraft.util.GsonHelper.fromNullableJson(GsonHelper.java:525) ~[client-1.21.1-20240808.144430-srg.jar%23631!/:?]
	... 13 more
[20Apr2026 18:10:45.046] [Render thread/ERROR] [net.minecraft.server.packs.AbstractPackResources/]: Couldn't load features metadata
com.google.gson.JsonParseException: com.google.gson.stream.MalformedJsonException: Use JsonReader.setLenient(true) to accept malformed JSON at line 6 column 20 path $.pack.pack_format
	at TRANSFORMER/minecraft@1.21.1/net.minecraft.util.GsonHelper.fromNullableJson(GsonHelper.java:527) ~[client-1.21.1-20240808.144430-srg.jar%23631!/:?]
	at TRANSFORMER/minecraft@1.21.1/net.minecraft.util.GsonHelper.fromJson(GsonHelper.java:532) ~[client-1.21.1-20240808.144430-srg.jar%23631!/:?]
	at TRANSFORMER/minecraft@1.21.1/net.minecraft.util.GsonHelper.parse(GsonHelper.java:594) ~[client-1.21.1-20240808.144430-srg.jar%23631!/:?]
	at TRANSFORMER/minecraft@1.21.1/net.minecraft.util.GsonHelper.parse(GsonHelper.java:602) ~[client-1.21.1-20240808.144430-srg.jar%23631!/:?]
	at TRANSFORMER/minecraft@1.21.1/net.minecraft.server.packs.AbstractPackResources.getMetadataFromStream(AbstractPackResources.java:44) ~[client-1.21.1-20240808.144430-srg.jar%23631!/:?]
	at TRANSFORMER/minecraft@1.21.1/net.minecraft.server.packs.AbstractPackResources.getMetadataSection(AbstractPackResources.java:33) ~[client-1.21.1-20240808.144430-srg.jar%23631!/:?]
	at TRANSFORMER/neoforge@21.1.221/net.neoforged.neoforge.resource.ResourcePackLoader.readMeta(ResourcePackLoader.java:165) ~[neoforge-21.1.221-universal.jar%23632!/:?]
	at TRANSFORMER/neoforge@21.1.221/net.neoforged.neoforge.resource.ResourcePackLoader.readWithOptionalMeta(ResourcePackLoader.java:156) ~[neoforge-21.1.221-universal.jar%23632!/:?]
	at TRANSFORMER/neoforge@21.1.221/net.neoforged.neoforge.resource.ResourcePackLoader.packFinder(ResourcePackLoader.java:123) ~[neoforge-21.1.221-universal.jar%23632!/:?]
	at TRANSFORMER/neoforge@21.1.221/net.neoforged.neoforge.resource.ResourcePackLoader.lambda$buildPackFinder$6(ResourcePackLoader.java:89) ~[neoforge-21.1.221-universal.jar%23632!/:?]
	at TRANSFORMER/minecraft@1.21.1/net.minecraft.server.packs.repository.PackRepository.discoverAvailable(PackRepository.java:47) ~[client-1.21.1-20240808.144430-srg.jar%23631!/:?]
	at TRANSFORMER/minecraft@1.21.1/net.minecraft.server.packs.repository.PackRepository.reload(PackRepository.java:37) ~[client-1.21.1-20240808.144430-srg.jar%23631!/:?]
	at TRANSFORMER/minecraft@1.21.1/net.minecraft.client.Minecraft.<init>(Minecraft.java:487) ~[client-1.21.1-20240808.144430-srg.jar%23631!/:?]
	at java.base/java.lang.Thread.run(Unknown Source) [?:?]
Caused by: com.google.gson.stream.MalformedJsonException: Use JsonReader.setLenient(true) to accept malformed JSON at line 6 column 20 path $.pack.pack_format
	at MC-BOOTSTRAP/com.google.gson@2.10.1/com.google.gson.stream.JsonReader.syntaxError(JsonReader.java:1659) ~[gson-2.10.1.jar%23142!/:?]
	at MC-BOOTSTRAP/com.google.gson@2.10.1/com.google.gson.stream.JsonReader.checkLenient(JsonReader.java:1465) ~[gson-2.10.1.jar%23142!/:?]
	at MC-BOOTSTRAP/com.google.gson@2.10.1/com.google.gson.stream.JsonReader.doPeek(JsonReader.java:602) ~[gson-2.10.1.jar%23142!/:?]
	at MC-BOOTSTRAP/com.google.gson@2.10.1/com.google.gson.stream.JsonReader.peek(JsonReader.java:433) ~[gson-2.10.1.jar%23142!/:?]
	at MC-BOOTSTRAP/com.google.gson@2.10.1/com.google.gson.internal.bind.TypeAdapters$28.read(TypeAdapters.java:786) ~[gson-2.10.1.jar%23142!/:?]
	at MC-BOOTSTRAP/com.google.gson@2.10.1/com.google.gson.internal.bind.TypeAdapters$28.read(TypeAdapters.java:725) ~[gson-2.10.1.jar%23142!/:?]
	at MC-BOOTSTRAP/com.google.gson@2.10.1/com.google.gson.internal.bind.TypeAdapters$34$1.read(TypeAdapters.java:1007) ~[gson-2.10.1.jar%23142!/:?]
	at TRANSFORMER/minecraft@1.21.1/net.minecraft.util.GsonHelper.fromNullableJson(GsonHelper.java:525) ~[client-1.21.1-20240808.144430-srg.jar%23631!/:?]
	... 13 more
[20Apr2026 18:10:45.048] [Render thread/ERROR] [net.minecraft.server.packs.AbstractPackResources/]: Couldn't load overlays metadata
com.google.gson.JsonParseException: com.google.gson.stream.MalformedJsonException: Use JsonReader.setLenient(true) to accept malformed JSON at line 6 column 20 path $.pack.pack_format
	at TRANSFORMER/minecraft@1.21.1/net.minecraft.util.GsonHelper.fromNullableJson(GsonHelper.java:527) ~[client-1.21.1-20240808.144430-srg.jar%23631!/:?]
	at TRANSFORMER/minecraft@1.21.1/net.minecraft.util.GsonHelper.fromJson(GsonHelper.java:532) ~[client-1.21.1-20240808.144430-srg.jar%23631!/:?]
	at TRANSFORMER/minecraft@1.21.1/net.minecraft.util.GsonHelper.parse(GsonHelper.java:594) ~[client-1.21.1-20240808.144430-srg.jar%23631!/:?]
	at TRANSFORMER/minecraft@1.21.1/net.minecraft.util.GsonHelper.parse(GsonHelper.java:602) ~[client-1.21.1-20240808.144430-srg.jar%23631!/:?]
	at TRANSFORMER/minecraft@1.21.1/net.minecraft.server.packs.AbstractPackResources.getMetadataFromStream(AbstractPackResources.java:44) ~[client-1.21.1-20240808.144430-srg.jar%23631!/:?]
	at TRANSFORMER/minecraft@1.21.1/net.minecraft.server.packs.AbstractPackResources.getMetadataSection(AbstractPackResources.java:33) ~[client-1.21.1-20240808.144430-srg.jar%23631!/:?]
	at TRANSFORMER/neoforge@21.1.221/net.neoforged.neoforge.resource.ResourcePackLoader.readMeta(ResourcePackLoader.java:169) ~[neoforge-21.1.221-universal.jar%23632!/:?]
	at TRANSFORMER/neoforge@21.1.221/net.neoforged.neoforge.resource.ResourcePackLoader.readWithOptionalMeta(ResourcePackLoader.java:156) ~[neoforge-21.1.221-universal.jar%23632!/:?]
	at TRANSFORMER/neoforge@21.1.221/net.neoforged.neoforge.resource.ResourcePackLoader.packFinder(ResourcePackLoader.java:123) ~[neoforge-21.1.221-universal.jar%23632!/:?]
	at TRANSFORMER/neoforge@21.1.221/net.neoforged.neoforge.resource.ResourcePackLoader.lambda$buildPackFinder$6(ResourcePackLoader.java:89) ~[neoforge-21.1.221-universal.jar%23632!/:?]
	at TRANSFORMER/minecraft@1.21.1/net.minecraft.server.packs.repository.PackRepository.discoverAvailable(PackRepository.java:47) ~[client-1.21.1-20240808.144430-srg.jar%23631!/:?]
	at TRANSFORMER/minecraft@1.21.1/net.minecraft.server.packs.repository.PackRepository.reload(PackRepository.java:37) ~[client-1.21.1-20240808.144430-srg.jar%23631!/:?]
	at TRANSFORMER/minecraft@1.21.1/net.minecraft.client.Minecraft.<init>(Minecraft.java:487) ~[client-1.21.1-20240808.144430-srg.jar%23631!/:?]
	at java.base/java.lang.Thread.run(Unknown Source) [?:?]
Caused by: com.google.gson.stream.MalformedJsonException: Use JsonReader.setLenient(true) to accept malformed JSON at line 6 column 20 path $.pack.pack_format
	at MC-BOOTSTRAP/com.google.gson@2.10.1/com.google.gson.stream.JsonReader.syntaxError(JsonReader.java:1659) ~[gson-2.10.1.jar%23142!/:?]
	at MC-BOOTSTRAP/com.google.gson@2.10.1/com.google.gson.stream.JsonReader.checkLenient(JsonReader.java:1465) ~[gson-2.10.1.jar%23142!/:?]
	at MC-BOOTSTRAP/com.google.gson@2.10.1/com.google.gson.stream.JsonReader.doPeek(JsonReader.java:602) ~[gson-2.10.1.jar%23142!/:?]
	at MC-BOOTSTRAP/com.google.gson@2.10.1/com.google.gson.stream.JsonReader.peek(JsonReader.java:433) ~[gson-2.10.1.jar%23142!/:?]
	at MC-BOOTSTRAP/com.google.gson@2.10.1/com.google.gson.internal.bind.TypeAdapters$28.read(TypeAdapters.java:786) ~[gson-2.10.1.jar%23142!/:?]
	at MC-BOOTSTRAP/com.google.gson@2.10.1/com.google.gson.internal.bind.TypeAdapters$28.read(TypeAdapters.java:725) ~[gson-2.10.1.jar%23142!/:?]
	at MC-BOOTSTRAP/com.google.gson@2.10.1/com.google.gson.internal.bind.TypeAdapters$34$1.read(TypeAdapters.java:1007) ~[gson-2.10.1.jar%23142!/:?]
	at TRANSFORMER/minecraft@1.21.1/net.minecraft.util.GsonHelper.fromNullableJson(GsonHelper.java:525) ~[client-1.21.1-20240808.144430-srg.jar%23631!/:?]
	... 13 more
[20Apr2026 18:10:45.051] [Render thread/ERROR] [net.minecraft.server.packs.AbstractPackResources/]: Couldn't load neoforge:overlays metadata
com.google.gson.JsonParseException: com.google.gson.stream.MalformedJsonException: Use JsonReader.setLenient(true) to accept malformed JSON at line 6 column 20 path $.pack.pack_format
	at TRANSFORMER/minecraft@1.21.1/net.minecraft.util.GsonHelper.fromNullableJson(GsonHelper.java:527) ~[client-1.21.1-20240808.144430-srg.jar%23631!/:?]
	at TRANSFORMER/minecraft@1.21.1/net.minecraft.util.GsonHelper.fromJson(GsonHelper.java:532) ~[client-1.21.1-20240808.144430-srg.jar%23631!/:?]
	at TRANSFORMER/minecraft@1.21.1/net.minecraft.util.GsonHelper.parse(GsonHelper.java:594) ~[client-1.21.1-20240808.144430-srg.jar%23631!/:?]
	at TRANSFORMER/minecraft@1.21.1/net.minecraft.util.GsonHelper.parse(GsonHelper.java:602) ~[client-1.21.1-20240808.144430-srg.jar%23631!/:?]
	at TRANSFORMER/minecraft@1.21.1/net.minecraft.server.packs.AbstractPackResources.getMetadataFromStream(AbstractPackResources.java:44) ~[client-1.21.1-20240808.144430-srg.jar%23631!/:?]
	at TRANSFORMER/minecraft@1.21.1/net.minecraft.server.packs.AbstractPackResources.getMetadataSection(AbstractPackResources.java:33) ~[client-1.21.1-20240808.144430-srg.jar%23631!/:?]
	at TRANSFORMER/neoforge@21.1.221/net.neoforged.neoforge.resource.ResourcePackLoader.readMeta(ResourcePackLoader.java:173) ~[neoforge-21.1.221-universal.jar%23632!/:?]
	at TRANSFORMER/neoforge@21.1.221/net.neoforged.neoforge.resource.ResourcePackLoader.readWithOptionalMeta(ResourcePackLoader.java:156) ~[neoforge-21.1.221-universal.jar%23632!/:?]
	at TRANSFORMER/neoforge@21.1.221/net.neoforged.neoforge.resource.ResourcePackLoader.packFinder(ResourcePackLoader.java:123) ~[neoforge-21.1.221-universal.jar%23632!/:?]
	at TRANSFORMER/neoforge@21.1.221/net.neoforged.neoforge.resource.ResourcePackLoader.lambda$buildPackFinder$6(ResourcePackLoader.java:89) ~[neoforge-21.1.221-universal.jar%23632!/:?]
	at TRANSFORMER/minecraft@1.21.1/net.minecraft.server.packs.repository.PackRepository.discoverAvailable(PackRepository.java:47) ~[client-1.21.1-20240808.144430-srg.jar%23631!/:?]
	at TRANSFORMER/minecraft@1.21.1/net.minecraft.server.packs.repository.PackRepository.reload(PackRepository.java:37) ~[client-1.21.1-20240808.144430-srg.jar%23631!/:?]
	at TRANSFORMER/minecraft@1.21.1/net.minecraft.client.Minecraft.<init>(Minecraft.java:487) ~[client-1.21.1-20240808.144430-srg.jar%23631!/:?]
	at java.base/java.lang.Thread.run(Unknown Source) [?:?]
Caused by: com.google.gson.stream.MalformedJsonException: Use JsonReader.setLenient(true) to accept malformed JSON at line 6 column 20 path $.pack.pack_format
	at MC-BOOTSTRAP/com.google.gson@2.10.1/com.google.gson.stream.JsonReader.syntaxError(JsonReader.java:1659) ~[gson-2.10.1.jar%23142!/:?]
	at MC-BOOTSTRAP/com.google.gson@2.10.1/com.google.gson.stream.JsonReader.checkLenient(JsonReader.java:1465) ~[gson-2.10.1.jar%23142!/:?]
	at MC-BOOTSTRAP/com.google.gson@2.10.1/com.google.gson.stream.JsonReader.doPeek(JsonReader.java:602) ~[gson-2.10.1.jar%23142!/:?]
	at MC-BOOTSTRAP/com.google.gson@2.10.1/com.google.gson.stream.JsonReader.peek(JsonReader.java:433) ~[gson-2.10.1.jar%23142!/:?]
	at MC-BOOTSTRAP/com.google.gson@2.10.1/com.google.gson.internal.bind.TypeAdapters$28.read(TypeAdapters.java:786) ~[gson-2.10.1.jar%23142!/:?]
	at MC-BOOTSTRAP/com.google.gson@2.10.1/com.google.gson.internal.bind.TypeAdapters$28.read(TypeAdapters.java:725) ~[gson-2.10.1.jar%23142!/:?]
	at MC-BOOTSTRAP/com.google.gson@2.10.1/com.google.gson.internal.bind.TypeAdapters$34$1.read(TypeAdapters.java:1007) ~[gson-2.10.1.jar%23142!/:?]
	at TRANSFORMER/minecraft@1.21.1/net.minecraft.util.GsonHelper.fromNullableJson(GsonHelper.java:525) ~[client-1.21.1-20240808.144430-srg.jar%23631!/:?]
	... 13 more
[20Apr2026 18:10:45.051] [Render thread/ERROR] [net.minecraft.server.packs.AbstractPackResources/]: Couldn't load fusion metadata
com.google.gson.JsonParseException: com.google.gson.stream.MalformedJsonException: Use JsonReader.setLenient(true) to accept malformed JSON at line 6 column 20 path $.pack.pack_format
	at TRANSFORMER/minecraft@1.21.1/net.minecraft.util.GsonHelper.fromNullableJson(GsonHelper.java:527) ~[client-1.21.1-20240808.144430-srg.jar%23631!/:?]
	at TRANSFORMER/minecraft@1.21.1/net.minecraft.util.GsonHelper.fromJson(GsonHelper.java:532) ~[client-1.21.1-20240808.144430-srg.jar%23631!/:?]
	at TRANSFORMER/minecraft@1.21.1/net.minecraft.util.GsonHelper.parse(GsonHelper.java:594) ~[client-1.21.1-20240808.144430-srg.jar%23631!/:?]
	at TRANSFORMER/minecraft@1.21.1/net.minecraft.util.GsonHelper.parse(GsonHelper.java:602) ~[client-1.21.1-20240808.144430-srg.jar%23631!/:?]
	at TRANSFORMER/minecraft@1.21.1/net.minecraft.server.packs.AbstractPackResources.getMetadataFromStream(AbstractPackResources.java:44) ~[client-1.21.1-20240808.144430-srg.jar%23631!/:?]
	at TRANSFORMER/minecraft@1.21.1/net.minecraft.server.packs.PathPackResources.handler$bod000$fusion$init(PathPackResources.java:563) ~[client-1.21.1-20240808.144430-srg.jar%23631!/:?]
	at TRANSFORMER/minecraft@1.21.1/net.minecraft.server.packs.PathPackResources.<init>(PathPackResources.java:38) ~[client-1.21.1-20240808.144430-srg.jar%23631!/:?]
	at TRANSFORMER/minecraft@1.21.1/net.minecraft.server.packs.PathPackResources$PathResourcesSupplier.openPrimary(PathPackResources.java:167) ~[client-1.21.1-20240808.144430-srg.jar%23631!/:?]
	at TRANSFORMER/minecraft@1.21.1/net.minecraft.server.packs.repository.Pack.handler$boc000$fusion$init(Pack.java:541) ~[client-1.21.1-20240808.144430-srg.jar%23631!/:?]
	at TRANSFORMER/minecraft@1.21.1/net.minecraft.server.packs.repository.Pack.<init>(Pack.java:77) ~[client-1.21.1-20240808.144430-srg.jar%23631!/:?]
	at TRANSFORMER/minecraft@1.21.1/net.minecraft.server.packs.repository.Pack.<init>(Pack.java:45) ~[client-1.21.1-20240808.144430-srg.jar%23631!/:?]
	at TRANSFORMER/neoforge@21.1.221/net.neoforged.neoforge.resource.ResourcePackLoader.readWithOptionalMeta(ResourcePackLoader.java:157) ~[neoforge-21.1.221-universal.jar%23632!/:?]
	at TRANSFORMER/neoforge@21.1.221/net.neoforged.neoforge.resource.ResourcePackLoader.packFinder(ResourcePackLoader.java:123) ~[neoforge-21.1.221-universal.jar%23632!/:?]
	at TRANSFORMER/neoforge@21.1.221/net.neoforged.neoforge.resource.ResourcePackLoader.lambda$buildPackFinder$6(ResourcePackLoader.java:89) ~[neoforge-21.1.221-universal.jar%23632!/:?]
	at TRANSFORMER/minecraft@1.21.1/net.minecraft.server.packs.repository.PackRepository.discoverAvailable(PackRepository.java:47) ~[client-1.21.1-20240808.144430-srg.jar%23631!/:?]
	at TRANSFORMER/minecraft@1.21.1/net.minecraft.server.packs.repository.PackRepository.reload(PackRepository.java:37) ~[client-1.21.1-20240808.144430-srg.jar%23631!/:?]
	at TRANSFORMER/minecraft@1.21.1/net.minecraft.client.Minecraft.<init>(Minecraft.java:487) ~[client-1.21.1-20240808.144430-srg.jar%23631!/:?]
	at java.base/java.lang.Thread.run(Unknown Source) [?:?]
Caused by: com.google.gson.stream.MalformedJsonException: Use JsonReader.setLenient(true) to accept malformed JSON at line 6 column 20 path $.pack.pack_format
	at MC-BOOTSTRAP/com.google.gson@2.10.1/com.google.gson.stream.JsonReader.syntaxError(JsonReader.java:1659) ~[gson-2.10.1.jar%23142!/:?]
	at MC-BOOTSTRAP/com.google.gson@2.10.1/com.google.gson.stream.JsonReader.checkLenient(JsonReader.java:1465) ~[gson-2.10.1.jar%23142!/:?]
	at MC-BOOTSTRAP/com.google.gson@2.10.1/com.google.gson.stream.JsonReader.doPeek(JsonReader.java:602) ~[gson-2.10.1.jar%23142!/:?]
	at MC-BOOTSTRAP/com.google.gson@2.10.1/com.google.gson.stream.JsonReader.peek(JsonReader.java:433) ~[gson-2.10.1.jar%23142!/:?]
	at MC-BOOTSTRAP/com.google.gson@2.10.1/com.google.gson.internal.bind.TypeAdapters$28.read(TypeAdapters.java:786) ~[gson-2.10.1.jar%23142!/:?]
	at MC-BOOTSTRAP/com.google.gson@2.10.1/com.google.gson.internal.bind.TypeAdapters$28.read(TypeAdapters.java:725) ~[gson-2.10.1.jar%23142!/:?]
	at MC-BOOTSTRAP/com.google.gson@2.10.1/com.google.gson.internal.bind.TypeAdapters$34$1.read(TypeAdapters.java:1007) ~[gson-2.10.1.jar%23142!/:?]
	at TRANSFORMER/minecraft@1.21.1/net.minecraft.util.GsonHelper.fromNullableJson(GsonHelper.java:525) ~[client-1.21.1-20240808.144430-srg.jar%23631!/:?]
	... 17 more
[20Apr2026 18:10:45.052] [Render thread/ERROR] [net.minecraft.server.packs.AbstractPackResources/]: Couldn't load fusion metadata
com.google.gson.JsonParseException: com.google.gson.stream.MalformedJsonException: Use JsonReader.setLenient(true) to accept malformed JSON at line 6 column 20 path $.pack.pack_format
	at TRANSFORMER/minecraft@1.21.1/net.minecraft.util.GsonHelper.fromNullableJson(GsonHelper.java:527) ~[client-1.21.1-20240808.144430-srg.jar%23631!/:?]
	at TRANSFORMER/minecraft@1.21.1/net.minecraft.util.GsonHelper.fromJson(GsonHelper.java:532) ~[client-1.21.1-20240808.144430-srg.jar%23631!/:?]
	at TRANSFORMER/minecraft@1.21.1/net.minecraft.util.GsonHelper.parse(GsonHelper.java:594) ~[client-1.21.1-20240808.144430-srg.jar%23631!/:?]
	at TRANSFORMER/minecraft@1.21.1/net.minecraft.util.GsonHelper.parse(GsonHelper.java:602) ~[client-1.21.1-20240808.144430-srg.jar%23631!/:?]
	at TRANSFORMER/minecraft@1.21.1/net.minecraft.server.packs.AbstractPackResources.getMetadataFromStream(AbstractPackResources.java:44) ~[client-1.21.1-20240808.144430-srg.jar%23631!/:?]
	at TRANSFORMER/minecraft@1.21.1/net.minecraft.server.packs.AbstractPackResources.getMetadataSection(AbstractPackResources.java:33) ~[client-1.21.1-20240808.144430-srg.jar%23631!/:?]
	at TRANSFORMER/minecraft@1.21.1/net.minecraft.server.packs.repository.Pack.handler$boc000$fusion$init(Pack.java:542) ~[client-1.21.1-20240808.144430-srg.jar%23631!/:?]
	at TRANSFORMER/minecraft@1.21.1/net.minecraft.server.packs.repository.Pack.<init>(Pack.java:77) ~[client-1.21.1-20240808.144430-srg.jar%23631!/:?]
	at TRANSFORMER/minecraft@1.21.1/net.minecraft.server.packs.repository.Pack.<init>(Pack.java:45) ~[client-1.21.1-20240808.144430-srg.jar%23631!/:?]
	at TRANSFORMER/neoforge@21.1.221/net.neoforged.neoforge.resource.ResourcePackLoader.readWithOptionalMeta(ResourcePackLoader.java:157) ~[neoforge-21.1.221-universal.jar%23632!/:?]
	at TRANSFORMER/neoforge@21.1.221/net.neoforged.neoforge.resource.ResourcePackLoader.packFinder(ResourcePackLoader.java:123) ~[neoforge-21.1.221-universal.jar%23632!/:?]
	at TRANSFORMER/neoforge@21.1.221/net.neoforged.neoforge.resource.ResourcePackLoader.lambda$buildPackFinder$6(ResourcePackLoader.java:89) ~[neoforge-21.1.221-universal.jar%23632!/:?]
	at TRANSFORMER/minecraft@1.21.1/net.minecraft.server.packs.repository.PackRepository.discoverAvailable(PackRepository.java:47) ~[client-1.21.1-20240808.144430-srg.jar%23631!/:?]
	at TRANSFORMER/minecraft@1.21.1/net.minecraft.server.packs.repository.PackRepository.reload(PackRepository.java:37) ~[client-1.21.1-20240808.144430-srg.jar%23631!/:?]
	at TRANSFORMER/minecraft@1.21.1/net.minecraft.client.Minecraft.<init>(Minecraft.java:487) ~[client-1.21.1-20240808.144430-srg.jar%23631!/:?]
	at java.base/java.lang.Thread.run(Unknown Source) [?:?]
Caused by: com.google.gson.stream.MalformedJsonException: Use JsonReader.setLenient(true) to accept malformed JSON at line 6 column 20 path $.pack.pack_format
	at MC-BOOTSTRAP/com.google.gson@2.10.1/com.google.gson.stream.JsonReader.syntaxError(JsonReader.java:1659) ~[gson-2.10.1.jar%23142!/:?]
	at MC-BOOTSTRAP/com.google.gson@2.10.1/com.google.gson.stream.JsonReader.checkLenient(JsonReader.java:1465) ~[gson-2.10.1.jar%23142!/:?]
	at MC-BOOTSTRAP/com.google.gson@2.10.1/com.google.gson.stream.JsonReader.doPeek(JsonReader.java:602) ~[gson-2.10.1.jar%23142!/:?]
	at MC-BOOTSTRAP/com.google.gson@2.10.1/com.google.gson.stream.JsonReader.peek(JsonReader.java:433) ~[gson-2.10.1.jar%23142!/:?]
	at MC-BOOTSTRAP/com.google.gson@2.10.1/com.google.gson.internal.bind.TypeAdapters$28.read(TypeAdapters.java:786) ~[gson-2.10.1.jar%23142!/:?]
	at MC-BOOTSTRAP/com.google.gson@2.10.1/com.google.gson.internal.bind.TypeAdapters$28.read(TypeAdapters.java:725) ~[gson-2.10.1.jar%23142!/:?]
	at MC-BOOTSTRAP/com.google.gson@2.10.1/com.google.gson.internal.bind.TypeAdapters$34$1.read(TypeAdapters.java:1007) ~[gson-2.10.1.jar%23142!/:?]
	at TRANSFORMER/minecraft@1.21.1/net.minecraft.util.GsonHelper.fromNullableJson(GsonHelper.java:525) ~[client-1.21.1-20240808.144430-srg.jar%23631!/:?]
	... 15 more
[20Apr2026 18:10:45.055] [Render thread/ERROR] [net.minecraft.server.packs.AbstractPackResources/]: Couldn't load fusion metadata
com.google.gson.JsonParseException: com.google.gson.stream.MalformedJsonException: Use JsonReader.setLenient(true) to accept malformed JSON at line 6 column 20 path $.pack.pack_format
	at TRANSFORMER/minecraft@1.21.1/net.minecraft.util.GsonHelper.fromNullableJson(GsonHelper.java:527) ~[client-1.21.1-20240808.144430-srg.jar%23631!/:?]
	at TRANSFORMER/minecraft@1.21.1/net.minecraft.util.GsonHelper.fromJson(GsonHelper.java:532) ~[client-1.21.1-20240808.144430-srg.jar%23631!/:?]
	at TRANSFORMER/minecraft@1.21.1/net.minecraft.util.GsonHelper.parse(GsonHelper.java:594) ~[client-1.21.1-20240808.144430-srg.jar%23631!/:?]
	at TRANSFORMER/minecraft@1.21.1/net.minecraft.util.GsonHelper.parse(GsonHelper.java:602) ~[client-1.21.1-20240808.144430-srg.jar%23631!/:?]
	at TRANSFORMER/minecraft@1.21.1/net.minecraft.server.packs.AbstractPackResources.getMetadataFromStream(AbstractPackResources.java:44) ~[client-1.21.1-20240808.144430-srg.jar%23631!/:?]
	at TRANSFORMER/minecraft@1.21.1/net.minecraft.server.packs.PathPackResources.handler$bod000$fusion$init(PathPackResources.java:563) ~[client-1.21.1-20240808.144430-srg.jar%23631!/:?]
	at TRANSFORMER/minecraft@1.21.1/net.minecraft.server.packs.PathPackResources.<init>(PathPackResources.java:38) ~[client-1.21.1-20240808.144430-srg.jar%23631!/:?]
	at TRANSFORMER/minecraft@1.21.1/net.minecraft.server.packs.PathPackResources$PathResourcesSupplier.openPrimary(PathPackResources.java:167) ~[client-1.21.1-20240808.144430-srg.jar%23631!/:?]
	at TRANSFORMER/minecraft@1.21.1/net.minecraft.server.packs.repository.Pack.handler$boc000$fusion$init(Pack.java:541) ~[client-1.21.1-20240808.144430-srg.jar%23631!/:?]
	at TRANSFORMER/minecraft@1.21.1/net.minecraft.server.packs.repository.Pack.<init>(Pack.java:77) ~[client-1.21.1-20240808.144430-srg.jar%23631!/:?]
	at TRANSFORMER/minecraft@1.21.1/net.minecraft.server.packs.repository.Pack.hidden(Pack.java:207) ~[client-1.21.1-20240808.144430-srg.jar%23631!/:?]
	at TRANSFORMER/neoforge@21.1.221/net.neoforged.neoforge.resource.ResourcePackLoader.packFinder(ResourcePackLoader.java:133) ~[neoforge-21.1.221-universal.jar%23632!/:?]
	at TRANSFORMER/neoforge@21.1.221/net.neoforged.neoforge.resource.ResourcePackLoader.lambda$buildPackFinder$6(ResourcePackLoader.java:89) ~[neoforge-21.1.221-universal.jar%23632!/:?]
	at TRANSFORMER/minecraft@1.21.1/net.minecraft.server.packs.repository.PackRepository.discoverAvailable(PackRepository.java:47) ~[client-1.21.1-20240808.144430-srg.jar%23631!/:?]
	at TRANSFORMER/minecraft@1.21.1/net.minecraft.server.packs.repository.PackRepository.reload(PackRepository.java:37) ~[client-1.21.1-20240808.144430-srg.jar%23631!/:?]
	at TRANSFORMER/minecraft@1.21.1/net.minecraft.client.Minecraft.<init>(Minecraft.java:487) ~[client-1.21.1-20240808.144430-srg.jar%23631!/:?]
	at java.base/java.lang.Thread.run(Unknown Source) [?:?]
Caused by: com.google.gson.stream.MalformedJsonException: Use JsonReader.setLenient(true) to accept malformed JSON at line 6 column 20 path $.pack.pack_format
	at MC-BOOTSTRAP/com.google.gson@2.10.1/com.google.gson.stream.JsonReader.syntaxError(JsonReader.java:1659) ~[gson-2.10.1.jar%23142!/:?]
	at MC-BOOTSTRAP/com.google.gson@2.10.1/com.google.gson.stream.JsonReader.checkLenient(JsonReader.java:1465) ~[gson-2.10.1.jar%23142!/:?]
	at MC-BOOTSTRAP/com.google.gson@2.10.1/com.google.gson.stream.JsonReader.doPeek(JsonReader.java:602) ~[gson-2.10.1.jar%23142!/:?]
	at MC-BOOTSTRAP/com.google.gson@2.10.1/com.google.gson.stream.JsonReader.peek(JsonReader.java:433) ~[gson-2.10.1.jar%23142!/:?]
	at MC-BOOTSTRAP/com.google.gson@2.10.1/com.google.gson.internal.bind.TypeAdapters$28.read(TypeAdapters.java:786) ~[gson-2.10.1.jar%23142!/:?]
	at MC-BOOTSTRAP/com.google.gson@2.10.1/com.google.gson.internal.bind.TypeAdapters$28.read(TypeAdapters.java:725) ~[gson-2.10.1.jar%23142!/:?]
	at MC-BOOTSTRAP/com.google.gson@2.10.1/com.google.gson.internal.bind.TypeAdapters$34$1.read(TypeAdapters.java:1007) ~[gson-2.10.1.jar%23142!/:?]
	at TRANSFORMER/minecraft@1.21.1/net.minecraft.util.GsonHelper.fromNullableJson(GsonHelper.java:525) ~[client-1.21.1-20240808.144430-srg.jar%23631!/:?]
	... 16 more
[20Apr2026 18:10:45.055] [Render thread/ERROR] [net.minecraft.server.packs.AbstractPackResources/]: Couldn't load fusion metadata
com.google.gson.JsonParseException: com.google.gson.stream.MalformedJsonException: Use JsonReader.setLenient(true) to accept malformed JSON at line 6 column 20 path $.pack.pack_format
	at TRANSFORMER/minecraft@1.21.1/net.minecraft.util.GsonHelper.fromNullableJson(GsonHelper.java:527) ~[client-1.21.1-20240808.144430-srg.jar%23631!/:?]
	at TRANSFORMER/minecraft@1.21.1/net.minecraft.util.GsonHelper.fromJson(GsonHelper.java:532) ~[client-1.21.1-20240808.144430-srg.jar%23631!/:?]
	at TRANSFORMER/minecraft@1.21.1/net.minecraft.util.GsonHelper.parse(GsonHelper.java:594) ~[client-1.21.1-20240808.144430-srg.jar%23631!/:?]
	at TRANSFORMER/minecraft@1.21.1/net.minecraft.util.GsonHelper.parse(GsonHelper.java:602) ~[client-1.21.1-20240808.144430-srg.jar%23631!/:?]
	at TRANSFORMER/minecraft@1.21.1/net.minecraft.server.packs.AbstractPackResources.getMetadataFromStream(AbstractPackResources.java:44) ~[client-1.21.1-20240808.144430-srg.jar%23631!/:?]
	at TRANSFORMER/minecraft@1.21.1/net.minecraft.server.packs.AbstractPackResources.getMetadataSection(AbstractPackResources.java:33) ~[client-1.21.1-20240808.144430-srg.jar%23631!/:?]
	at TRANSFORMER/minecraft@1.21.1/net.minecraft.server.packs.repository.Pack.handler$boc000$fusion$init(Pack.java:542) ~[client-1.21.1-20240808.144430-srg.jar%23631!/:?]
	at TRANSFORMER/minecraft@1.21.1/net.minecraft.server.packs.repository.Pack.<init>(Pack.java:77) ~[client-1.21.1-20240808.144430-srg.jar%23631!/:?]
	at TRANSFORMER/minecraft@1.21.1/net.minecraft.server.packs.repository.Pack.hidden(Pack.java:207) ~[client-1.21.1-20240808.144430-srg.jar%23631!/:?]
	at TRANSFORMER/neoforge@21.1.221/net.neoforged.neoforge.resource.ResourcePackLoader.packFinder(ResourcePackLoader.java:133) ~[neoforge-21.1.221-universal.jar%23632!/:?]
	at TRANSFORMER/neoforge@21.1.221/net.neoforged.neoforge.resource.ResourcePackLoader.lambda$buildPackFinder$6(ResourcePackLoader.java:89) ~[neoforge-21.1.221-universal.jar%23632!/:?]
	at TRANSFORMER/minecraft@1.21.1/net.minecraft.server.packs.repository.PackRepository.discoverAvailable(PackRepository.java:47) ~[client-1.21.1-20240808.144430-srg.jar%23631!/:?]
	at TRANSFORMER/minecraft@1.21.1/net.minecraft.server.packs.repository.PackRepository.reload(PackRepository.java:37) ~[client-1.21.1-20240808.144430-srg.jar%23631!/:?]
	at TRANSFORMER/minecraft@1.21.1/net.minecraft.client.Minecraft.<init>(Minecraft.java:487) ~[client-1.21.1-20240808.144430-srg.jar%23631!/:?]
	at java.base/java.lang.Thread.run(Unknown Source) [?:?]
Caused by: com.google.gson.stream.MalformedJsonException: Use JsonReader.setLenient(true) to accept malformed JSON at line 6 column 20 path $.pack.pack_format
	at MC-BOOTSTRAP/com.google.gson@2.10.1/com.google.gson.stream.JsonReader.syntaxError(JsonReader.java:1659) ~[gson-2.10.1.jar%23142!/:?]
	at MC-BOOTSTRAP/com.google.gson@2.10.1/com.google.gson.stream.JsonReader.checkLenient(JsonReader.java:1465) ~[gson-2.10.1.jar%23142!/:?]
	at MC-BOOTSTRAP/com.google.gson@2.10.1/com.google.gson.stream.JsonReader.doPeek(JsonReader.java:602) ~[gson-2.10.1.jar%23142!/:?]
	at MC-BOOTSTRAP/com.google.gson@2.10.1/com.google.gson.stream.JsonReader.peek(JsonReader.java:433) ~[gson-2.10.1.jar%23142!/:?]
	at MC-BOOTSTRAP/com.google.gson@2.10.1/com.google.gson.internal.bind.TypeAdapters$28.read(TypeAdapters.java:786) ~[gson-2.10.1.jar%23142!/:?]
	at MC-BOOTSTRAP/com.google.gson@2.10.1/com.google.gson.internal.bind.TypeAdapters$28.read(TypeAdapters.java:725) ~[gson-2.10.1.jar%23142!/:?]
	at MC-BOOTSTRAP/com.google.gson@2.10.1/com.google.gson.internal.bind.TypeAdapters$34$1.read(TypeAdapters.java:1007) ~[gson-2.10.1.jar%23142!/:?]
	at TRANSFORMER/minecraft@1.21.1/net.minecraft.util.GsonHelper.fromNullableJson(GsonHelper.java:525) ~[client-1.21.1-20240808.144430-srg.jar%23631!/:?]
	... 14 more
[20Apr2026 18:10:45.118] [Render thread/ERROR] [net.minecraft.server.packs.AbstractPackResources/]: Couldn't load fusion metadata
com.google.gson.JsonParseException: com.google.gson.stream.MalformedJsonException: Use JsonReader.setLenient(true) to accept malformed JSON at line 6 column 20 path $.pack.pack_format
	at TRANSFORMER/minecraft@1.21.1/net.minecraft.util.GsonHelper.fromNullableJson(GsonHelper.java:527) ~[client-1.21.1-20240808.144430-srg.jar%23631!/:?]
	at TRANSFORMER/minecraft@1.21.1/net.minecraft.util.GsonHelper.fromJson(GsonHelper.java:532) ~[client-1.21.1-20240808.144430-srg.jar%23631!/:?]
	at TRANSFORMER/minecraft@1.21.1/net.minecraft.util.GsonHelper.parse(GsonHelper.java:594) ~[client-1.21.1-20240808.144430-srg.jar%23631!/:?]
	at TRANSFORMER/minecraft@1.21.1/net.minecraft.util.GsonHelper.parse(GsonHelper.java:602) ~[client-1.21.1-20240808.144430-srg.jar%23631!/:?]
	at TRANSFORMER/minecraft@1.21.1/net.minecraft.server.packs.AbstractPackResources.getMetadataFromStream(AbstractPackResources.java:44) ~[client-1.21.1-20240808.144430-srg.jar%23631!/:?]
	at TRANSFORMER/minecraft@1.21.1/net.minecraft.server.packs.PathPackResources.handler$bod000$fusion$init(PathPackResources.java:563) ~[client-1.21.1-20240808.144430-srg.jar%23631!/:?]
	at TRANSFORMER/minecraft@1.21.1/net.minecraft.server.packs.PathPackResources.<init>(PathPackResources.java:38) ~[client-1.21.1-20240808.144430-srg.jar%23631!/:?]
	at TRANSFORMER/minecraft@1.21.1/net.minecraft.server.packs.PathPackResources$PathResourcesSupplier.openPrimary(PathPackResources.java:167) ~[client-1.21.1-20240808.144430-srg.jar%23631!/:?]
	at TRANSFORMER/minecraft@1.21.1/net.minecraft.server.packs.repository.Pack.handler$boc000$fusion$init(Pack.java:541) ~[client-1.21.1-20240808.144430-srg.jar%23631!/:?]
	at TRANSFORMER/minecraft@1.21.1/net.minecraft.server.packs.repository.Pack.<init>(Pack.java:77) ~[client-1.21.1-20240808.144430-srg.jar%23631!/:?]
	at TRANSFORMER/minecraft@1.21.1/net.minecraft.server.packs.repository.Pack.<init>(Pack.java:65) ~[client-1.21.1-20240808.144430-srg.jar%23631!/:?]
	at TRANSFORMER/minecraft@1.21.1/net.minecraft.server.packs.repository.Pack.withChildren(Pack.java:196) ~[client-1.21.1-20240808.144430-srg.jar%23631!/:?]
	at TRANSFORMER/neoforge@21.1.221/net.neoforged.neoforge.resource.ResourcePackLoader.makePack(ResourcePackLoader.java:204) ~[neoforge-21.1.221-universal.jar%23632!/:?]
	at TRANSFORMER/neoforge@21.1.221/net.neoforged.neoforge.resource.ResourcePackLoader.packFinder(ResourcePackLoader.java:141) ~[neoforge-21.1.221-universal.jar%23632!/:?]
	at TRANSFORMER/neoforge@21.1.221/net.neoforged.neoforge.resource.ResourcePackLoader.lambda$buildPackFinder$6(ResourcePackLoader.java:89) ~[neoforge-21.1.221-universal.jar%23632!/:?]
	at TRANSFORMER/minecraft@1.21.1/net.minecraft.server.packs.repository.PackRepository.discoverAvailable(PackRepository.java:47) ~[client-1.21.1-20240808.144430-srg.jar%23631!/:?]
	at TRANSFORMER/minecraft@1.21.1/net.minecraft.server.packs.repository.PackRepository.reload(PackRepository.java:37) ~[client-1.21.1-20240808.144430-srg.jar%23631!/:?]
	at TRANSFORMER/minecraft@1.21.1/net.minecraft.client.Minecraft.<init>(Minecraft.java:487) ~[client-1.21.1-20240808.144430-srg.jar%23631!/:?]
	at java.base/java.lang.Thread.run(Unknown Source) [?:?]
Caused by: com.google.gson.stream.MalformedJsonException: Use JsonReader.setLenient(true) to accept malformed JSON at line 6 column 20 path $.pack.pack_format
	at MC-BOOTSTRAP/com.google.gson@2.10.1/com.google.gson.stream.JsonReader.syntaxError(JsonReader.java:1659) ~[gson-2.10.1.jar%23142!/:?]
	at MC-BOOTSTRAP/com.google.gson@2.10.1/com.google.gson.stream.JsonReader.checkLenient(JsonReader.java:1465) ~[gson-2.10.1.jar%23142!/:?]
	at MC-BOOTSTRAP/com.google.gson@2.10.1/com.google.gson.stream.JsonReader.doPeek(JsonReader.java:602) ~[gson-2.10.1.jar%23142!/:?]
	at MC-BOOTSTRAP/com.google.gson@2.10.1/com.google.gson.stream.JsonReader.peek(JsonReader.java:433) ~[gson-2.10.1.jar%23142!/:?]
	at MC-BOOTSTRAP/com.google.gson@2.10.1/com.google.gson.internal.bind.TypeAdapters$28.read(TypeAdapters.java:786) ~[gson-2.10.1.jar%23142!/:?]
	at MC-BOOTSTRAP/com.google.gson@2.10.1/com.google.gson.internal.bind.TypeAdapters$28.read(TypeAdapters.java:725) ~[gson-2.10.1.jar%23142!/:?]
	at MC-BOOTSTRAP/com.google.gson@2.10.1/com.google.gson.internal.bind.TypeAdapters$34$1.read(TypeAdapters.java:1007) ~[gson-2.10.1.jar%23142!/:?]
	at TRANSFORMER/minecraft@1.21.1/net.minecraft.util.GsonHelper.fromNullableJson(GsonHelper.java:525) ~[client-1.21.1-20240808.144430-srg.jar%23631!/:?]
	... 18 more
[20Apr2026 18:10:45.119] [Render thread/ERROR] [net.minecraft.server.packs.AbstractPackResources/]: Couldn't load fusion metadata
com.google.gson.JsonParseException: com.google.gson.stream.MalformedJsonException: Use JsonReader.setLenient(true) to accept malformed JSON at line 6 column 20 path $.pack.pack_format
	at TRANSFORMER/minecraft@1.21.1/net.minecraft.util.GsonHelper.fromNullableJson(GsonHelper.java:527) ~[client-1.21.1-20240808.144430-srg.jar%23631!/:?]
	at TRANSFORMER/minecraft@1.21.1/net.minecraft.util.GsonHelper.fromJson(GsonHelper.java:532) ~[client-1.21.1-20240808.144430-srg.jar%23631!/:?]
	at TRANSFORMER/minecraft@1.21.1/net.minecraft.util.GsonHelper.parse(GsonHelper.java:594) ~[client-1.21.1-20240808.144430-srg.jar%23631!/:?]
	at TRANSFORMER/minecraft@1.21.1/net.minecraft.util.GsonHelper.parse(GsonHelper.java:602) ~[client-1.21.1-20240808.144430-srg.jar%23631!/:?]
	at TRANSFORMER/minecraft@1.21.1/net.minecraft.server.packs.AbstractPackResources.getMetadataFromStream(AbstractPackResources.java:44) ~[client-1.21.1-20240808.144430-srg.jar%23631!/:?]
	at TRANSFORMER/minecraft@1.21.1/net.minecraft.server.packs.AbstractPackResources.getMetadataSection(AbstractPackResources.java:33) ~[client-1.21.1-20240808.144430-srg.jar%23631!/:?]
	at TRANSFORMER/minecraft@1.21.1/net.minecraft.server.packs.repository.Pack.handler$boc000$fusion$init(Pack.java:542) ~[client-1.21.1-20240808.144430-srg.jar%23631!/:?]
	at TRANSFORMER/minecraft@1.21.1/net.minecraft.server.packs.repository.Pack.<init>(Pack.java:77) ~[client-1.21.1-20240808.144430-srg.jar%23631!/:?]
	at TRANSFORMER/minecraft@1.21.1/net.minecraft.server.packs.repository.Pack.<init>(Pack.java:65) ~[client-1.21.1-20240808.144430-srg.jar%23631!/:?]
	at TRANSFORMER/minecraft@1.21.1/net.minecraft.server.packs.repository.Pack.withChildren(Pack.java:196) ~[client-1.21.1-20240808.144430-srg.jar%23631!/:?]
	at TRANSFORMER/neoforge@21.1.221/net.neoforged.neoforge.resource.ResourcePackLoader.makePack(ResourcePackLoader.java:204) ~[neoforge-21.1.221-universal.jar%23632!/:?]
	at TRANSFORMER/neoforge@21.1.221/net.neoforged.neoforge.resource.ResourcePackLoader.packFinder(ResourcePackLoader.java:141) ~[neoforge-21.1.221-universal.jar%23632!/:?]
	at TRANSFORMER/neoforge@21.1.221/net.neoforged.neoforge.resource.ResourcePackLoader.lambda$buildPackFinder$6(ResourcePackLoader.java:89) ~[neoforge-21.1.221-universal.jar%23632!/:?]
	at TRANSFORMER/minecraft@1.21.1/net.minecraft.server.packs.repository.PackRepository.discoverAvailable(PackRepository.java:47) ~[client-1.21.1-20240808.144430-srg.jar%23631!/:?]
	at TRANSFORMER/minecraft@1.21.1/net.minecraft.server.packs.repository.PackRepository.reload(PackRepository.java:37) ~[client-1.21.1-20240808.144430-srg.jar%23631!/:?]
	at TRANSFORMER/minecraft@1.21.1/net.minecraft.client.Minecraft.<init>(Minecraft.java:487) ~[client-1.21.1-20240808.144430-srg.jar%23631!/:?]
	at java.base/java.lang.Thread.run(Unknown Source) [?:?]
Caused by: com.google.gson.stream.MalformedJsonException: Use JsonReader.setLenient(true) to accept malformed JSON at line 6 column 20 path $.pack.pack_format
	at MC-BOOTSTRAP/com.google.gson@2.10.1/com.google.gson.stream.JsonReader.syntaxError(JsonReader.java:1659) ~[gson-2.10.1.jar%23142!/:?]
	at MC-BOOTSTRAP/com.google.gson@2.10.1/com.google.gson.stream.JsonReader.checkLenient(JsonReader.java:1465) ~[gson-2.10.1.jar%23142!/:?]
	at MC-BOOTSTRAP/com.google.gson@2.10.1/com.google.gson.stream.JsonReader.doPeek(JsonReader.java:602) ~[gson-2.10.1.jar%23142!/:?]
	at MC-BOOTSTRAP/com.google.gson@2.10.1/com.google.gson.stream.JsonReader.peek(JsonReader.java:433) ~[gson-2.10.1.jar%23142!/:?]
	at MC-BOOTSTRAP/com.google.gson@2.10.1/com.google.gson.internal.bind.TypeAdapters$28.read(TypeAdapters.java:786) ~[gson-2.10.1.jar%23142!/:?]
	at MC-BOOTSTRAP/com.google.gson@2.10.1/com.google.gson.internal.bind.TypeAdapters$28.read(TypeAdapters.java:725) ~[gson-2.10.1.jar%23142!/:?]
	at MC-BOOTSTRAP/com.google.gson@2.10.1/com.google.gson.internal.bind.TypeAdapters$34$1.read(TypeAdapters.java:1007) ~[gson-2.10.1.jar%23142!/:?]
	at TRANSFORMER/minecraft@1.21.1/net.minecraft.util.GsonHelper.fromNullableJson(GsonHelper.java:525) ~[client-1.21.1-20240808.144430-srg.jar%23631!/:?]
	... 16 more
[20Apr2026 18:10:45.163] [Render thread/INFO] [Moonlight/]: Merging 4 images using mode MIN_AREA_NO_UPSCALE
[20Apr2026 18:10:45.568] [Render thread/INFO] [Sodium/]: Block securitycraft:reinforced_dispenser had its color provider replaced with net.geforcemods.securitycraft.ClientHandler$$Lambda/0x000002d6485b2b98@60c29d63 and will not use per-vertex coloring
[20Apr2026 18:10:45.568] [Render thread/INFO] [Sodium/]: Block securitycraft:reinforced_dropper had its color provider replaced with net.geforcemods.securitycraft.ClientHandler$$Lambda/0x000002d6485b2b98@60c29d63 and will not use per-vertex coloring
[20Apr2026 18:10:45.568] [Render thread/INFO] [Sodium/]: Block securitycraft:reinforced_hopper had its color provider replaced with net.geforcemods.securitycraft.ClientHandler$$Lambda/0x000002d6485b2b98@60c29d63 and will not use per-vertex coloring
[20Apr2026 18:10:45.568] [Render thread/INFO] [Sodium/]: Block securitycraft:reinforced_observer had its color provider replaced with net.geforcemods.securitycraft.ClientHandler$$Lambda/0x000002d6485b2b98@60c29d63 and will not use per-vertex coloring
[20Apr2026 18:10:45.568] [Render thread/INFO] [Sodium/]: Block securitycraft:reinforced_grass_block had its color provider replaced with net.geforcemods.securitycraft.ClientHandler$$Lambda/0x000002d6485b2db8@5a07ea49 and will not use per-vertex coloring
[20Apr2026 18:10:45.570] [Render thread/INFO] [Sodium/]: Block securitycraft:reinforced_water_cauldron had its color provider replaced with net.geforcemods.securitycraft.ClientHandler$$Lambda/0x000002d6485b2fd8@62bca8d and will not use per-vertex coloring
[20Apr2026 18:10:45.575] [Render thread/INFO] [com.klikli_dev.occultism.Occultism/]: Block color registration complete.
[20Apr2026 18:10:45.581] [Render thread/INFO] [Sodium/]: Block minecraft:tall_grass had its color provider replaced with com.aetherteam.aether.client.AetherColorResolvers$$Lambda/0x000002d6485bf100@175d163e and will not use per-vertex coloring
[20Apr2026 18:10:45.582] [Render thread/INFO] [Sodium/]: Block minecraft:large_fern had its color provider replaced with com.aetherteam.aether.client.AetherColorResolvers$$Lambda/0x000002d6485bf100@66061a8e and will not use per-vertex coloring
[20Apr2026 18:10:45.582] [Render thread/INFO] [Sodium/]: Block minecraft:fern had its color provider replaced with com.aetherteam.aether.client.AetherColorResolvers$$Lambda/0x000002d6485bf100@4437c373 and will not use per-vertex coloring
[20Apr2026 18:10:45.582] [Render thread/INFO] [Sodium/]: Block minecraft:short_grass had its color provider replaced with com.aetherteam.aether.client.AetherColorResolvers$$Lambda/0x000002d6485bf100@766a49da and will not use per-vertex coloring
[20Apr2026 18:10:45.591] [Render thread/INFO] [Sodium/]: Block minecraft:water_cauldron had its color provider replaced with net.mehvahdjukaar.amendments.AmendmentsClient$$Lambda/0x000002d6485c3fa0@186059d1 and will not use per-vertex coloring
[20Apr2026 18:10:45.621] [Render thread/INFO] [com.klikli_dev.occultism.Occultism/]: Item color registration complete.
[20Apr2026 18:10:45.872] [Render thread/INFO] [com.klikli_dev.occultism.Occultism/]: Registered Particle Factories
[20Apr2026 18:10:46.000] [Render thread/INFO] [Iris/]: Hardware information:
[20Apr2026 18:10:46.000] [Render thread/INFO] [Iris/]: CPU: 16x AMD Ryzen 7 5800X3D 8-Core Processor 
[20Apr2026 18:10:46.000] [Render thread/INFO] [Iris/]: GPU: NVIDIA GeForce RTX 4060 Ti/PCIe/SSE2 (Supports OpenGL 4.6.0 NVIDIA 596.21)
[20Apr2026 18:10:46.000] [Render thread/INFO] [Iris/]: OS: Windows 11 (10.0)
[20Apr2026 18:10:46.918] [Render thread/INFO] [Easy NPC: Core/]: 🗣 Register Easy NPC: Core Client Screens ...
[20Apr2026 18:10:46.921] [Render thread/INFO] [Easy NPC: Config UI/]: 🗣 Register Easy NPC: Config UI Client Screens ...
[20Apr2026 18:10:47.364] [Render thread/INFO] [Easy NPC: Core/]: 🗣 Register Easy NPC: Core Entity Layer Definitions ...
[20Apr2026 18:10:47.821] [Render thread/INFO] [Easy NPC: Core/]: 🗣 Register Easy NPC: Core Block Entity Renderers ...
[20Apr2026 18:10:47.821] [Render thread/INFO] [Easy NPC: Core/]: 🗣 Register Easy NPC: Core Entity Renders ...
[20Apr2026 18:10:48.404] [Render thread/INFO] [net.minecraft.client.Minecraft/]: [FANCYMENU] Registering resource reload listener..
[20Apr2026 18:10:48.570] [ForkJoinPool.commonPool-worker-14/INFO] [com.arcadia.lib.client.CreativeTabCache/]: [ArcadiaLib] Creative item cache built: 36907 items in 30ms (background thread)
[20Apr2026 18:10:48.604] [Render thread/ERROR] [net.minecraft.server.packs.AbstractPackResources/]: Couldn't load fusion metadata
com.google.gson.JsonParseException: com.google.gson.stream.MalformedJsonException: Use JsonReader.setLenient(true) to accept malformed JSON at line 6 column 20 path $.pack.pack_format
	at TRANSFORMER/minecraft@1.21.1/net.minecraft.util.GsonHelper.fromNullableJson(GsonHelper.java:527) ~[client-1.21.1-20240808.144430-srg.jar%23631!/:?]
	at TRANSFORMER/minecraft@1.21.1/net.minecraft.util.GsonHelper.fromJson(GsonHelper.java:532) ~[client-1.21.1-20240808.144430-srg.jar%23631!/:?]
	at TRANSFORMER/minecraft@1.21.1/net.minecraft.util.GsonHelper.parse(GsonHelper.java:594) ~[client-1.21.1-20240808.144430-srg.jar%23631!/:?]
	at TRANSFORMER/minecraft@1.21.1/net.minecraft.util.GsonHelper.parse(GsonHelper.java:602) ~[client-1.21.1-20240808.144430-srg.jar%23631!/:?]
	at TRANSFORMER/minecraft@1.21.1/net.minecraft.server.packs.AbstractPackResources.getMetadataFromStream(AbstractPackResources.java:44) ~[client-1.21.1-20240808.144430-srg.jar%23631!/:?]
	at TRANSFORMER/minecraft@1.21.1/net.minecraft.server.packs.PathPackResources.handler$bod000$fusion$init(PathPackResources.java:563) ~[client-1.21.1-20240808.144430-srg.jar%23631!/:?]
	at TRANSFORMER/minecraft@1.21.1/net.minecraft.server.packs.PathPackResources.<init>(PathPackResources.java:38) ~[client-1.21.1-20240808.144430-srg.jar%23631!/:?]
	at TRANSFORMER/minecraft@1.21.1/net.minecraft.server.packs.PathPackResources$PathResourcesSupplier.openPrimary(PathPackResources.java:167) ~[client-1.21.1-20240808.144430-srg.jar%23631!/:?]
	at TRANSFORMER/minecraft@1.21.1/net.minecraft.server.packs.PathPackResources$PathResourcesSupplier.openFull(PathPackResources.java:172) ~[client-1.21.1-20240808.144430-srg.jar%23631!/:?]
	at TRANSFORMER/minecraft@1.21.1/net.minecraft.server.packs.repository.Pack.open(Pack.java:153) ~[client-1.21.1-20240808.144430-srg.jar%23631!/:?]
	at java.base/java.util.stream.ReferencePipeline$3$1.accept(Unknown Source) ~[?:?]
	at java.base/java.util.Spliterators$ArraySpliterator.forEachRemaining(Unknown Source) ~[?:?]
	at java.base/java.util.stream.AbstractPipeline.copyInto(Unknown Source) ~[?:?]
	at java.base/java.util.stream.AbstractPipeline.wrapAndCopyInto(Unknown Source) ~[?:?]
	at java.base/java.util.stream.ReduceOps$ReduceOp.evaluateSequential(Unknown Source) ~[?:?]
	at java.base/java.util.stream.AbstractPipeline.evaluate(Unknown Source) ~[?:?]
	at java.base/java.util.stream.ReferencePipeline.collect(Unknown Source) ~[?:?]
	at TRANSFORMER/minecraft@1.21.1/net.minecraft.server.packs.repository.PackRepository.openAllSelected(PackRepository.java:133) ~[client-1.21.1-20240808.144430-srg.jar%23631!/:?]
	at TRANSFORMER/minecraft@1.21.1/net.minecraft.client.Minecraft.<init>(Minecraft.java:616) ~[client-1.21.1-20240808.144430-srg.jar%23631!/:?]
	at java.base/java.lang.Thread.run(Unknown Source) [?:?]
Caused by: com.google.gson.stream.MalformedJsonException: Use JsonReader.setLenient(true) to accept malformed JSON at line 6 column 20 path $.pack.pack_format
	at MC-BOOTSTRAP/com.google.gson@2.10.1/com.google.gson.stream.JsonReader.syntaxError(JsonReader.java:1659) ~[gson-2.10.1.jar%23142!/:?]
	at MC-BOOTSTRAP/com.google.gson@2.10.1/com.google.gson.stream.JsonReader.checkLenient(JsonReader.java:1465) ~[gson-2.10.1.jar%23142!/:?]
	at MC-BOOTSTRAP/com.google.gson@2.10.1/com.google.gson.stream.JsonReader.doPeek(JsonReader.java:602) ~[gson-2.10.1.jar%23142!/:?]
	at MC-BOOTSTRAP/com.google.gson@2.10.1/com.google.gson.stream.JsonReader.peek(JsonReader.java:433) ~[gson-2.10.1.jar%23142!/:?]
	at MC-BOOTSTRAP/com.google.gson@2.10.1/com.google.gson.internal.bind.TypeAdapters$28.read(TypeAdapters.java:786) ~[gson-2.10.1.jar%23142!/:?]
	at MC-BOOTSTRAP/com.google.gson@2.10.1/com.google.gson.internal.bind.TypeAdapters$28.read(TypeAdapters.java:725) ~[gson-2.10.1.jar%23142!/:?]
	at MC-BOOTSTRAP/com.google.gson@2.10.1/com.google.gson.internal.bind.TypeAdapters$34$1.read(TypeAdapters.java:1007) ~[gson-2.10.1.jar%23142!/:?]
	at TRANSFORMER/minecraft@1.21.1/net.minecraft.util.GsonHelper.fromNullableJson(GsonHelper.java:525) ~[client-1.21.1-20240808.144430-srg.jar%23631!/:?]
	... 19 more
[20Apr2026 18:10:49.015] [Render thread/INFO] [Puzzles Lib/]: Data generation for dynamic pack resources provided by 'visualworkbench' took 64ms
[20Apr2026 18:10:49.054] [Render thread/ERROR] [net.minecraft.server.packs.AbstractPackResources/]: Couldn't load filter metadata
com.google.gson.JsonParseException: com.google.gson.stream.MalformedJsonException: Use JsonReader.setLenient(true) to accept malformed JSON at line 6 column 20 path $.pack.pack_format
	at TRANSFORMER/minecraft@1.21.1/net.minecraft.util.GsonHelper.fromNullableJson(GsonHelper.java:527) ~[client-1.21.1-20240808.144430-srg.jar%23631!/:?]
	at TRANSFORMER/minecraft@1.21.1/net.minecraft.util.GsonHelper.fromJson(GsonHelper.java:532) ~[client-1.21.1-20240808.144430-srg.jar%23631!/:?]
	at TRANSFORMER/minecraft@1.21.1/net.minecraft.util.GsonHelper.parse(GsonHelper.java:594) ~[client-1.21.1-20240808.144430-srg.jar%23631!/:?]
	at TRANSFORMER/minecraft@1.21.1/net.minecraft.util.GsonHelper.parse(GsonHelper.java:602) ~[client-1.21.1-20240808.144430-srg.jar%23631!/:?]
	at TRANSFORMER/minecraft@1.21.1/net.minecraft.server.packs.AbstractPackResources.getMetadataFromStream(AbstractPackResources.java:44) ~[client-1.21.1-20240808.144430-srg.jar%23631!/:?]
	at TRANSFORMER/minecraft@1.21.1/net.minecraft.server.packs.AbstractPackResources.getMetadataSection(AbstractPackResources.java:33) ~[client-1.21.1-20240808.144430-srg.jar%23631!/:?]
	at TRANSFORMER/kubejstweaks@1.0.6/dev.uncandango.kubejstweaks.impl.TempResourceManager.getPackFilterSection(TempResourceManager.java:95) ~[kubejstweaks-1.0.6.jar%23896!/:?]
	at TRANSFORMER/kubejstweaks@1.0.6/dev.uncandango.kubejstweaks.impl.TempResourceManager.<init>(TempResourceManager.java:39) ~[kubejstweaks-1.0.6.jar%23896!/:?]
	at TRANSFORMER/kubejs@2101.7.2-build.348/dev.latvian.mods.kubejs.client.ClientAssetPacks.handler$fan000$kubejstweaks$grabPackResources(ClientAssetPacks.java:524) ~[kubejs-neoforge-2101.7.2-build.348.jar%23892!/:2101.7.2-build.348]
	at TRANSFORMER/kubejs@2101.7.2-build.348/dev.latvian.mods.kubejs.client.ClientAssetPacks.inject0(ClientAssetPacks.java:67) ~[kubejs-neoforge-2101.7.2-build.348.jar%23892!/:2101.7.2-build.348]
	at TRANSFORMER/kubejs@2101.7.2-build.348/dev.latvian.mods.kubejs.client.ClientAssetPacks.inject(ClientAssetPacks.java:43) ~[kubejs-neoforge-2101.7.2-build.348.jar%23892!/:2101.7.2-build.348]
	at TRANSFORMER/minecraft@1.21.1/net.minecraft.client.Minecraft.modifyExpressionValue$hhp000$kubejs$kjs$loadPacks(Minecraft.java:32601) ~[client-1.21.1-20240808.144430-srg.jar%23631!/:?]
	at TRANSFORMER/minecraft@1.21.1/net.minecraft.client.Minecraft.<init>(Minecraft.java:616) ~[client-1.21.1-20240808.144430-srg.jar%23631!/:?]
	at java.base/java.lang.Thread.run(Unknown Source) [?:?]
Caused by: com.google.gson.stream.MalformedJsonException: Use JsonReader.setLenient(true) to accept malformed JSON at line 6 column 20 path $.pack.pack_format
	at MC-BOOTSTRAP/com.google.gson@2.10.1/com.google.gson.stream.JsonReader.syntaxError(JsonReader.java:1659) ~[gson-2.10.1.jar%23142!/:?]
	at MC-BOOTSTRAP/com.google.gson@2.10.1/com.google.gson.stream.JsonReader.checkLenient(JsonReader.java:1465) ~[gson-2.10.1.jar%23142!/:?]
	at MC-BOOTSTRAP/com.google.gson@2.10.1/com.google.gson.stream.JsonReader.doPeek(JsonReader.java:602) ~[gson-2.10.1.jar%23142!/:?]
	at MC-BOOTSTRAP/com.google.gson@2.10.1/com.google.gson.stream.JsonReader.peek(JsonReader.java:433) ~[gson-2.10.1.jar%23142!/:?]
	at MC-BOOTSTRAP/com.google.gson@2.10.1/com.google.gson.internal.bind.TypeAdapters$28.read(TypeAdapters.java:786) ~[gson-2.10.1.jar%23142!/:?]
	at MC-BOOTSTRAP/com.google.gson@2.10.1/com.google.gson.internal.bind.TypeAdapters$28.read(TypeAdapters.java:725) ~[gson-2.10.1.jar%23142!/:?]
	at MC-BOOTSTRAP/com.google.gson@2.10.1/com.google.gson.internal.bind.TypeAdapters$34$1.read(TypeAdapters.java:1007) ~[gson-2.10.1.jar%23142!/:?]
	at TRANSFORMER/minecraft@1.21.1/net.minecraft.util.GsonHelper.fromNullableJson(GsonHelper.java:525) ~[client-1.21.1-20240808.144430-srg.jar%23631!/:?]
	... 13 more
[20Apr2026 18:10:49.297] [Render thread/INFO] [net.minecraft.server.packs.resources.ReloadableResourceManager/]: Reloading ResourceManager: fabric, mod_resources, mod/sodium, mod/almanac, mod/ftbessentials, mod/mimi, mod/kubejs_curios, mod/fabric_rendering_fluids_v1, mod/underground_bunkers, mod/aquarius_libs, mod/neoforge, mod/modernfix, mod/netherite_horse_armor, mod/fabric_block_view_api_v2, mod/fabric_command_api_v2, mod/mcwstairs, mod/iris, mod/tiny_config, mod/clientcrafting, mod/createdieselgenerators, mod/carpetscore, mod/pickupnotifier, mod/exposure, mod/cloth_config, mod/supplementaries, mod/refinedstorage, mod/durabilitytooltip, mod/corpse, mod/immersiveui, mod/handcrafted, mod/bendylib, mod/spark, mod/reeses_sodium_options, mod/advancednetherite, mod/trading_floor, mod/accessories, mod/cumulus_menus, mod/mcwroofs, mod/transition, mod/fabric_rendering_data_attachment_v1, mod/lootintegrations_moog, mod/nitrogen_internals, mod/fallingtree, mod/mcwlights, mod/fabric_client_tags_api_v1, mod/smartbrainlib, mod/bellsandwhistles, mod/nomowanderer, mod/colorwheel_patcher, mod/mutantmonsters, mod/rechiseled, mod/watermedia, mod/fastboot, mod/animalgarden_redpanda, mod/fancy_entity_renderer, mod/irons_lib, mod/visualworkbench, mod/attributefix, mod/fabric_screen_handler_api_v1, mod/caelus, mod/mcwholidays, mod/animalgarden_fennecfox, mod/sneak_through_berries, mod/botanypots, mod/rechiseledcreate, mod/corpsecurioscompat, mod/fusion, mod/somemoreblocks, mod/extradisks, mod/fabric_particles_v1, mod/sophisticatedbackpackscreateintegration, mod/emotecraft, mod/dungeons_arise, mod/smoothchunk, mod/worldedit_items, mod/neoncraft, mod/selfexpression_slim, mod/create_easy_structures, mod/voicechat,voicechat_api, mod/trade_cycling, mod/terrablender, mod/longerchathistory, mod/lootintegration_wda, mod/necronomicon, mod/simple_voice_broadcast, mod/justenoughbreeding, mod/alltheleaks, mod/cleanswing, mod/fabric_block_api_v1, mod/fabric_resource_conditions_api_v1, mod/forgeconfigapiport, mod/fastpaintings, mod/animalgarden_prairiedog, mod/betterfpsdist, mod/notenoughanimations, mod/spiffyhud, mod/justenoughprofessions, mod/securitycraft, mod/sit, mod/fabric_registry_sync_v0, mod/immediatelyfast, mod/lambdynlights_api, mod/structory_towers, mod/appleskin, mod/lootr, mod/fabric_object_builder_api_v1, mod/refinedstorage_curios_integration, mod/immersive_melodies, mod/fabric_message_api_v1, mod/extremesoundmuffler, mod/cosmeticarmorreworked, mod/tfthreadsafetyaddon, mod/defaultoptions, mod/kuma_api, mod/fabric_renderer_api_v1, mod/advancedperipherals, mod/fabric_item_api_v1, mod/sophisticatedcore, mod/gpumemleakfix, mod/structureessentials, mod/prism, mod/placebo, mod/fastfurnace, mod/lootintegrations, mod/bookshelf, mod/sophisticatedbackpacks, mod/ends_delight, mod/bettercopper, mod/mcwdoors, mod/animalgarden_whiterhinoceros, mod/lootintegrations_structory, mod/carryon, mod/sodiumoptionsapi, mod/melody, mod/baguettelib, mod/fzzy_config, mod/particle_core, mod/fabric_api,forgified_fabric_api, mod/trenzalore, mod/konkrete, mod/rsinfinitybooster, mod/create_connected, mod/chipped, mod/mcwbridges, mod/customizableelytra, mod/ambientsounds, mod/recepiesfromjoe, mod/jearchaeology, mod/fabric_api_lookup_api_v1, mod/chunky, mod/twilight_forest_final_boss, mod/mcwbiomesoplenty, mod/addonslib, mod/copperdeco, mod/spyglass_improvements, mod/elevatorid, mod/watervision, mod/create_hypertube, mod/starterkit, mod/aiimprovements, mod/cupboard, mod/ars_ocultas, mod/framework, mod/observable, mod/cosmeticarmoursmod, mod/fabric_key_binding_api_v1, mod/fabric_transfer_api_v1, mod/copycats, mod/fabric_resource_loader_v0, mod/create_winery, mod/animalgarden_meerkat, mod/mcwpaintings, mod/clumps, mod/artifacts, mod/hiddennames, mod/escalated, mod/txnilib, mod/ixeris, mod/selfexpression, mod/occultengineering, mod/occultism, mod/apothic_spawners, mod/mysterious_mountain_lib, mod/fabric_blockrenderlayer_v1, mod/another_furniture, mod/creativecore, mod/waterframes, mod/ftbjeiextras, mod/easy_npc_bundle, mod/animalgarden_spottedhyena, mod/easy_villagers, mod/arcadia_lib, mod/arcadia_spawn, mod/arcadia_pets, mod/mes, mod/fastbench, mod/fabric_gametest_api_v1, mod/fluxnetworks, mod/irons_spellbooks, mod/fabric_biome_api_v1, mod/buildinggadgets2, mod/fancymenu, mod/ferritecore, mod/arcadia_ah, mod/justzoom, mod/charmofundying, mod/betterf3, mod/create_enchantment_industry, mod/exposure_polaroid, mod/create_structures_arise, mod/createaddition, mod/man_of_many_planes, mod/supermartijn642configlib, mod/sodiumextras, mod/animalgarden_sugarglider, mod/playeranimator, mod/animalgarden_seaotter, mod/animalgarden_westerngorilla, mod/javd, mod/mcwwindows, mod/aquaculturedelight, mod/create_jetpack, mod/arcadialootbox, mod/sound_physics_remastered, mod/fabric_convention_tags_v1, mod/dustydecorations, mod/fabric_convention_tags_v2, mod/resourcepackoverrides, mod/animalgarden_commonraven, mod/guardvillagers, mod/animalgarden_owl, mod/statuemenus, mod/balm, mod/fabric_screen_api_v1, mod/prickle, mod/jeresources, mod/chat_heads, mod/animalgarden_porcupine, mod/emojiful, mod/athena, mod/create_oxidized, mod/torchmaster, mod/fabric_game_rule_api_v1, mod/chefsdelight, mod/irons_spells_js, mod/burgermod, mod/botanytrees, mod/mcwtrpdoors, mod/supermartijn642corelib, mod/apothic_attributes, mod/resourcefulconfig, mod/kjsbotanypots, mod/curios, mod/searchables, mod/offhandtickfix, mod/fabric_entity_events_v1, mod/worldedit, mod/sodiumoptionsmodcompat, mod/mcwfurnitures, mod/conditional_mixin, mod/apothic_enchanting, mod/apotheosis, mod/arcadiaadminpanel, mod/flightlib, mod/unilib, mod/jadeaddons, mod/tfbr, mod/infiniverse, mod/anvilcore, mod/apothic_sups_enchanting, mod/elytraslot, mod/createnuclear, mod/mowziesmobs, mod/doubledoors, mod/kubejstweaks, mod/revive_me, mod/sodiumleafculling, mod/fabric_model_loading_api_v1, mod/jei, mod/pehkui, mod/configlibtxf, mod/mekanism, mod/mekanismgenerators, mod/invtweaks, mod/fabric_rendering_v1, mod/fabric_renderer_indigo, mod/kubejsarsnouveau, mod/naturescompass, mod/strawstatues, mod/glitchcore, mod/biomesoplenty, mod/solonion, mod/cratedelight, mod/dungeons_arise_seven_seas, mod/mechanical_botany, mod/logbegone, mod/mcwpaths, mod/drippyloadingscreen, mod/fabric_api_base, mod/mousetweaks, mod/bettercombat, mod/immersiveengineering, mod/createoreexcavation, mod/nochatreports, mod/arcadia_prestige, mod/animalgarden_manatee, mod/knightquest, mod/does_it_tick, mod/spectrelib, mod/createendertransmission, mod/invocore, mod/aeroblender, mod/create_aquatic_ambitions, mod/cosmeticweaponsmod, mod/kotlinforforge, mod/mmv, mod/construction_blocks, mod/ecologics, mod/itemcollectors, mod/fabric_item_group_api_v1, mod/dragondropselytra, mod/polymorph, mod/rspolymorph, mod/l2core, mod/entityculling, mod/cable_facades, mod/cosmeticcorpsecompat, mod/oceansdelight, mod/fabric_recipe_api_v1, mod/connectedglass, mod/animalgarden_alligatorgar, mod/selfexpression_new_edge, mod/puzzleslib, mod/aquaculture, mod/refinedstorage_jei_integration, mod/mns, mod/fabric_sound_api_v1, mod/worldedithangfix, mod/xpbook, mod/cristellib, mod/easy_npc, mod/easy_npc_config_ui, mod/create_things_and_misc, mod/refinedstorage_quartz_arsenal, mod/netherportalfix, mod/geckolib, mod/ars_nouveau, mod/sauce, mod/ars_technica, mod/ars_additions, mod/recipeessentials, mod/aether, mod/deep_aether, mod/connectivity, mod/exposure_catalog, mod/immersive_aircraft, mod/controlling, mod/fabric_data_attachment_api_v1, mod/storagedelight, mod/numismatics, mod/jeed, mod/nuggets, mod/refinedstorage_mekanism_integration, mod/dg_js, mod/dummmmmmy, mod/fabric_content_registries_v0, mod/twilightforest, mod/farmersdelight, mod/mynethersdelight, mod/corn_delight, mod/arsdelight, mod/twilightdelight, mod/cuisinedelight, mod/culturaldelights, mod/createfood, mod/createframed, mod/anvianslib, mod/endersdelight, mod/create_ultimate_factory, mod/mcwfences, mod/colorfulhearts, mod/modelfix, mod/patchouli, mod/underground_village, mod/suppsquared, mod/sophisticatedstoragecreateintegration, mod/collective, mod/simplehats, mod/create_cuisine, mod/betterthirdperson, mod/resourcefullib, mod/trailandtales_delight, mod/mekanismtools, mod/lootjs, mod/deeperdarker, mod/architectury, mod/hellish_trials, mod/simplytooltips, mod/simplyswords, mod/betterarcheology, mod/ftblibrary, mod/ftbfiltersystem, mod/ftbteams, mod/ftbchunks, mod/jamlib, mod/rightclickharvest, mod/ftbquests, mod/farmersknives, mod/aether_villages, mod/rch_supplementaries_compat, mod/computercraft, mod/fabric_loot_api_v2, mod/animalgarden_mouse, mod/fabric_loot_api_v3, mod/refurbished_furniture, mod/trashcans, mod/moogs_structures, mod/fabric_networking_api_v1, mod/letmedespawn, mod/yeetusexperimentus, mod/voidtotem, mod/fabric_lifecycle_events_v1, mod/craftpresence, mod/rhino, mod/kubejs, mod/ftbxmodcompat, mod/occultism_kubejs, mod/createcasing, mod/mechanicals, mod/kubejs_mekanism, mod/kubejsdelight, mod/owo, mod/watermedia_youtube_plugin, mod/trashslot, mod/amendments, mod/sophisticatedstorage, mod/octolib, mod/mss, mod/trender, mod/animalgarden_bullshark, mod/create_copper_and_zinc, mod/waystones, mod/structory, mod/fncct, mod/fastsuite, mod/create_ltab, mod/comforts, mod/charginggadgets, mod/knightlib, mod/create_confectionery, mod/particular, mod/farsight_view, mod/toofast, mod/tfmg, mod/fabric_transitive_access_wideners_v1, mod/enchdesc, mod/twilight_treehouses, mod/moonlight, mod/titanium, mod/jade, mod/fakedate, mod/twilight_additions, mod/selfexpression_romashka_edition, mod/chunkactivitytracker, mod/iceberg, mod/highlighter, mod/legendarytooltips, mod/advancementplaques, mod/itemborders, mod/yawp, mod/critterarmory, mod/create_sa, mod/barbequesdelight, mod/parcool, mod/immersive_paintings, mod/modonomicon, mod/screenshotclipboard, mod/coroutil, mod/mvs, mod/colorwheel, mod/flywheel, mod/ponder, mod/create, mod/dndecor, mod/create_waystones_recipes, mod/dndesires, mod/exposure_expanded, mod/kubejs_create, mod/arcadia_patch_create, mod/ars_creo, mod/create_dragons_plus, mod/create_integrated_farming, mod/creategoggles, mod/framedblocks, mod/sliceanddice, mod/pipeorgans, mod/create_central_kitchen, mod/create_mechanical_extruder, mod/better_lib, mod/placeable_food, mod/crabbersdelight, mod/expandability, mod/skinrestorer, mod/fabric_data_generation_api_v1, mod/fabric_events_interaction_v0, mod/sophisticatedstorageinmotion, moonlight:merged_pack, builtin/client/deep_aether_tooltips, twilightdelight:shader_compatible_fiery, supplementaries:darker_ropes, black_icons, builtin/aether_tooltips, file/hud.zip, KubeJS Virtual Resource Pack [Internal, assets], KubeJS Virtual Resource Pack [After Mods, assets], KubeJS File Resource Pack [assets], vanilla, KubeJS Virtual Resource Pack [Before Mods, assets], file/ArcadiaLanguages, visualworkbench:default_block_models, KubeJS Virtual Resource Pack [Last, assets]
[20Apr2026 18:10:49.319] [Render thread/ERROR] [net.minecraft.server.packs.AbstractPackResources/]: Couldn't load filter metadata
com.google.gson.JsonParseException: com.google.gson.stream.MalformedJsonException: Use JsonReader.setLenient(true) to accept malformed JSON at line 6 column 20 path $.pack.pack_format
	at TRANSFORMER/minecraft@1.21.1/net.minecraft.util.GsonHelper.fromNullableJson(GsonHelper.java:527) ~[client-1.21.1-20240808.144430-srg.jar%23631!/:?]
	at TRANSFORMER/minecraft@1.21.1/net.minecraft.util.GsonHelper.fromJson(GsonHelper.java:532) ~[client-1.21.1-20240808.144430-srg.jar%23631!/:?]
	at TRANSFORMER/minecraft@1.21.1/net.minecraft.util.GsonHelper.parse(GsonHelper.java:594) ~[client-1.21.1-20240808.144430-srg.jar%23631!/:?]
	at TRANSFORMER/minecraft@1.21.1/net.minecraft.util.GsonHelper.parse(GsonHelper.java:602) ~[client-1.21.1-20240808.144430-srg.jar%23631!/:?]
	at TRANSFORMER/minecraft@1.21.1/net.minecraft.server.packs.AbstractPackResources.getMetadataFromStream(AbstractPackResources.java:44) ~[client-1.21.1-20240808.144430-srg.jar%23631!/:?]
	at TRANSFORMER/minecraft@1.21.1/net.minecraft.server.packs.AbstractPackResources.getMetadataSection(AbstractPackResources.java:33) ~[client-1.21.1-20240808.144430-srg.jar%23631!/:?]
	at TRANSFORMER/minecraft@1.21.1/net.minecraft.server.packs.resources.MultiPackResourceManager.getPackFilterSection(MultiPackResourceManager.java:63) ~[client-1.21.1-20240808.144430-srg.jar%23631!/:?]
	at TRANSFORMER/minecraft@1.21.1/net.minecraft.server.packs.resources.MultiPackResourceManager.<init>(MultiPackResourceManager.java:30) ~[client-1.21.1-20240808.144430-srg.jar%23631!/:?]
	at TRANSFORMER/minecraft@1.21.1/net.minecraft.server.packs.resources.ReloadableResourceManager.createReload(ReloadableResourceManager.java:43) ~[client-1.21.1-20240808.144430-srg.jar%23631!/:?]
	at TRANSFORMER/minecraft@1.21.1/net.minecraft.client.Minecraft.<init>(Minecraft.java:618) ~[client-1.21.1-20240808.144430-srg.jar%23631!/:?]
	at java.base/java.lang.Thread.run(Unknown Source) [?:?]
Caused by: com.google.gson.stream.MalformedJsonException: Use JsonReader.setLenient(true) to accept malformed JSON at line 6 column 20 path $.pack.pack_format
	at MC-BOOTSTRAP/com.google.gson@2.10.1/com.google.gson.stream.JsonReader.syntaxError(JsonReader.java:1659) ~[gson-2.10.1.jar%23142!/:?]
	at MC-BOOTSTRAP/com.google.gson@2.10.1/com.google.gson.stream.JsonReader.checkLenient(JsonReader.java:1465) ~[gson-2.10.1.jar%23142!/:?]
	at MC-BOOTSTRAP/com.google.gson@2.10.1/com.google.gson.stream.JsonReader.doPeek(JsonReader.java:602) ~[gson-2.10.1.jar%23142!/:?]
	at MC-BOOTSTRAP/com.google.gson@2.10.1/com.google.gson.stream.JsonReader.peek(JsonReader.java:433) ~[gson-2.10.1.jar%23142!/:?]
	at MC-BOOTSTRAP/com.google.gson@2.10.1/com.google.gson.internal.bind.TypeAdapters$28.read(TypeAdapters.java:786) ~[gson-2.10.1.jar%23142!/:?]
	at MC-BOOTSTRAP/com.google.gson@2.10.1/com.google.gson.internal.bind.TypeAdapters$28.read(TypeAdapters.java:725) ~[gson-2.10.1.jar%23142!/:?]
	at MC-BOOTSTRAP/com.google.gson@2.10.1/com.google.gson.internal.bind.TypeAdapters$34$1.read(TypeAdapters.java:1007) ~[gson-2.10.1.jar%23142!/:?]
	at TRANSFORMER/minecraft@1.21.1/net.minecraft.util.GsonHelper.fromNullableJson(GsonHelper.java:525) ~[client-1.21.1-20240808.144430-srg.jar%23631!/:?]
	... 10 more
[20Apr2026 18:10:49.341] [Render thread/INFO] [de.keksuccino.fancymenu.customization.ScreenCustomization/]: [FANCYMENU] Initializing screen customization engine! Addons should NOT REGISTER TO REGISTRIES anymore now!
[20Apr2026 18:10:49.350] [Worker-ResourceReload-0/INFO] [Moonlight/]: Resource cache state for CLIENT_RESOURCES: up to date
[20Apr2026 18:10:49.372] [Worker-ResourceReload-0/INFO] [Moonlight/]: Populated search tree for pack at C:\Users\Jimmy\curseforge\minecraft\Instances\Arcadia V2\dynamic-resource-pack-cache\suppsquared-dynamic_assets in 19.72 ms
[20Apr2026 18:10:49.394] [Worker-ResourceReload-0/INFO] [Moonlight/]: Populated search tree for pack at C:\Users\Jimmy\curseforge\minecraft\Instances\Arcadia V2\dynamic-resource-pack-cache\supplementaries-generated_pack in 20.78 ms
[20Apr2026 18:10:49.418] [Worker-ResourceReload-0/INFO] [Moonlight/]: Populated search tree for pack at C:\Users\Jimmy\curseforge\minecraft\Instances\Arcadia V2\dynamic-resource-pack-cache\amendments-generated_pack in 24.93 ms
[20Apr2026 18:10:49.420] [Worker-ResourceReload-0/INFO] [Moonlight/]: Starting runtime resource generation for pack type CLIENT_RESOURCES with generators [moonlight:dynamic_resources, suppsquared:dynamic_assets, supplementaries:generated_pack, amendments:generated_pack]
[20Apr2026 18:10:49.445] [Worker-ResourceReload-0/ERROR] [net.minecraft.server.packs.AbstractPackResources/]: Couldn't load filter metadata
com.google.gson.JsonParseException: com.google.gson.stream.MalformedJsonException: Use JsonReader.setLenient(true) to accept malformed JSON at line 6 column 20 path $.pack.pack_format
	at TRANSFORMER/minecraft@1.21.1/net.minecraft.util.GsonHelper.fromNullableJson(GsonHelper.java:527) ~[client-1.21.1-20240808.144430-srg.jar%23631!/:?]
	at TRANSFORMER/minecraft@1.21.1/net.minecraft.util.GsonHelper.fromJson(GsonHelper.java:532) ~[client-1.21.1-20240808.144430-srg.jar%23631!/:?]
	at TRANSFORMER/minecraft@1.21.1/net.minecraft.util.GsonHelper.parse(GsonHelper.java:594) ~[client-1.21.1-20240808.144430-srg.jar%23631!/:?]
	at TRANSFORMER/minecraft@1.21.1/net.minecraft.util.GsonHelper.parse(GsonHelper.java:602) ~[client-1.21.1-20240808.144430-srg.jar%23631!/:?]
	at TRANSFORMER/minecraft@1.21.1/net.minecraft.server.packs.AbstractPackResources.getMetadataFromStream(AbstractPackResources.java:44) ~[client-1.21.1-20240808.144430-srg.jar%23631!/:?]
	at TRANSFORMER/minecraft@1.21.1/net.minecraft.server.packs.AbstractPackResources.getMetadataSection(AbstractPackResources.java:33) ~[client-1.21.1-20240808.144430-srg.jar%23631!/:?]
	at TRANSFORMER/minecraft@1.21.1/net.minecraft.server.packs.resources.MultiPackResourceManager.getPackFilterSection(MultiPackResourceManager.java:63) ~[client-1.21.1-20240808.144430-srg.jar%23631!/:?]
	at TRANSFORMER/minecraft@1.21.1/net.minecraft.server.packs.resources.MultiPackResourceManager.<init>(MultiPackResourceManager.java:30) ~[client-1.21.1-20240808.144430-srg.jar%23631!/:?]
	at TRANSFORMER/moonlight@1.21-2.29.32/net.mehvahdjukaar.moonlight.core.misc.FilteredResManager.<init>(FilteredResManager.java:22) ~[moonlight-1.21-2.29.32-neoforge.jar%23937!/:?]
	at TRANSFORMER/moonlight@1.21-2.29.32/net.mehvahdjukaar.moonlight.core.misc.FilteredResManager.including(FilteredResManager.java:31) ~[moonlight-1.21-2.29.32-neoforge.jar%23937!/:?]
	at TRANSFORMER/moonlight@1.21-2.29.32/net.mehvahdjukaar.moonlight.core.misc.FilteredResManager.vanilla(FilteredResManager.java:59) ~[moonlight-1.21-2.29.32-neoforge.jar%23937!/:?]
	at TRANSFORMER/moonlight@1.21-2.29.32/net.mehvahdjukaar.moonlight.core.pack.DynamicResourcesInternals.lambda$init$2(DynamicResourcesInternals.java:102) ~[moonlight-1.21-2.29.32-neoforge.jar%23937!/:?]
	at TRANSFORMER/moonlight@1.21-2.29.32/net.mehvahdjukaar.moonlight.api.events.neoforge.MoonlightEventsHelperImpl.lambda$postEvent$5(MoonlightEventsHelperImpl.java:43) ~[moonlight-1.21-2.29.32-neoforge.jar%23937!/:?]
	at java.base/java.util.concurrent.ConcurrentLinkedDeque.forEach(Unknown Source) ~[?:?]
	at TRANSFORMER/moonlight@1.21-2.29.32/net.mehvahdjukaar.moonlight.api.events.neoforge.MoonlightEventsHelperImpl.postEvent(MoonlightEventsHelperImpl.java:43) ~[moonlight-1.21-2.29.32-neoforge.jar%23937!/:?]
	at TRANSFORMER/moonlight@1.21-2.29.32/net.mehvahdjukaar.moonlight.api.events.MoonlightEventsHelper.postEvent(MoonlightEventsHelper.java) ~[moonlight-1.21-2.29.32-neoforge.jar%23937!/:?]
	at TRANSFORMER/moonlight@1.21-2.29.32/net.mehvahdjukaar.moonlight.core.misc.ReloadInstanceWrapper.executeEarlyReloadBlocking(ReloadInstanceWrapper.java:29) ~[moonlight-1.21-2.29.32-neoforge.jar%23937!/:?]
	at TRANSFORMER/moonlight@1.21-2.29.32/net.mehvahdjukaar.moonlight.core.misc.ReloadInstanceWrapper.lambda$new$0(ReloadInstanceWrapper.java:44) ~[moonlight-1.21-2.29.32-neoforge.jar%23937!/:?]
	at java.base/java.util.concurrent.CompletableFuture$AsyncSupply.run(Unknown Source) [?:?]
	at java.base/java.util.concurrent.CompletableFuture$AsyncSupply.exec(Unknown Source) [?:?]
	at java.base/java.util.concurrent.ForkJoinTask.doExec(Unknown Source) [?:?]
	at java.base/java.util.concurrent.ForkJoinPool$WorkQueue.topLevelExec(Unknown Source) [?:?]
	at java.base/java.util.concurrent.ForkJoinPool.scan(Unknown Source) [?:?]
	at java.base/java.util.concurrent.ForkJoinPool.runWorker(Unknown Source) [?:?]
	at java.base/java.util.concurrent.ForkJoinWorkerThread.run(Unknown Source) [?:?]
Caused by: com.google.gson.stream.MalformedJsonException: Use JsonReader.setLenient(true) to accept malformed JSON at line 6 column 20 path $.pack.pack_format
	at MC-BOOTSTRAP/com.google.gson@2.10.1/com.google.gson.stream.JsonReader.syntaxError(JsonReader.java:1659) ~[gson-2.10.1.jar%23142!/:?]
	at MC-BOOTSTRAP/com.google.gson@2.10.1/com.google.gson.stream.JsonReader.checkLenient(JsonReader.java:1465) ~[gson-2.10.1.jar%23142!/:?]
	at MC-BOOTSTRAP/com.google.gson@2.10.1/com.google.gson.stream.JsonReader.doPeek(JsonReader.java:602) ~[gson-2.10.1.jar%23142!/:?]
	at MC-BOOTSTRAP/com.google.gson@2.10.1/com.google.gson.stream.JsonReader.peek(JsonReader.java:433) ~[gson-2.10.1.jar%23142!/:?]
	at MC-BOOTSTRAP/com.google.gson@2.10.1/com.google.gson.internal.bind.TypeAdapters$28.read(TypeAdapters.java:786) ~[gson-2.10.1.jar%23142!/:?]
	at MC-BOOTSTRAP/com.google.gson@2.10.1/com.google.gson.internal.bind.TypeAdapters$28.read(TypeAdapters.java:725) ~[gson-2.10.1.jar%23142!/:?]
	at MC-BOOTSTRAP/com.google.gson@2.10.1/com.google.gson.internal.bind.TypeAdapters$34$1.read(TypeAdapters.java:1007) ~[gson-2.10.1.jar%23142!/:?]
	at TRANSFORMER/minecraft@1.21.1/net.minecraft.util.GsonHelper.fromNullableJson(GsonHelper.java:525) ~[client-1.21.1-20240808.144430-srg.jar%23631!/:?]
	... 24 more
[20Apr2026 18:10:49.460] [Worker-ResourceReload-0/INFO] [Moonlight/]: Regenerating Dynamic CLIENT_RESOURCES Resources Provider [moonlight:dynamic_resources], requested by strategy REGEN_ON_EVERY_RELOAD
[20Apr2026 18:10:49.466] [Worker-ResourceReload-0/INFO] [Moonlight/]: Generated runtime CLIENT_RESOURCES for pack moonlight:dynamic_resources in 5.693 ms
[20Apr2026 18:10:49.466] [Worker-ResourceReload-0/INFO] [Moonlight/]: Skipping regeneration for Dynamic CLIENT_RESOURCES Resources Provider [suppsquared:dynamic_assets] (cache up-to-date)
[20Apr2026 18:10:49.468] [Worker-ResourceReload-0/INFO] [Moonlight/]: Skipping regeneration for Dynamic CLIENT_RESOURCES Resources Provider [supplementaries:generated_pack] (cache up-to-date)
[20Apr2026 18:10:49.488] [Worker-ResourceReload-0/INFO] [Moonlight/]: Skipping regeneration for Dynamic CLIENT_RESOURCES Resources Provider [amendments:generated_pack] (cache up-to-date)
[20Apr2026 18:10:49.488] [Worker-ResourceReload-0/INFO] [Moonlight/]: Finished runtime resources generation for 4 packs in a total of 69.28 ms 
[20Apr2026 18:10:49.716] [Render thread/INFO] [net.minecraft.client.gui.screens.LoadingOverlay/]: [DRIPPY LOADING SCREEN] Initializing fonts for text rendering..
[20Apr2026 18:10:49.718] [Render thread/INFO] [de.keksuccino.fancymenu.customization.layer.ScreenCustomizationLayerHandler/]: [FANCYMENU] ScreenCustomizationLayer registered: drippy_loading_overlay
[20Apr2026 18:10:49.821] [Render thread/INFO] [de.keksuccino.fancymenu.FancyMenu/]: [FANCYMENU] Starting late client initialization phase..
[20Apr2026 18:10:49.851] [Render thread/INFO] [de.keksuccino.fancymenu.util.window.WindowHandler/]: [FANCYMENU] Custom window icon successfully updated!
[20Apr2026 18:10:49.882] [Render thread/INFO] [de.keksuccino.konkrete.Konkrete/]: [KONKRETE] Client-side modules initialized and ready to use!
[20Apr2026 18:10:50.160] [Render thread/INFO] [KubeJS Client/]: Client resource reload complete!
[20Apr2026 18:10:50.306] [Worker-ResourceReload-1/WARN] [GeckoLib/]: Found animation file with improper file name format; animation files should end in .animation.json: 'ars_nouveau:animations/agronomic_sourcelink_animation.json'
[20Apr2026 18:10:50.320] [Worker-ResourceReload-13/WARN] [GeckoLib/]: Found animation file with improper file name format; animation files should end in .animation.json: 'ars_nouveau:animations/alchemical_sourcelink_animation.json'
[20Apr2026 18:10:50.329] [NeoForge Version Check/INFO] [net.neoforged.fml.VersionChecker/]: [mcwstairs] Starting version check at https://raw.githubusercontent.com/sketchmacaw/macawsmods/master/stairs.json
[20Apr2026 18:10:50.337] [Worker-ResourceReload-9/INFO] [voicechat/]: [voicechat] Compatibility version 20
[20Apr2026 18:10:50.369] [Worker-ResourceReload-10/ERROR] [net.minecraft.Util/]: Invalid path in pack: pipeorgans:sounds/prestant/090-f#.wav, ignoring
[20Apr2026 18:10:50.403] [Worker-ResourceReload-10/WARN] [net.minecraft.client.sounds.SoundManager/]: File design_decor:sounds/large_chain/break1.ogg does not exist, cannot add it to event dndecor:large_chain_break
[20Apr2026 18:10:50.403] [Worker-ResourceReload-10/WARN] [net.minecraft.client.sounds.SoundManager/]: File design_decor:sounds/large_chain/break2.ogg does not exist, cannot add it to event dndecor:large_chain_break
[20Apr2026 18:10:50.403] [Worker-ResourceReload-10/WARN] [net.minecraft.client.sounds.SoundManager/]: File design_decor:sounds/large_chain/break3.ogg does not exist, cannot add it to event dndecor:large_chain_break
[20Apr2026 18:10:50.403] [Worker-ResourceReload-10/WARN] [net.minecraft.client.sounds.SoundManager/]: File design_decor:sounds/large_chain/break4.ogg does not exist, cannot add it to event dndecor:large_chain_break
[20Apr2026 18:10:50.403] [Worker-ResourceReload-10/WARN] [net.minecraft.client.sounds.SoundManager/]: File design_decor:sounds/large_chain/place1.ogg does not exist, cannot add it to event dndecor:large_chain_step
[20Apr2026 18:10:50.404] [Worker-ResourceReload-10/WARN] [net.minecraft.client.sounds.SoundManager/]: File design_decor:sounds/large_chain/place2.ogg does not exist, cannot add it to event dndecor:large_chain_step
[20Apr2026 18:10:50.404] [Worker-ResourceReload-10/WARN] [net.minecraft.client.sounds.SoundManager/]: File design_decor:sounds/large_chain/place3.ogg does not exist, cannot add it to event dndecor:large_chain_step
[20Apr2026 18:10:50.404] [Worker-ResourceReload-10/WARN] [net.minecraft.client.sounds.SoundManager/]: File design_decor:sounds/large_chain/place4.ogg does not exist, cannot add it to event dndecor:large_chain_step
[20Apr2026 18:10:50.404] [Worker-ResourceReload-10/WARN] [net.minecraft.client.sounds.SoundManager/]: File design_decor:sounds/large_chain/place5.ogg does not exist, cannot add it to event dndecor:large_chain_step
[20Apr2026 18:10:50.405] [Worker-ResourceReload-10/WARN] [net.minecraft.client.sounds.SoundManager/]: File design_decor:sounds/large_chain/place6.ogg does not exist, cannot add it to event dndecor:large_chain_step
[20Apr2026 18:10:50.405] [Worker-ResourceReload-10/WARN] [net.minecraft.client.sounds.SoundManager/]: File design_decor:sounds/large_chain/break1.ogg does not exist, cannot add it to event dndecor:large_chain_place
[20Apr2026 18:10:50.405] [Worker-ResourceReload-10/WARN] [net.minecraft.client.sounds.SoundManager/]: File design_decor:sounds/large_chain/break2.ogg does not exist, cannot add it to event dndecor:large_chain_place
[20Apr2026 18:10:50.405] [Worker-ResourceReload-10/WARN] [net.minecraft.client.sounds.SoundManager/]: File design_decor:sounds/large_chain/break3.ogg does not exist, cannot add it to event dndecor:large_chain_place
[20Apr2026 18:10:50.405] [Worker-ResourceReload-10/WARN] [net.minecraft.client.sounds.SoundManager/]: File design_decor:sounds/large_chain/break4.ogg does not exist, cannot add it to event dndecor:large_chain_place
[20Apr2026 18:10:50.405] [Worker-ResourceReload-10/WARN] [net.minecraft.client.sounds.SoundManager/]: File design_decor:sounds/large_chain/place1.ogg does not exist, cannot add it to event dndecor:large_chain_hit
[20Apr2026 18:10:50.405] [Worker-ResourceReload-10/WARN] [net.minecraft.client.sounds.SoundManager/]: File design_decor:sounds/large_chain/place2.ogg does not exist, cannot add it to event dndecor:large_chain_hit
[20Apr2026 18:10:50.405] [Worker-ResourceReload-10/WARN] [net.minecraft.client.sounds.SoundManager/]: File design_decor:sounds/large_chain/place3.ogg does not exist, cannot add it to event dndecor:large_chain_hit
[20Apr2026 18:10:50.405] [Worker-ResourceReload-10/WARN] [net.minecraft.client.sounds.SoundManager/]: File design_decor:sounds/large_chain/place4.ogg does not exist, cannot add it to event dndecor:large_chain_hit
[20Apr2026 18:10:50.405] [Worker-ResourceReload-10/WARN] [net.minecraft.client.sounds.SoundManager/]: File design_decor:sounds/large_chain/place5.ogg does not exist, cannot add it to event dndecor:large_chain_hit
[20Apr2026 18:10:50.405] [Worker-ResourceReload-10/WARN] [net.minecraft.client.sounds.SoundManager/]: File design_decor:sounds/large_chain/place6.ogg does not exist, cannot add it to event dndecor:large_chain_hit
[20Apr2026 18:10:50.405] [Worker-ResourceReload-10/WARN] [net.minecraft.client.sounds.SoundManager/]: File design_decor:sounds/large_chain/place1.ogg does not exist, cannot add it to event dndecor:large_chain_fall
[20Apr2026 18:10:50.405] [Worker-ResourceReload-10/WARN] [net.minecraft.client.sounds.SoundManager/]: File design_decor:sounds/large_chain/place2.ogg does not exist, cannot add it to event dndecor:large_chain_fall
[20Apr2026 18:10:50.405] [Worker-ResourceReload-10/WARN] [net.minecraft.client.sounds.SoundManager/]: File design_decor:sounds/large_chain/place3.ogg does not exist, cannot add it to event dndecor:large_chain_fall
[20Apr2026 18:10:50.405] [Worker-ResourceReload-10/WARN] [net.minecraft.client.sounds.SoundManager/]: File design_decor:sounds/large_chain/place4.ogg does not exist, cannot add it to event dndecor:large_chain_fall
[20Apr2026 18:10:50.405] [Worker-ResourceReload-10/WARN] [net.minecraft.client.sounds.SoundManager/]: File design_decor:sounds/large_chain/place5.ogg does not exist, cannot add it to event dndecor:large_chain_fall
[20Apr2026 18:10:50.405] [Worker-ResourceReload-10/WARN] [net.minecraft.client.sounds.SoundManager/]: File design_decor:sounds/large_chain/place6.ogg does not exist, cannot add it to event dndecor:large_chain_fall
[20Apr2026 18:10:50.463] [NeoForge Version Check/INFO] [net.neoforged.fml.VersionChecker/]: [mcwstairs] Found status: UP_TO_DATE Current: 1.0.2 Target: null
[20Apr2026 18:10:50.463] [NeoForge Version Check/INFO] [net.neoforged.fml.VersionChecker/]: [pickupnotifier] Starting version check at https://raw.githubusercontent.com/Fuzss/modresources/main/update/pickupnotifier.json
[20Apr2026 18:10:50.484] [NeoForge Version Check/INFO] [net.neoforged.fml.VersionChecker/]: [pickupnotifier] Found status: UP_TO_DATE Current: 21.1.1 Target: null
[20Apr2026 18:10:50.485] [NeoForge Version Check/INFO] [net.neoforged.fml.VersionChecker/]: [corpse] Starting version check at https://update.maxhenkel.de/neoforge/corpse
[20Apr2026 18:10:50.509] [Worker-ResourceReload-10/WARN] [net.minecraft.client.sounds.SoundManager/]: File mmlib:sounds/presented_by_zaia.ogg does not exist, cannot add it to event mysterious_mountain_lib:presented_by_zaia
[20Apr2026 18:10:50.550] [Worker-ResourceReload-10/WARN] [net.minecraft.client.sounds.SoundManager/]: File deep_aether:sounds/entity/eots/fight.ogg does not exist, cannot add it to event deep_aether:music.boss.eots
[20Apr2026 18:10:50.566] [Worker-ResourceReload-10/WARN] [net.minecraft.client.sounds.SoundManager/]: File arcadia:sounds/music.au_pactole.ogg does not exist, cannot add it to event arcadia:music.au_pactole
[20Apr2026 18:10:50.611] [Worker-ResourceReload-9/INFO] [voicechat/]: [voicechat] Loading plugins
[20Apr2026 18:10:50.634] [Worker-ResourceReload-6/WARN] [GeckoLib/]: Found animation file with improper file name format; animation files should end in .animation.json: 'ars_nouveau:animations/alteration_apparatus_animations.json'
[20Apr2026 18:10:50.634] [Worker-ResourceReload-3/WARN] [GeckoLib/]: Found animation file with improper file name format; animation files should end in .animation.json: 'ars_nouveau:animations/amethyst_golem_animations.json'
[20Apr2026 18:10:50.635] [Worker-ResourceReload-12/WARN] [GeckoLib/]: Found animation file with improper file name format; animation files should end in .animation.json: 'ars_nouveau:animations/animated_block_animations.json'
[20Apr2026 18:10:50.640] [Worker-ResourceReload-11/WARN] [GeckoLib/]: Found animation file with improper file name format; animation files should end in .animation.json: 'ars_technica:animations/animations_arcane_fusion.json'
[20Apr2026 18:10:50.650] [Worker-ResourceReload-9/INFO] [voicechat/]: [voicechat] Loaded 2 plugin(s)
[20Apr2026 18:10:50.651] [Worker-ResourceReload-9/INFO] [voicechat/]: [voicechat] Initializing plugins
[20Apr2026 18:10:50.661] [Worker-ResourceReload-10/WARN] [GeckoLib/]: Found animation file with improper file name format; animation files should end in .animation.json: 'ars_technica:animations/animations_arcane_hammer.json'
[20Apr2026 18:10:50.671] [NeoForge Version Check/INFO] [net.neoforged.fml.VersionChecker/]: [corpse] Found status: BETA Current: 1.21.1-1.1.13 Target: 1.21.1-1.1.13
[20Apr2026 18:10:50.671] [NeoForge Version Check/INFO] [net.neoforged.fml.VersionChecker/]: [advancednetherite] Starting version check at https://raw.githubusercontent.com/Autovw/ModUpdates/master/advancednetherite/update.json
[20Apr2026 18:10:50.678] [Worker-ResourceReload-8/INFO] [net.minecraft.client.gui.font.providers.UnihexProvider/]: Found unifont_all_no_pua-15.1.05.hex, loading
[20Apr2026 18:10:50.688] [Worker-ResourceReload-9/INFO] [Sound Physics - General/]: Initializing Simple Voice Chat integration
[20Apr2026 18:10:50.688] [NeoForge Version Check/INFO] [net.neoforged.fml.VersionChecker/]: [advancednetherite] Found status: BETA Current: 2.3.1 Target: 2.3.1
[20Apr2026 18:10:50.688] [Worker-ResourceReload-9/INFO] [voicechat/]: [voicechat] Initialized 2 plugin(s)
[20Apr2026 18:10:50.688] [NeoForge Version Check/INFO] [net.neoforged.fml.VersionChecker/]: [mcwroofs] Starting version check at https://raw.githubusercontent.com/sketchmacaw/macawsmods/master/roofs.json
[20Apr2026 18:10:50.690] [Worker-ResourceReload-13/WARN] [GeckoLib/]: Found animation file with improper file name format; animation files should end in .animation.json: 'ars_technica:animations/animations_arcane_polish.json'
[20Apr2026 18:10:50.690] [Worker-ResourceReload-1/WARN] [GeckoLib/]: Found animation file with improper file name format; animation files should end in .animation.json: 'ars_technica:animations/animations_arcane_press.json'
[20Apr2026 18:10:50.690] [Worker-ResourceReload-12/WARN] [GeckoLib/]: Found animation file with improper file name format; animation files should end in .animation.json: 'ars_technica:animations/animations_whirl.json'
[20Apr2026 18:10:50.690] [Worker-ResourceReload-11/WARN] [GeckoLib/]: Found animation file with improper file name format; animation files should end in .animation.json: 'ars_nouveau:animations/arcane_core_animations.json'
[20Apr2026 18:10:50.691] [Worker-ResourceReload-13/WARN] [GeckoLib/]: Found animation file with improper file name format; animation files should end in .animation.json: 'ars_nouveau:animations/arcane_pedestal_animations.json'
[20Apr2026 18:10:50.691] [Worker-ResourceReload-11/WARN] [GeckoLib/]: Found animation file with improper file name format; animation files should end in .animation.json: 'ars_nouveau:animations/basic_spell_turret_animations.json'
[20Apr2026 18:10:50.692] [Worker-ResourceReload-12/WARN] [GeckoLib/]: Found animation file with improper file name format; animation files should end in .animation.json: 'ars_nouveau:animations/book_wyrm_animation.json'
[20Apr2026 18:10:50.692] [Worker-ResourceReload-11/WARN] [GeckoLib/]: Found animation file with improper file name format; animation files should end in .animation.json: 'ars_nouveau:animations/book_wyrm_lectern_animations.json'
[20Apr2026 18:10:50.692] [Worker-ResourceReload-13/WARN] [GeckoLib/]: Found animation file with improper file name format; animation files should end in .animation.json: 'irons_spellbooks:animations/casting_animations.json'
[20Apr2026 18:10:50.692] [Worker-ResourceReload-1/WARN] [GeckoLib/]: Found animation file with improper file name format; animation files should end in .animation.json: 'ars_nouveau:animations/decor_blossom_animations.json'
[20Apr2026 18:10:50.694] [Worker-ResourceReload-1/WARN] [GeckoLib/]: Found animation file with improper file name format; animation files should end in .animation.json: 'ars_nouveau:animations/drygmy_animations.json'
[20Apr2026 18:10:50.697] [Worker-ResourceReload-9/INFO] [voicechat/]: [voicechat] Registering events for 'simple_voice_broadcast'
[20Apr2026 18:10:50.700] [Worker-ResourceReload-9/INFO] [voicechat/]: [voicechat] Registering events for 'sound_physics_remastered'
[20Apr2026 18:10:50.707] [NeoForge Version Check/INFO] [net.neoforged.fml.VersionChecker/]: [mcwroofs] Found status: UP_TO_DATE Current: 2.3.2 Target: null
[20Apr2026 18:10:50.707] [NeoForge Version Check/INFO] [net.neoforged.fml.VersionChecker/]: [mcwlights] Starting version check at https://raw.githubusercontent.com/sketchmacaw/macawsmods/master/lights.json
[20Apr2026 18:10:50.717] [Worker-ResourceReload-13/WARN] [GeckoLib/]: Found animation file with improper file name format; animation files should end in .animation.json: 'ars_nouveau:animations/empty.json'
[20Apr2026 18:10:50.725] [Worker-ResourceReload-14/INFO] [io.github.tofodroid.mods.mimi.common.MIMIMod/]: Opened Target Device: Haut-parleurs (Logitech PRO X Wireless Gaming Headset) (0)
[20Apr2026 18:10:50.727] [NeoForge Version Check/INFO] [net.neoforged.fml.VersionChecker/]: [mcwlights] Found status: UP_TO_DATE Current: 1.1.5 Target: null
[20Apr2026 18:10:50.727] [NeoForge Version Check/INFO] [net.neoforged.fml.VersionChecker/]: [mutantmonsters] Starting version check at https://raw.githubusercontent.com/Fuzss/modresources/main/update/mutantmonsters.json
[20Apr2026 18:10:50.744] [NeoForge Version Check/INFO] [net.neoforged.fml.VersionChecker/]: [mutantmonsters] Found status: UP_TO_DATE Current: 21.1.1 Target: null
[20Apr2026 18:10:50.745] [NeoForge Version Check/INFO] [net.neoforged.fml.VersionChecker/]: [watermedia] Starting version check at https://neoforge.curseupdate.com/869524/watermedia
[20Apr2026 18:10:50.817] [Render thread/INFO] [de.keksuccino.fancymenu.util.window.WindowHandler/]: [FANCYMENU] Custom window icon successfully updated!
[20Apr2026 18:10:50.818] [Worker-ResourceReload-6/WARN] [GeckoLib/]: Found animation file with improper file name format; animation files should end in .animation.json: 'ars_nouveau:animations/enchanting_apparatus_animations.json'
[20Apr2026 18:10:50.825] [Worker-ResourceReload-11/WARN] [GeckoLib/]: Found animation file with improper file name format; animation files should end in .animation.json: 'irons_spellbooks:animations/ice_block_animations.json'
[20Apr2026 18:10:50.825] [Worker-ResourceReload-11/WARN] [GeckoLib/]: Found animation file with improper file name format; animation files should end in .animation.json: 'ars_nouveau:animations/imbuement_chamber_animations.json'
[20Apr2026 18:10:50.828] [Worker-ResourceReload-6/WARN] [GeckoLib/]: Found animation file with improper file name format; animation files should end in .animation.json: 'ars_nouveau:animations/lily_animations.json'
[20Apr2026 18:10:50.828] [Worker-ResourceReload-10/WARN] [GeckoLib/]: Found animation file with improper file name format; animation files should end in .animation.json: 'ars_nouveau:animations/mana_splitter_animation.json'
[20Apr2026 18:10:50.828] [Worker-ResourceReload-1/WARN] [GeckoLib/]: Found animation file with improper file name format; animation files should end in .animation.json: 'ars_nouveau:animations/mana_relay_animation.json'
[20Apr2026 18:10:50.831] [Worker-ResourceReload-11/WARN] [GeckoLib/]: Found animation file with improper file name format; animation files should end in .animation.json: 'ars_nouveau:animations/nook_animation.json'
[20Apr2026 18:10:50.831] [Worker-ResourceReload-10/WARN] [GeckoLib/]: Found animation file with improper file name format; animation files should end in .animation.json: 'ars_nouveau:animations/potion_melder_animation.json'
[20Apr2026 18:10:50.831] [Worker-ResourceReload-2/WARN] [GeckoLib/]: Found animation file with improper file name format; animation files should end in .animation.json: 'ars_nouveau:animations/press_animations.json'
[20Apr2026 18:10:50.833] [Worker-ResourceReload-6/WARN] [GeckoLib/]: Found animation file with improper file name format; animation files should end in .animation.json: 'ars_nouveau:animations/redstone_relay_animations.json'
[20Apr2026 18:10:50.833] [Worker-ResourceReload-10/WARN] [GeckoLib/]: Found animation file with improper file name format; animation files should end in .animation.json: 'ars_nouveau:animations/ritual.json'
[20Apr2026 18:10:50.833] [Worker-ResourceReload-13/WARN] [GeckoLib/]: Found animation file with improper file name format; animation files should end in .animation.json: 'irons_spellbooks:animations/root_animations.json'
[20Apr2026 18:10:50.834] [Worker-ResourceReload-6/WARN] [GeckoLib/]: Found animation file with improper file name format; animation files should end in .animation.json: 'ars_nouveau:animations/rune.json'
[20Apr2026 18:10:50.834] [Worker-ResourceReload-11/WARN] [GeckoLib/]: Found animation file with improper file name format; animation files should end in .animation.json: 'ars_nouveau:animations/scribes_table_animations.json'
[20Apr2026 18:10:50.834] [Worker-ResourceReload-2/WARN] [GeckoLib/]: Found animation file with improper file name format; animation files should end in .animation.json: 'ars_nouveau:animations/scryers_eye_animation.json'
[20Apr2026 18:10:50.834] [Worker-ResourceReload-5/WARN] [GeckoLib/]: Found animation file with improper file name format; animation files should end in .animation.json: 'ars_nouveau:animations/source_collector_animations.json'
[20Apr2026 18:10:50.834] [Worker-ResourceReload-6/WARN] [GeckoLib/]: Found animation file with improper file name format; animation files should end in .animation.json: 'ars_nouveau:animations/source_deposit_animations.json'
[20Apr2026 18:10:50.835] [Worker-ResourceReload-13/WARN] [GeckoLib/]: Found animation file with improper file name format; animation files should end in .animation.json: 'ars_nouveau:animations/source_relay_animations.json'
[20Apr2026 18:10:50.835] [Worker-ResourceReload-2/WARN] [GeckoLib/]: Found animation file with improper file name format; animation files should end in .animation.json: 'ars_nouveau:animations/source_splitter_animations.json'
[20Apr2026 18:10:50.835] [Worker-ResourceReload-5/WARN] [GeckoLib/]: Found animation file with improper file name format; animation files should end in .animation.json: 'ars_nouveau:animations/source_warp_animations.json'
[20Apr2026 18:10:50.836] [Worker-ResourceReload-13/WARN] [GeckoLib/]: Found animation file with improper file name format; animation files should end in .animation.json: 'irons_spellbooks:animations/spectral_hammer.json'
[20Apr2026 18:10:50.836] [Worker-ResourceReload-2/WARN] [GeckoLib/]: Found animation file with improper file name format; animation files should end in .animation.json: 'ars_nouveau:animations/spell_turret_animations.json'
[20Apr2026 18:10:50.836] [Worker-ResourceReload-5/WARN] [GeckoLib/]: Found animation file with improper file name format; animation files should end in .animation.json: 'ars_nouveau:animations/spell_turret_timer_animations.json'
[20Apr2026 18:10:50.836] [Worker-ResourceReload-3/WARN] [GeckoLib/]: Found animation file with improper file name format; animation files should end in .animation.json: 'ars_nouveau:animations/starbuncle_animations.json'
[20Apr2026 18:10:50.836] [Worker-ResourceReload-11/WARN] [GeckoLib/]: Found animation file with improper file name format; animation files should end in .animation.json: 'ars_creo:animations/starbuncle_wheel_animation.json'
[20Apr2026 18:10:50.836] [Worker-ResourceReload-6/WARN] [GeckoLib/]: Found animation file with improper file name format; animation files should end in .animation.json: 'ars_nouveau:animations/spike_animations.json'
[20Apr2026 18:10:50.837] [Worker-ResourceReload-13/WARN] [GeckoLib/]: Found animation file with improper file name format; animation files should end in .animation.json: 'ars_nouveau:animations/storage_catalog_animations.json'
[20Apr2026 18:10:50.837] [Worker-ResourceReload-5/WARN] [GeckoLib/]: Found animation file with improper file name format; animation files should end in .animation.json: 'irons_spellbooks:animations/summoned_weapon_animations.json'
[20Apr2026 18:10:50.838] [Worker-ResourceReload-2/WARN] [GeckoLib/]: Found animation file with improper file name format; animation files should end in .animation.json: 'ars_nouveau:animations/vitalic_sourcelink_animation.json'
[20Apr2026 18:10:50.838] [Worker-ResourceReload-6/WARN] [GeckoLib/]: Found animation file with improper file name format; animation files should end in .animation.json: 'irons_spellbooks:animations/void_tentacle_animations.json'
[20Apr2026 18:10:50.838] [Worker-ResourceReload-5/WARN] [GeckoLib/]: Found animation file with improper file name format; animation files should end in .animation.json: 'ars_nouveau:animations/volcanic_sourcelink_animations.json'
[20Apr2026 18:10:50.838] [Worker-ResourceReload-2/WARN] [GeckoLib/]: Found animation file with improper file name format; animation files should end in .animation.json: 'ars_additions:animations/warp_nexus_animations.json'
[20Apr2026 18:10:50.838] [Worker-ResourceReload-3/WARN] [GeckoLib/]: Found animation file with improper file name format; animation files should end in .animation.json: 'ars_nouveau:animations/wand_animation.json'
[20Apr2026 18:10:50.838] [Worker-ResourceReload-5/WARN] [GeckoLib/]: Found animation file with improper file name format; animation files should end in .animation.json: 'ars_nouveau:animations/weald_waddler_animations.json'
[20Apr2026 18:10:50.838] [Worker-ResourceReload-2/WARN] [GeckoLib/]: Found animation file with improper file name format; animation files should end in .animation.json: 'ars_nouveau:animations/weald_walker_animations.json'
[20Apr2026 18:10:50.840] [Worker-ResourceReload-5/WARN] [GeckoLib/]: Found animation file with improper file name format; animation files should end in .animation.json: 'ars_nouveau:animations/whirlisprig_blossom_animations.json'
[20Apr2026 18:10:50.840] [Worker-ResourceReload-6/WARN] [GeckoLib/]: Found animation file with improper file name format; animation files should end in .animation.json: 'ars_nouveau:animations/whirlisprig_animations.json'
[20Apr2026 18:10:50.840] [Worker-ResourceReload-3/WARN] [GeckoLib/]: Found animation file with improper file name format; animation files should end in .animation.json: 'ars_nouveau:animations/wilden_chimera_animations.json'
[20Apr2026 18:10:50.841] [Worker-ResourceReload-2/WARN] [GeckoLib/]: Found animation file with improper file name format; animation files should end in .animation.json: 'ars_nouveau:animations/wilden_defender_animations.json'
[20Apr2026 18:10:50.841] [Worker-ResourceReload-5/WARN] [GeckoLib/]: Found animation file with improper file name format; animation files should end in .animation.json: 'ars_nouveau:animations/wilden_hunter_animations.json'
[20Apr2026 18:10:50.841] [Worker-ResourceReload-6/WARN] [GeckoLib/]: Found animation file with improper file name format; animation files should end in .animation.json: 'ars_nouveau:animations/wilden_stalker_animations.json'
[20Apr2026 18:10:50.841] [Worker-ResourceReload-5/WARN] [GeckoLib/]: Found animation file with improper file name format; animation files should end in .animation.json: 'ars_nouveau:animations/wixie_animations.json'
[20Apr2026 18:10:50.843] [Worker-ResourceReload-7/WARN] [GeckoLib/]: Found animation file with improper file name format; animation files should end in .animation.json: 'irons_lib:animations/wizard_armor_animation.json'
[20Apr2026 18:10:50.843] [Worker-ResourceReload-6/WARN] [GeckoLib/]: Found animation file with improper file name format; animation files should end in .animation.json: 'irons_spellbooks:animations/wizard_armor_animation.json'
[20Apr2026 18:10:50.852] [Thread-21/INFO] [Emojiful/]: Loaded 3881 emojis
[20Apr2026 18:10:50.859] [NeoForge Version Check/INFO] [net.neoforged.fml.VersionChecker/]: [watermedia] Found status: UP_TO_DATE Current: 2.1.37 Target: null
[20Apr2026 18:10:50.859] [NeoForge Version Check/INFO] [net.neoforged.fml.VersionChecker/]: [fancy_entity_renderer] Starting version check at https://api.modrinth.com/updates/fancy-entity-renderer/forge_updates.json
[20Apr2026 18:10:50.892] [Worker-ResourceReload-9/INFO] [Some More Blocks/]: onCommonSetup
[20Apr2026 18:10:50.928] [Worker-ResourceReload-4/ERROR] [dev.ftb.mods.ftblibrary.icon.EntityIconLoader/]: Entity artifacts:mimic is using legacy invisible texture, please update it to use the new system!
[20Apr2026 18:10:50.940] [Worker-ResourceReload-13/INFO] [colorwheel_patcher/]: No user config.json found
[20Apr2026 18:10:50.962] [Worker-ResourceReload-13/INFO] [colorwheel_patcher/]: Available patches: 6
[20Apr2026 18:10:50.963] [Worker-ResourceReload-13/INFO] [colorwheel_patcher/]:  - EuphoriaPatches [1.6.3, 1.6.4, 1.6.5, 1.6.6, 1.6.7, 1.6.8] (jar)
[20Apr2026 18:10:50.963] [Worker-ResourceReload-13/INFO] [colorwheel_patcher/]:  - Complementary [5.6, 5.6.1] (jar)
[20Apr2026 18:10:50.963] [Worker-ResourceReload-13/INFO] [colorwheel_patcher/]:  - rethinking-voxels [0.1-beta9] (jar)
[20Apr2026 18:10:50.964] [Worker-ResourceReload-13/INFO] [colorwheel_patcher/]:  - BSL [10.1] (jar)
[20Apr2026 18:10:50.964] [Worker-ResourceReload-13/INFO] [colorwheel_patcher/]:  - Bliss [2.1.1, 2.1.2] (jar)
[20Apr2026 18:10:50.964] [Worker-ResourceReload-13/INFO] [colorwheel_patcher/]:  - photon [1.3a] (jar)
[20Apr2026 18:10:50.979] [Worker-ResourceReload-13/INFO] [colorwheel_patcher/]: Existing base shaders: 13
[20Apr2026 18:10:50.982] [Worker-ResourceReload-13/INFO] [colorwheel_patcher/]:  - superDuperVanilla.zip []
[20Apr2026 18:10:50.982] [Worker-ResourceReload-13/INFO] [colorwheel_patcher/]:  - Just Colored Lighting.zip []
[20Apr2026 18:10:50.982] [Worker-ResourceReload-13/INFO] [colorwheel_patcher/]:  - ComplementaryUnbound.zip []
[20Apr2026 18:10:50.982] [Worker-ResourceReload-13/INFO] [colorwheel_patcher/]:  - ComplementaryReimagined.zip []
[20Apr2026 18:10:50.982] [Worker-ResourceReload-13/INFO] [colorwheel_patcher/]:  - MakeUp-UltraFast.zip []
[20Apr2026 18:10:50.982] [Worker-ResourceReload-13/INFO] [colorwheel_patcher/]:  - Bliss.zip []
[20Apr2026 18:10:50.982] [Worker-ResourceReload-13/INFO] [colorwheel_patcher/]:  - CursedFog.zip []
[20Apr2026 18:10:50.982] [Worker-ResourceReload-13/INFO] [colorwheel_patcher/]:  - Solas Shader.zip []
[20Apr2026 18:10:50.982] [Worker-ResourceReload-13/INFO] [colorwheel_patcher/]:  - SimplyUpscaled.zip []
[20Apr2026 18:10:50.984] [Worker-ResourceReload-13/INFO] [colorwheel_patcher/]:  - Nostalgia.zip []
[20Apr2026 18:10:50.984] [Worker-ResourceReload-13/INFO] [colorwheel_patcher/]:  - BSL.zip []
[20Apr2026 18:10:50.984] [Worker-ResourceReload-13/INFO] [colorwheel_patcher/]:  - UShader.zip []
[20Apr2026 18:10:50.984] [Worker-ResourceReload-13/INFO] [colorwheel_patcher/]:  - miniature-shader.zip []
[20Apr2026 18:10:50.991] [Worker-ResourceReload-13/INFO] [colorwheel_patcher/]: Could not find patch for superDuperVanilla.zip
[20Apr2026 18:10:50.991] [Worker-ResourceReload-13/INFO] [colorwheel_patcher/]: Could not find patch for Just Colored Lighting.zip
[20Apr2026 18:10:50.991] [Worker-ResourceReload-13/INFO] [colorwheel_patcher/]: Found patch 'Complementary' for ComplementaryUnbound.zip
[20Apr2026 18:10:50.991] [Worker-ResourceReload-13/INFO] [colorwheel_patcher/]: 'ComplementaryUnbound.zip' version is unknown or unsupported
[20Apr2026 18:10:50.992] [Worker-ResourceReload-13/INFO] [colorwheel_patcher/]: Found patch 'Complementary' for ComplementaryReimagined.zip
[20Apr2026 18:10:50.992] [Worker-ResourceReload-13/INFO] [colorwheel_patcher/]: 'ComplementaryReimagined.zip' version is unknown or unsupported
[20Apr2026 18:10:50.992] [Worker-ResourceReload-13/INFO] [colorwheel_patcher/]: Could not find patch for MakeUp-UltraFast.zip
[20Apr2026 18:10:50.992] [Worker-ResourceReload-13/INFO] [colorwheel_patcher/]: Found patch 'Bliss' for Bliss.zip
[20Apr2026 18:10:50.992] [Worker-ResourceReload-13/INFO] [colorwheel_patcher/]: 'Bliss.zip' version is unknown or unsupported
[20Apr2026 18:10:50.993] [Worker-ResourceReload-13/INFO] [colorwheel_patcher/]: Could not find patch for CursedFog.zip
[20Apr2026 18:10:50.993] [Worker-ResourceReload-13/INFO] [colorwheel_patcher/]: Could not find patch for Solas Shader.zip
[20Apr2026 18:10:50.993] [Worker-ResourceReload-13/INFO] [colorwheel_patcher/]: Could not find patch for SimplyUpscaled.zip
[20Apr2026 18:10:50.993] [Worker-ResourceReload-13/INFO] [colorwheel_patcher/]: Could not find patch for Nostalgia.zip
[20Apr2026 18:10:50.993] [Worker-ResourceReload-13/INFO] [colorwheel_patcher/]: Found patch 'BSL' for BSL.zip
[20Apr2026 18:10:50.993] [Worker-ResourceReload-13/INFO] [colorwheel_patcher/]: 'BSL.zip' version is unknown or unsupported
[20Apr2026 18:10:50.993] [Worker-ResourceReload-13/INFO] [colorwheel_patcher/]: Could not find patch for UShader.zip
[20Apr2026 18:10:50.993] [Worker-ResourceReload-13/INFO] [colorwheel_patcher/]: Could not find patch for miniature-shader.zip
[20Apr2026 18:10:51.001] [Worker-ResourceReload-13/INFO] [com.gpumemleakfix.Gpumemleakfix/]: gpumemleakfix mod initialized
[20Apr2026 18:10:51.002] [Worker-ResourceReload-13/INFO] [com.structureessentials.StructureEssentials/]: structureessentials mod initialized
[20Apr2026 18:10:51.021] [Worker-ResourceReload-5/INFO] [com.lootintegrations.LootintegrationsMod/]: lootintegrations mod initialized
[20Apr2026 18:10:51.138] [NeoForge Version Check/INFO] [net.neoforged.fml.VersionChecker/]: [fancy_entity_renderer] Found status: BETA Current: 0.4.4 Target: null
[20Apr2026 18:10:51.138] [NeoForge Version Check/INFO] [net.neoforged.fml.VersionChecker/]: [visualworkbench] Starting version check at https://raw.githubusercontent.com/Fuzss/modresources/main/update/visualworkbench.json
[20Apr2026 18:10:51.171] [NeoForge Version Check/INFO] [net.neoforged.fml.VersionChecker/]: [visualworkbench] Found status: UP_TO_DATE Current: 21.1.1 Target: null
[20Apr2026 18:10:51.171] [NeoForge Version Check/INFO] [net.neoforged.fml.VersionChecker/]: [attributefix] Starting version check at https://updates.blamejared.com/get?n=attributefix&gv=1.21.1&ml=neoforge
[20Apr2026 18:10:51.301] [Worker-ResourceReload-5/INFO] [fzzy_config/]: Loaded config immersive_paintings:common_config in 249ms
[20Apr2026 18:10:51.338] [Worker-ResourceReload-5/ERROR] [net.neoforged.fml.javafmlmod.FMLModContainer/]: Exception caught during firing event: null
	Index: 0
	Listeners:
		0: net.neoforged.bus.EventListenerFactory$setup/0x000002d646349000@7c5e41ef
java.lang.ExceptionInInitializerError
	at TRANSFORMER/immersive_paintings@0.7.6/net.conczin.immersive_paintings.Main.init(Main.java:23)
	at TRANSFORMER/immersive_paintings@0.7.6/net.conczin.immersive_paintings.neoforge.CommonNeoForge.setup(CommonNeoForge.java:31)
	at MC-BOOTSTRAP/net.neoforged.bus/net.neoforged.bus.EventBus.post(EventBus.java:360)
	at MC-BOOTSTRAP/net.neoforged.bus/net.neoforged.bus.EventBus.post(EventBus.java:328)
	at MC-BOOTSTRAP/fml_loader@4.0.42/net.neoforged.fml.ModContainer.acceptEvent(ModContainer.java:158)
	at MC-BOOTSTRAP/fml_loader@4.0.42/net.neoforged.fml.ModLoader.lambda$dispatchParallelEvent$4(ModLoader.java:172)
	at MC-BOOTSTRAP/fml_loader@4.0.42/net.neoforged.fml.ModLoader.lambda$dispatchParallelTask$7(ModLoader.java:231)
	at java.base/java.util.concurrent.CompletableFuture.uniHandle(Unknown Source)
	at java.base/java.util.concurrent.CompletableFuture$UniHandle.tryFire(Unknown Source)
	at java.base/java.util.concurrent.CompletableFuture$Completion.exec(Unknown Source)
	at java.base/java.util.concurrent.ForkJoinTask.doExec(Unknown Source)
	at java.base/java.util.concurrent.ForkJoinPool$WorkQueue.topLevelExec(Unknown Source)
	at java.base/java.util.concurrent.ForkJoinPool.scan(Unknown Source)
	at java.base/java.util.concurrent.ForkJoinPool.runWorker(Unknown Source)
	at java.base/java.util.concurrent.ForkJoinWorkerThread.run(Unknown Source)
Caused by: java.nio.file.ClosedWatchServiceException
	at java.base/sun.nio.fs.AbstractPoller.invoke(Unknown Source)
	at java.base/sun.nio.fs.AbstractPoller.register(Unknown Source)
	at java.base/sun.nio.fs.WindowsWatchService.register(Unknown Source)
	at java.base/sun.nio.fs.WindowsPath.register(Unknown Source)
	at java.base/java.nio.file.Path.register(Unknown Source)
	at TRANSFORMER/fzzy_config@0.7.6+1.21+neoforge/me.fzzyhmstrs.fzzy_config.util.ThreadingUtils.register(ThreadingUtils.kt:158)
	at TRANSFORMER/fzzy_config@0.7.6+1.21+neoforge/me.fzzyhmstrs.fzzy_config.registry.SyncedConfigRegistry.registerConfig$fzzy_config(SyncedConfigRegistry.kt:383)
	at TRANSFORMER/fzzy_config@0.7.6+1.21+neoforge/me.fzzyhmstrs.fzzy_config.impl.ConfigApiImpl.registerBoth(ConfigApiImpl.kt:165)
	at TRANSFORMER/fzzy_config@0.7.6+1.21+neoforge/me.fzzyhmstrs.fzzy_config.impl.ConfigApiImpl.registerAndLoadBoth(ConfigApiImpl.kt:188)
	at TRANSFORMER/fzzy_config@0.7.6+1.21+neoforge/me.fzzyhmstrs.fzzy_config.impl.ConfigApiImpl.registerAndLoadConfig$fzzy_config(ConfigApiImpl.kt:182)
	at TRANSFORMER/fzzy_config@0.7.6+1.21+neoforge/me.fzzyhmstrs.fzzy_config.impl.ConfigApiImpl.registerAndLoadConfig$fzzy_config$default(ConfigApiImpl.kt:180)
	at TRANSFORMER/fzzy_config@0.7.6+1.21+neoforge/me.fzzyhmstrs.fzzy_config.api.ConfigApi.registerAndLoadConfig(ConfigApi.kt:136)
	at TRANSFORMER/fzzy_config@0.7.6+1.21+neoforge/me.fzzyhmstrs.fzzy_config.api.ConfigApiJava.registerAndLoadConfig(ConfigApiJava.kt:90)
	at TRANSFORMER/immersive_paintings@0.7.6/net.conczin.immersive_paintings.registration.Configs.register(Configs.java:23)
	at TRANSFORMER/immersive_paintings@0.7.6/net.conczin.immersive_paintings.registration.Configs.<clinit>(Configs.java:15)
	... 15 more

[20Apr2026 18:10:51.348] [Worker-ResourceReload-5/ERROR] [net.neoforged.fml.ModContainer/LOADING]: Caught exception during event FMLCommonSetupEvent dispatch for modid immersive_paintings
java.lang.ExceptionInInitializerError: null
	at TRANSFORMER/immersive_paintings@0.7.6/net.conczin.immersive_paintings.Main.init(Main.java:23) ~[immersive_paintings-neoforge-1.21.1-0.7.6.jar%23863!/:0.7.6]
	at TRANSFORMER/immersive_paintings@0.7.6/net.conczin.immersive_paintings.neoforge.CommonNeoForge.setup(CommonNeoForge.java:31) ~[immersive_paintings-neoforge-1.21.1-0.7.6.jar%23863!/:0.7.6]
	at MC-BOOTSTRAP/net.neoforged.bus/net.neoforged.bus.EventBus.post(EventBus.java:360) ~[bus-8.0.5.jar%23110!/:?]
	at MC-BOOTSTRAP/net.neoforged.bus/net.neoforged.bus.EventBus.post(EventBus.java:328) ~[bus-8.0.5.jar%23110!/:?]
	at MC-BOOTSTRAP/fml_loader@4.0.42/net.neoforged.fml.ModContainer.acceptEvent(ModContainer.java:158) ~[loader-4.0.42.jar%23107!/:4.0]
	at MC-BOOTSTRAP/fml_loader@4.0.42/net.neoforged.fml.ModLoader.lambda$dispatchParallelEvent$4(ModLoader.java:172) ~[loader-4.0.42.jar%23107!/:4.0]
	at MC-BOOTSTRAP/fml_loader@4.0.42/net.neoforged.fml.ModLoader.lambda$dispatchParallelTask$7(ModLoader.java:231) ~[loader-4.0.42.jar%23107!/:4.0]
	at java.base/java.util.concurrent.CompletableFuture.uniHandle(Unknown Source) [?:?]
	at java.base/java.util.concurrent.CompletableFuture$UniHandle.tryFire(Unknown Source) [?:?]
	at java.base/java.util.concurrent.CompletableFuture$Completion.exec(Unknown Source) [?:?]
	at java.base/java.util.concurrent.ForkJoinTask.doExec(Unknown Source) [?:?]
	at java.base/java.util.concurrent.ForkJoinPool$WorkQueue.topLevelExec(Unknown Source) [?:?]
	at java.base/java.util.concurrent.ForkJoinPool.scan(Unknown Source) [?:?]
	at java.base/java.util.concurrent.ForkJoinPool.runWorker(Unknown Source) [?:?]
	at java.base/java.util.concurrent.ForkJoinWorkerThread.run(Unknown Source) [?:?]
Caused by: java.nio.file.ClosedWatchServiceException
	at java.base/sun.nio.fs.AbstractPoller.invoke(Unknown Source) ~[?:?]
	at java.base/sun.nio.fs.AbstractPoller.register(Unknown Source) ~[?:?]
	at java.base/sun.nio.fs.WindowsWatchService.register(Unknown Source) ~[?:?]
	at java.base/sun.nio.fs.WindowsPath.register(Unknown Source) ~[?:?]
	at java.base/java.nio.file.Path.register(Unknown Source) ~[?:?]
	at TRANSFORMER/fzzy_config@0.7.6+1.21+neoforge/me.fzzyhmstrs.fzzy_config.util.ThreadingUtils.register(ThreadingUtils.kt:158) ~[fzzy_config-0.7.6+1.21+neoforge.jar%23850!/:?]
	at TRANSFORMER/fzzy_config@0.7.6+1.21+neoforge/me.fzzyhmstrs.fzzy_config.registry.SyncedConfigRegistry.registerConfig$fzzy_config(SyncedConfigRegistry.kt:383) ~[fzzy_config-0.7.6+1.21+neoforge.jar%23850!/:?]
	at TRANSFORMER/fzzy_config@0.7.6+1.21+neoforge/me.fzzyhmstrs.fzzy_config.impl.ConfigApiImpl.registerBoth(ConfigApiImpl.kt:165) ~[fzzy_config-0.7.6+1.21+neoforge.jar%23850!/:?]
	at TRANSFORMER/fzzy_config@0.7.6+1.21+neoforge/me.fzzyhmstrs.fzzy_config.impl.ConfigApiImpl.registerAndLoadBoth(ConfigApiImpl.kt:188) ~[fzzy_config-0.7.6+1.21+neoforge.jar%23850!/:?]
	at TRANSFORMER/fzzy_config@0.7.6+1.21+neoforge/me.fzzyhmstrs.fzzy_config.impl.ConfigApiImpl.registerAndLoadConfig$fzzy_config(ConfigApiImpl.kt:182) ~[fzzy_config-0.7.6+1.21+neoforge.jar%23850!/:?]
	at TRANSFORMER/fzzy_config@0.7.6+1.21+neoforge/me.fzzyhmstrs.fzzy_config.impl.ConfigApiImpl.registerAndLoadConfig$fzzy_config$default(ConfigApiImpl.kt:180) ~[fzzy_config-0.7.6+1.21+neoforge.jar%23850!/:?]
	at TRANSFORMER/fzzy_config@0.7.6+1.21+neoforge/me.fzzyhmstrs.fzzy_config.api.ConfigApi.registerAndLoadConfig(ConfigApi.kt:136) ~[fzzy_config-0.7.6+1.21+neoforge.jar%23850!/:?]
	at TRANSFORMER/fzzy_config@0.7.6+1.21+neoforge/me.fzzyhmstrs.fzzy_config.api.ConfigApiJava.registerAndLoadConfig(ConfigApiJava.kt:90) ~[fzzy_config-0.7.6+1.21+neoforge.jar%23850!/:?]
	at TRANSFORMER/immersive_paintings@0.7.6/net.conczin.immersive_paintings.registration.Configs.register(Configs.java:23) ~[?:?]
	at TRANSFORMER/immersive_paintings@0.7.6/net.conczin.immersive_paintings.registration.Configs.<clinit>(Configs.java:15) ~[?:?]
	... 15 more
[20Apr2026 18:10:51.355] [Worker-ResourceReload-8/INFO] [net.minecraft.client.gui.font.providers.UnihexProvider/]: Found unifont_jp_patch-15.1.05.hex, loading
[20Apr2026 18:10:51.385] [NeoForge Version Check/INFO] [net.neoforged.fml.VersionChecker/]: [attributefix] Found status: BETA Current: 21.1.3 Target: 21.1.3
[20Apr2026 18:10:51.385] [NeoForge Version Check/INFO] [net.neoforged.fml.VersionChecker/]: [mcwholidays] Starting version check at https://raw.githubusercontent.com/sketchmacaw/macawsmods/master/holidays.json
[20Apr2026 18:10:51.402] [NeoForge Version Check/INFO] [net.neoforged.fml.VersionChecker/]: [mcwholidays] Found status: UP_TO_DATE Current: 1.1.2 Target: null
[20Apr2026 18:10:51.402] [NeoForge Version Check/INFO] [net.neoforged.fml.VersionChecker/]: [botanypots] Starting version check at https://updates.blamejared.com/get?n=botanypots&gv=1.21.1&ml=neoforge
[20Apr2026 18:10:51.407] [Worker-ResourceReload-9/INFO] [cn.mcmod_mmf.mmlib.Main/]: Presented by Zaia
[20Apr2026 18:10:51.433] [NeoForge Version Check/INFO] [net.neoforged.fml.VersionChecker/]: [botanypots] Found status: BETA Current: 21.1.41 Target: 21.1.41
[20Apr2026 18:10:51.433] [NeoForge Version Check/INFO] [net.neoforged.fml.VersionChecker/]: [somemoreblocks] Starting version check at https://github.com/Seface-Studios/some-more-blocks/raw/refs/heads/1.21/.github/neoforge-update.json
[20Apr2026 18:10:51.492] [Worker-ResourceReload-5/INFO] [com.arcadia.ah.ArcadiaAH/]: [ArcadiaAH] Registered AH tab in ArcadiaModRegistry.
[20Apr2026 18:10:51.507] [Worker-ResourceReload-14/INFO] [com.klikli_dev.occultism.Occultism/]: Common setup complete.
[20Apr2026 18:10:51.531] [Worker-ResourceReload-5/INFO] [com.arcadia.pets.ArcadiaPets/]: [ArcadiaPets] Registered in ArcadiaModRegistry (tab, cards, actions, items).
[20Apr2026 18:10:51.554] [Worker-ResourceReload-5/INFO] [necronomicon/]: File exists, reading config for elocindev.offhandtickfix.config.entries.OffHandTickFixConfig.
[20Apr2026 18:10:51.554] [Worker-ResourceReload-5/INFO] [necronomicon/]: Config for elocindev.offhandtickfix.config.entries.OffHandTickFixConfig read successfully.
[20Apr2026 18:10:51.560] [Worker-Main-11/INFO] [net.minecraft.client.gui.font.providers.UnihexProvider/]: Found unifont_all_no_pua-15.1.05.hex, loading
[20Apr2026 18:10:51.565] [Worker-ResourceReload-6/INFO] [com.dimas_studio.tfbr.TFBR/]: Hello from Dimas Studios!
[20Apr2026 18:10:51.574] [NeoForge Version Check/INFO] [net.neoforged.fml.VersionChecker/]: [somemoreblocks] Found status: AHEAD Current: 1.1.5-HF Target: null
[20Apr2026 18:10:51.574] [NeoForge Version Check/INFO] [net.neoforged.fml.VersionChecker/]: [extradisks] Starting version check at https://assets.melanx.de/updates/extra-disks.json
[20Apr2026 18:10:51.589] [Worker-ResourceReload-2/INFO] [mekanism.common.Mekanism/]: Version 10.7.19 initializing...
[20Apr2026 18:10:51.647] [Worker-ResourceReload-10/INFO] [com.tom.createores.CreateOreExcavation/]: Create Ore Excavation starting
[20Apr2026 18:10:51.677] [Immersive Engineering Contributors Thread/INFO] [immersiveengineering/]: Attempting to download special revolvers from GitHub
[20Apr2026 18:10:51.697] [NeoForge Version Check/INFO] [net.neoforged.fml.VersionChecker/]: [extradisks] Found status: BETA Current: 1.21.1-4.0.14 Target: 1.21.1-4.0.14
[20Apr2026 18:10:51.697] [NeoForge Version Check/INFO] [net.neoforged.fml.VersionChecker/]: [emotecraft] Starting version check at https://api.modrinth.com/updates/emotecraft/forge_updates.json?neoforge=include
[20Apr2026 18:10:51.715] [Worker-ResourceReload-10/INFO] [com.vyrriox.rspolymorph.RsPolymorph/]: RS Polymorph initializing...
[20Apr2026 18:10:51.731] [Worker-ResourceReload-10/INFO] [com.connectivity.Connectivity/]: Connectivity initialized
[20Apr2026 18:10:51.763] [Worker-ResourceReload-6/INFO] [dev.averageanime.neoforge.CreateFood/]: Create: Food - Startup
[20Apr2026 18:10:51.842] [Worker-ResourceReload-11/WARN] [net.minecraft.client.renderer.texture.atlas.sources.SingleFile/]: Missing sprite: untitledduckmod:textures/entity/duck.png
[20Apr2026 18:10:51.843] [Worker-ResourceReload-11/WARN] [net.minecraft.client.renderer.texture.atlas.sources.SingleFile/]: Missing sprite: untitledduckmod:textures/entity/duck_female.png
[20Apr2026 18:10:51.843] [Worker-ResourceReload-11/WARN] [net.minecraft.client.renderer.texture.atlas.sources.SingleFile/]: Missing sprite: untitledduckmod:textures/entity/duck_campbell.png
[20Apr2026 18:10:51.843] [Worker-ResourceReload-11/WARN] [net.minecraft.client.renderer.texture.atlas.sources.SingleFile/]: Missing sprite: untitledduckmod:textures/entity/duck_pekin.png
[20Apr2026 18:10:51.843] [Worker-ResourceReload-11/WARN] [net.minecraft.client.renderer.texture.atlas.sources.SingleFile/]: Missing sprite: untitledduckmod:textures/entity/goose.png
[20Apr2026 18:10:51.843] [Worker-ResourceReload-11/WARN] [net.minecraft.client.renderer.texture.atlas.sources.SingleFile/]: Missing sprite: untitledduckmod:textures/entity/canadian_goose.png
[20Apr2026 18:10:51.844] [Worker-ResourceReload-11/WARN] [net.minecraft.client.renderer.texture.atlas.sources.SingleFile/]: Missing sprite: untitledduckmod:textures/entity/sus_goose.png
[20Apr2026 18:10:51.844] [Worker-ResourceReload-11/WARN] [net.minecraft.client.renderer.texture.atlas.sources.SingleFile/]: Missing sprite: untitledduckmod:textures/entity/ping_goose.png
[20Apr2026 18:10:51.844] [Worker-ResourceReload-11/WARN] [net.minecraft.client.renderer.texture.atlas.sources.SingleFile/]: Missing sprite: untitledduckmod:textures/entity/untitled_goose.png
[20Apr2026 18:10:51.859] [Worker-ResourceReload-9/INFO] [com.farsight.FarsightMod/]: farsight_view mod initialized
[20Apr2026 18:10:51.881] [Worker-ResourceReload-11/ERROR] [net.minecraft.Util/]: Invalid path in pack: dndecor:textures/block/old/zinc_catwalk - kopie.png, ignoring
[20Apr2026 18:10:51.935] [Worker-Main-1/INFO] [net.minecraft.client.gui.font.providers.UnihexProvider/]: Found unifont_jp_patch-15.1.05.hex, loading
[20Apr2026 18:10:51.982] [NeoForge Version Check/INFO] [net.neoforged.fml.VersionChecker/]: [emotecraft] Found status: OUTDATED Current: 2.4.12 Target: 2.4.12+1.21.1-forge
[20Apr2026 18:10:51.982] [NeoForge Version Check/INFO] [net.neoforged.fml.VersionChecker/]: [voicechat] Starting version check at https://update.maxhenkel.de/neoforge/voicechat
[20Apr2026 18:10:52.000] [Worker-ResourceReload-6/INFO] [FTB Library/]: Setting game stages provider implementation to: KubeJS Stages
[20Apr2026 18:10:52.001] [Worker-ResourceReload-6/INFO] [FTB XMod Compat/]: Chose [KubeJS Stages] as the active game stages implementation
[20Apr2026 18:10:52.004] [Worker-ResourceReload-6/ERROR] [FTB XMod Compat/]: Permissions implementation LUCKPERMS isn't available, falling back to default
[20Apr2026 18:10:52.017] [NeoForge Version Check/INFO] [net.neoforged.fml.VersionChecker/]: [voicechat] Found status: BETA Current: 1.21.1-2.6.16 Target: 1.21.1-2.6.16
[20Apr2026 18:10:52.017] [NeoForge Version Check/INFO] [net.neoforged.fml.VersionChecker/]: [trade_cycling] Starting version check at https://update.maxhenkel.de/neoforge/trade_cycling
[20Apr2026 18:10:52.017] [Worker-ResourceReload-6/INFO] [FTB XMod Compat/]: Chose [FALLBACK] as the active permissions implementation
[20Apr2026 18:10:52.038] [Worker-ResourceReload-6/INFO] [FTB Library/]: Setting permissions currency implementation to: <NONE>
[20Apr2026 18:10:52.040] [Worker-ResourceReload-6/INFO] [FTB XMod Compat/]: Chose [<NONE>] as the active currency implementation
[20Apr2026 18:10:52.049] [Worker-ResourceReload-6/INFO] [FTB XMod Compat/]: [FTB Quests] recipe helper provider is [JEI]
[20Apr2026 18:10:52.051] [NeoForge Version Check/INFO] [net.neoforged.fml.VersionChecker/]: [trade_cycling] Found status: BETA Current: 1.21.1-1.0.18 Target: 1.21.1-1.0.18
[20Apr2026 18:10:52.051] [NeoForge Version Check/INFO] [net.neoforged.fml.VersionChecker/]: [forgeconfigapiport] Starting version check at https://raw.githubusercontent.com/Fuzss/modresources/main/update/forgeconfigapiport.json
[20Apr2026 18:10:52.073] [Worker-ResourceReload-6/INFO] [FTB XMod Compat/]: [FTB Quests] Enabled FTB Filter System integration
[20Apr2026 18:10:52.081] [Worker-ResourceReload-6/INFO] [FTB XMod Compat/]: [FTB Chunks] Enabled Waystones integration
[20Apr2026 18:10:52.082] [NeoForge Version Check/INFO] [net.neoforged.fml.VersionChecker/]: [forgeconfigapiport] Found status: UP_TO_DATE Current: 21.1.6 Target: null
[20Apr2026 18:10:52.082] [NeoForge Version Check/INFO] [net.neoforged.fml.VersionChecker/]: [securitycraft] Starting version check at https://www.github.com/Geforce132/SecurityCraft/raw/master/Updates/Forge.json
[20Apr2026 18:10:52.381] [Worker-ResourceReload-7/ERROR] [net.minecraft.Util/]: Invalid path in pack: placeable_food:models/custom/pork_(5).json, ignoring
[20Apr2026 18:10:52.381] [Worker-ResourceReload-7/ERROR] [net.minecraft.Util/]: Invalid path in pack: placeable_food:models/custom/pork_(4).json, ignoring
[20Apr2026 18:10:52.381] [Worker-ResourceReload-7/ERROR] [net.minecraft.Util/]: Invalid path in pack: placeable_food:models/custom/pork_(3).json, ignoring
[20Apr2026 18:10:52.381] [Worker-ResourceReload-7/ERROR] [net.minecraft.Util/]: Invalid path in pack: placeable_food:models/custom/pork_(2).json, ignoring
[20Apr2026 18:10:52.381] [Worker-ResourceReload-7/ERROR] [net.minecraft.Util/]: Invalid path in pack: placeable_food:models/custom/pork_(1).json, ignoring
[20Apr2026 18:10:52.491] [NeoForge Version Check/INFO] [net.neoforged.fml.VersionChecker/]: [securitycraft] Found status: UP_TO_DATE Current: 1.10.1 Target: null
[20Apr2026 18:10:52.491] [NeoForge Version Check/INFO] [net.neoforged.fml.VersionChecker/]: [prism] Starting version check at https://mc-update-check.anthonyhilyard.com/638111
[20Apr2026 18:10:52.586] [Worker-ResourceReload-11/ERROR] [net.minecraft.Util/]: Invalid path in pack: create_things_and_misc:textures/item/vibration_mechanism2 copie.png, ignoring
[20Apr2026 18:10:52.777] [Worker-ResourceReload-2/INFO] [mekanism.common.Mekanism/]: Initialized HolidayManager.
[20Apr2026 18:10:52.844] [Worker-ResourceReload-2/INFO] [mekanism.common.Mekanism/]: Fake player readout: UUID = 46e82cd0-d480-3d48-800a-77431ede078e, name = [Mekanism]
[20Apr2026 18:10:52.844] [Worker-ResourceReload-2/INFO] [mekanism.common.Mekanism/]: Mod loaded.
[20Apr2026 18:10:52.844] [Worker-ResourceReload-2/INFO] [mekanism.common.Mekanism/]: Loaded 'Mekanism: Tools' module.
[20Apr2026 18:10:52.894] [Worker-ResourceReload-2/INFO] [mekanism.common.Mekanism/]: Loaded 'Mekanism: Generators' module.
[20Apr2026 18:10:53.160] [NeoForge Version Check/INFO] [net.neoforged.fml.VersionChecker/]: [prism] Found status: UP_TO_DATE Current: 1.0.11 Target: null
[20Apr2026 18:10:53.160] [NeoForge Version Check/INFO] [net.neoforged.fml.VersionChecker/]: [bookshelf] Starting version check at https://updates.blamejared.com/get?n=bookshelf&gv=1.21.1&ml=neoforge
[20Apr2026 18:10:53.195] [NeoForge Version Check/INFO] [net.neoforged.fml.VersionChecker/]: [bookshelf] Found status: BETA Current: 21.1.81 Target: 21.1.81
[20Apr2026 18:10:53.195] [NeoForge Version Check/INFO] [net.neoforged.fml.VersionChecker/]: [mcwdoors] Starting version check at https://raw.githubusercontent.com/sketchmacaw/macawsmods/master/doors.json
[20Apr2026 18:10:53.215] [NeoForge Version Check/INFO] [net.neoforged.fml.VersionChecker/]: [mcwdoors] Found status: AHEAD Current: 1.1.5 Target: null
[20Apr2026 18:10:53.216] [NeoForge Version Check/INFO] [net.neoforged.fml.VersionChecker/]: [create_connected] Starting version check at https://raw.githubusercontent.com/hlysine/create_connected/main/update.json
[20Apr2026 18:10:53.233] [NeoForge Version Check/INFO] [net.neoforged.fml.VersionChecker/]: [create_connected] Found status: UP_TO_DATE Current: 1.1.13-mc1.21.1 Target: null
[20Apr2026 18:10:53.233] [NeoForge Version Check/INFO] [net.neoforged.fml.VersionChecker/]: [chipped] Starting version check at https://api.modrinth.com/updates/BAscRYKm/forge_updates.json
[20Apr2026 18:10:53.342] [Worker-ResourceReload-8/WARN] [net.minecraft.client.renderer.texture.SpriteContents/]: Invalid frame index on sprite knightquest:item/great_essence frame 9: 9
[20Apr2026 18:10:53.396] [NeoForge Version Check/INFO] [net.neoforged.fml.VersionChecker/]: [chipped] Found status: BETA Current: 4.0.2 Target: null
[20Apr2026 18:10:53.396] [NeoForge Version Check/INFO] [net.neoforged.fml.VersionChecker/]: [mcwbridges] Starting version check at https://raw.githubusercontent.com/sketchmacaw/macawsmods/master/bridges.json
[20Apr2026 18:10:53.414] [NeoForge Version Check/INFO] [net.neoforged.fml.VersionChecker/]: [mcwbridges] Found status: AHEAD Current: 3.1.2 Target: null
[20Apr2026 18:10:53.414] [NeoForge Version Check/INFO] [net.neoforged.fml.VersionChecker/]: [copycats] Starting version check at https://raw.githubusercontent.com/copycats-plus/copycats/multiloader/update.json
[20Apr2026 18:10:53.431] [NeoForge Version Check/INFO] [net.neoforged.fml.VersionChecker/]: [copycats] Found status: AHEAD Current: 3.0.4+mc.1.21.1-neoforge Target: null
[20Apr2026 18:10:53.431] [NeoForge Version Check/INFO] [net.neoforged.fml.VersionChecker/]: [mcwpaintings] Starting version check at https://raw.githubusercontent.com/sketchmacaw/macawsmods/master/paintings.json
[20Apr2026 18:10:53.450] [NeoForge Version Check/INFO] [net.neoforged.fml.VersionChecker/]: [mcwpaintings] Found status: AHEAD Current: 1.1.0 Target: null
[20Apr2026 18:10:53.450] [NeoForge Version Check/INFO] [net.neoforged.fml.VersionChecker/]: [clumps] Starting version check at https://updates.blamejared.com/get?n=clumps&gv=1.21.1&ml=neoforge
[20Apr2026 18:10:53.494] [NeoForge Version Check/INFO] [net.neoforged.fml.VersionChecker/]: [clumps] Found status: BETA Current: 19.0.0.1 Target: 19.0.0.1
[20Apr2026 18:10:53.494] [NeoForge Version Check/INFO] [net.neoforged.fml.VersionChecker/]: [easy_villagers] Starting version check at https://update.maxhenkel.de/neoforge/easy_villagers
[20Apr2026 18:10:53.531] [NeoForge Version Check/INFO] [net.neoforged.fml.VersionChecker/]: [easy_villagers] Found status: BETA Current: 1.21.1-1.1.41 Target: 1.21.1-1.1.41
[20Apr2026 18:10:53.531] [NeoForge Version Check/INFO] [net.neoforged.fml.VersionChecker/]: [betterf3] Starting version check at https://api.modrinth.com/updates/betterf3/forge_updates.json
[20Apr2026 18:10:53.596] [Worker-ResourceReload-11/WARN] [net.minecraft.client.renderer.texture.SpriteContents/]: Invalid frame index on sprite knightquest:item/khopesh frame 9: 9
[20Apr2026 18:10:53.623] [Render thread/INFO] [net.minecraft.client.Minecraft/]: Stopping!
[20Apr2026 18:10:53.629] [Worker-ResourceReload-0/WARN] [net.minecraft.client.renderer.texture.SpriteContents/]: Unused frames in sprite irons_spellbooks:item/energized_core_energy: [11]
[20Apr2026 18:10:53.639] [Worker-ResourceReload-8/WARN] [net.minecraft.client.renderer.texture.SpriteContents/]: Invalid frame index on sprite ars_additions:item/undying_charm frame 1: 1
[20Apr2026 18:10:53.639] [Worker-ResourceReload-8/WARN] [net.minecraft.client.renderer.texture.SpriteContents/]: Invalid frame index on sprite ars_additions:item/undying_charm frame 2: 2
[20Apr2026 18:10:53.640] [Worker-ResourceReload-8/WARN] [net.minecraft.client.renderer.texture.SpriteContents/]: Invalid frame index on sprite ars_additions:item/undying_charm frame 3: 3
[20Apr2026 18:10:53.641] [Worker-ResourceReload-8/WARN] [net.minecraft.client.renderer.texture.SpriteContents/]: Invalid frame index on sprite ars_additions:item/undying_charm frame 4: 4
[20Apr2026 18:10:53.641] [Worker-ResourceReload-8/WARN] [net.minecraft.client.renderer.texture.SpriteContents/]: Invalid frame index on sprite ars_additions:item/undying_charm frame 5: 5
[20Apr2026 18:10:53.651] [Worker-ResourceReload-13/WARN] [net.minecraft.client.renderer.texture.SpriteContents/]: Invalid frame index on sprite knightquest:item/paladin_sword frame 8: 8
[20Apr2026 18:10:53.687] [NeoForge Version Check/INFO] [net.neoforged.fml.VersionChecker/]: [betterf3] Found status: UP_TO_DATE Current: 11.0.3 Target: null
[20Apr2026 18:10:53.687] [NeoForge Version Check/INFO] [net.neoforged.fml.VersionChecker/]: [mcwwindows] Starting version check at https://raw.githubusercontent.com/sketchmacaw/macawsmods/master/window.json
[20Apr2026 18:10:53.704] [NeoForge Version Check/INFO] [net.neoforged.fml.VersionChecker/]: [mcwwindows] Found status: UP_TO_DATE Current: 2.4.2 Target: null
[20Apr2026 18:10:53.704] [NeoForge Version Check/INFO] [net.neoforged.fml.VersionChecker/]: [create_jetpack] Starting version check at https://api.modrinth.com/updates/create-jetpack/forge_updates.json?neoforge=only
[20Apr2026 18:10:53.707] [Render thread/INFO] [fr.rakambda.fallingtree.common.network.PacketUtils/]: Disconnected from server, resetting proxy config values
[20Apr2026 18:10:53.729] [Render thread/INFO] [FluxNetworks/]: Released client Flux Networks cache
[20Apr2026 18:10:53.776] [Worker-ResourceReload-11/WARN] [net.minecraft.client.renderer.texture.SpriteContents/]: Invalid frame index on sprite knightquest:item/ratman_eye frame 10: 10
[20Apr2026 18:10:53.783] [Render thread/INFO] [de.keksuccino.fancymenu.customization.layer.ScreenCustomizationLayerHandler/]: [FANCYMENU] ScreenCustomizationLayer registered: progress_screen
[20Apr2026 18:10:53.841] [NeoForge Version Check/INFO] [net.neoforged.fml.VersionChecker/]: [create_jetpack] Found status: UP_TO_DATE Current: 5.1.2 Target: null
[20Apr2026 18:10:53.841] [NeoForge Version Check/INFO] [net.neoforged.fml.VersionChecker/]: [sound_physics_remastered] Starting version check at https://update.maxhenkel.de/neoforge/sound_physics_remastered
[20Apr2026 18:10:53.846] [Render thread/INFO] [FTB Chunks/]: Shutting down map thread
[20Apr2026 18:10:53.874] [NeoForge Version Check/INFO] [net.neoforged.fml.VersionChecker/]: [sound_physics_remastered] Found status: BETA Current: 1.21.1-1.5.1 Target: 1.21.1-1.5.1
[20Apr2026 18:10:53.874] [NeoForge Version Check/INFO] [net.neoforged.fml.VersionChecker/]: [resourcepackoverrides] Starting version check at https://raw.githubusercontent.com/Fuzss/modresources/main/update/resourcepackoverrides.json
[20Apr2026 18:10:53.885] [Ixeris Event Polling Thread/INFO] [me.decce.ixeris.core.Ixeris/]: Exiting event polling thread.
[20Apr2026 18:10:53.886] [Thread-15/INFO] [com.finchy.pipeorgans.PipeOrgans/]: Closing selected MIDI device...
[20Apr2026 18:10:53.887] [Thread-8/INFO] [watermedia/Bootstrap]: Shutting down...
[20Apr2026 18:10:53.889] [Thread-26/INFO] [io.github.tofodroid.mods.mimi.common.MIMIMod/]: Closing selected MIDI device...
[20Apr2026 18:10:53.890] [Thread-8/INFO] [watermedia/Bootstrap]: Releasing CacheAPI
[20Apr2026 18:10:53.890] [NeoForge Version Check/INFO] [net.neoforged.fml.VersionChecker/]: [resourcepackoverrides] Found status: UP_TO_DATE Current: 21.1.0 Target: null
[20Apr2026 18:10:53.890] [NeoForge Version Check/INFO] [net.neoforged.fml.VersionChecker/]: [guardvillagers] Starting version check at https://api.modrinth.com/updates/H1sntfo8/forge_updates.json
[20Apr2026 18:10:53.892] [CraftPresence/INFO] [craftpresence/]: Shutting down CraftPresence...
